amfi_code,date,nav
119551,,56.2934
119551,,56.5926
119551,,56.3908
119551,,56.1887
119551,,56.3378
119551,,55.4237
119551,,54.6151
119551,,54.373
119551,,53.9173
119551,,54.0948
119551,,53.6911
119551,,53.0538
119551,,53.7718
119551,,52.0451
119551,,52.9295
119551,,52.9506
119551,,52.486
119551,,52.8954
119551,,52.3559
119551,,52.4795
119551,,51.607
119551,,51.0323
119551,,51.1474
119551,,51.5081
119551,,50.4482
119551,,50.3031
119551,,50.0295
119551,,50.3261
119551,,50.8119
119551,,51.2574
119551,,50.9057
119551,,50.7933
119551,,50.9682
119551,,51.4351
119551,,51.2446
119551,,51.1872
119551,,50.7163
119551,,50.21
119551,,52.5694
119551,,53.3273
119551,,52.1363
119551,,52.5427
119551,,52.6102
119551,,52.4987
119551,,52.5683
119551,,51.6815
119551,,51.6081
119551,,51.7976
119551,,52.5042
119551,,52.2918
119551,,51.947
119551,,52.3863
119551,,51.7412
119551,,51.9032
119551,,52.0497
119551,,52.0789
119551,,51.9981
119551,,51.3796
119551,,51.2157
119551,,51.0875
119551,,50.7535
119551,,50.7075
119551,,50.9148
119551,,51.7955
119551,,52.5184
119551,,52.5294
119551,,52.0176
119551,,52.5716
119551,,52.9487
119551,,53.3469
119551,,52.9481
119551,,53.6349
119551,,53.0032
119551,,53.3057
119551,,54.3735
119551,,53.9284
119551,,53.6874
119551,,53.7624
119551,,52.5795
119551,,52.9854
119551,,52.4404
119551,,52.5728
119551,,53.2098
119551,,52.4879
119551,,52.6005
119551,,52.7484
119551,,53.1408
119551,,52.5914
119551,,52.0093
119551,,52.2762
119551,,52.4404
119551,,52.999
119551,,53.3957
119551,,53.9719
119551,,53.6103
119551,,54.0957
119551,,54.321
119551,,54.7445
119551,,55.6967
119551,,55.6049
119551,,55.265
119551,,54.8615
119551,,54.4963
119551,,54.4873
119551,,57.2772
119551,,56.7681
119551,,57.0396
119551,,56.9566
119551,,57.346
119551,,57.6156
119551,,57.6083
119551,,57.2092
119551,,56.4791
119551,,56.2861
119551,,56.7421
119551,,56.8787
119551,,56.2863
119551,,56.4014
119551,,57.4822
119551,,56.8173
119551,,56.3784
119551,,56.6643
119551,,56.951
119551,,57.2398
119551,,59.2487
119551,,59.5784
119551,,60.2091
119551,,60.7492
119551,,61.1307
119551,,60.9924
119551,,61.4337
119551,,61.0609
119551,,61.1271
119551,,60.5801
119551,,60.2302
119551,,60.6235
119551,,60.2653
119551,,60.4117
119551,,60.4671
119551,,60.1517
119551,,61.3315
119551,,61.7071
119551,,60.6461
119551,,60.7772
119551,,60.3344
119551,,60.0187
119551,,60.992
119551,,61.2418
119551,,60.5958
119551,,61.1198
119551,,62.3067
119551,,62.909
119551,,62.1037
119551,,61.871
119551,,62.5984
119551,,62.2411
119551,,62.5174
119551,,62.9784
119551,,59.5881
119551,,60.3815
119551,,59.6525
119551,,60.2986
119551,,60.3352
119551,,59.8461
119551,,60.1215
119551,,60.2582
119551,,59.971
119551,,60.0389
119551,,59.8661
119551,,59.9569
119551,,60.3392
119551,,60.8427
119551,,60.61
119551,,60.3269
119551,,60.812
119551,,61.0353
119551,,60.6947
119551,,61.2097
119551,,61.4075
119551,,61.8812
119551,,62.2579
119551,,61.8363
119551,,61.5633
119551,,63.099
119551,,63.7463
119551,,64.2452
119551,,64.7412
119551,,65.5247
119551,,65.5706
119551,,66.0002
119551,,65.8538
119551,,66.0764
119551,,66.0347
119551,,66.1253
119551,,66.5076
119551,,66.0635
119551,,67.3286
119551,,66.7683
119551,,67.3619
119551,,67.9788
119551,,67.9257
119551,,67.4678
119551,,67.3115
119551,,67.592
119551,,67.2915
119551,,66.8398
119551,,67.0181
119551,,67.1977
119551,,66.9325
119551,,66.6894
119551,,65.8423
119551,,65.8655
119551,,65.732
119551,,65.9533
119551,,65.5077
119551,,65.8424
119551,,66.7729
119551,,66.7433
119551,,67.0147
119551,,67.4587
119551,,67.2551
119551,,67.4229
119551,,67.4652
119551,,70.5329
119551,,70.6835
119551,,72.099
119551,,71.6238
119551,,71.132
119551,,70.7935
119551,,69.5157
119551,,69.2298
119551,,68.8034
119551,,68.9302
119551,,69.174
119551,,70.3644
119551,,70.9932
119551,,70.6694
119551,,71.2122
119551,,72.031
119551,,71.0619
119551,,70.7237
119551,,70.7635
119551,,70.8294
119551,,70.5852
119551,,71.0106
119551,,70.3814
119551,,70.3294
119551,,70.4404
119551,,70.7972
119551,,71.2797
119551,,73.6843
119551,,74.8724
119551,,74.7468
119551,,75.4289
119551,,75.8986
119551,,76.8599
119551,,76.2479
119551,,76.7502
119551,,77.51
119551,,76.3564
119551,,75.6027
119551,,74.2935
119551,,74.1555
119551,,74.6647
119551,,73.9285
119551,,73.9086
119551,,73.1009
119551,,73.5718
119551,,73.8482
119551,,73.2764
119551,,72.9827
119551,,72.3414
119551,,72.3387
119551,,72.9883
119551,,72.3939
119551,,72.7539
119551,,72.4519
119551,,71.3738
119551,,71.2716
119551,,71.6957
119551,,72.2135
119551,,71.9135
119551,,71.5862
119551,,71.4496
119551,,70.0498
119551,,69.1557
119551,,70.0305
119551,,71.0905
119551,,70.9712
119551,,71.3698
119551,,71.6037
119551,,71.2333
119551,,70.5935
119551,,71.6887
119551,,72.2856
119551,,72.3178
119551,,73.3057
119551,,73.3935
119551,,72.8758
119551,,73.8994
119551,,74.2898
119551,,73.6513
119551,,73.5657
119551,,73.0374
119551,,72.1091
119551,,72.1772
119551,,71.6871
119551,,71.8954
119551,,71.9007
119551,,71.7863
119551,,71.2508
119551,,70.9259
119551,,71.4368
119551,,71.7901
119551,,71.2106
119551,,71.3097
119551,,71.8209
119551,,68.8876
119551,,67.9206
119551,,67.916
119551,,67.2292
119551,,66.8783
119551,,66.9408
119551,,66.4691
119551,,66.2782
119551,,66.9035
119551,,66.5983
119551,,67.1256
119551,,66.4945
119551,,66.8403
119551,,66.1201
119551,,66.8391
119551,,67.0238
119551,,67.2583
119551,,67.049
119551,,66.7958
119551,,66.5758
119551,,66.8423
119551,,66.6289
119551,,66.8339
119551,,68.1035
119551,,68.6642
119551,,68.5024
119551,,67.348
119551,,67.2526
119551,,67.7813
119551,,66.5067
119551,,66.6794
119551,,67.1689
119551,,66.3329
119551,,67.04
119551,,67.2751
119551,,67.0637
119551,,67.4738
119551,,68.8742
119551,,69.0203
119551,,69.3197
119551,,69.1906
119551,,68.6314
119551,,68.3982
119551,,68.6616
119551,,69.1572
119551,,68.6324
119551,,69.1965
119551,,70.0649
119551,,70.3571
119551,,71.5683
119551,,71.1182
119551,,71.9556
119551,,72.0622
119551,,72.5624
119551,,72.9085
119551,,73.0902
119551,,72.6199
119551,,72.9601
119551,,74.2195
119551,,75.1442
119551,,76.2468
119551,,75.9429
119551,,75.3219
119551,,75.2772
119551,,75.3531
119551,,76.123
119551,,73.9514
119551,,73.1493
119551,,72.9706
119551,,74.0908
119551,,73.9595
119551,,73.0232
119551,,72.9027
119551,,72.7651
119551,,71.0916
119551,,71.0942
119551,,70.9862
119551,,71.4602
119551,,74.2523
119551,,73.9332
119551,,73.95
119551,,73.6344
119551,,73.2107
119551,,73.3172
119551,,73.1903
119551,,74.2058
119551,,72.5285
119551,,73.2678
119551,,74.1156
119551,,72.8103
119551,,72.628
119551,,72.8919
119551,,72.5929
119551,,72.9445
119551,,72.1998
119551,,72.6927
119551,,72.5762
119551,,72.374
119551,,72.8668
119551,,73.1906
119551,,72.9956
119551,,73.7839
119551,,73.1214
119551,,73.5577
119551,,73.9816
119551,,72.0158
119551,,72.4391
119551,,71.6627
119551,,72.8179
119551,,71.53
119551,,72.6457
119551,,72.8185
119551,,72.794
119551,,72.4824
119551,,72.7755
119551,,72.7889
119551,,73.5385
119551,,72.5136
119551,,72.5628
119551,,72.8231
119551,,72.5147
119551,,72.0558
119551,,72.2176
119551,,71.6341
119551,,71.9296
119551,,70.8942
119551,,71.5775
119551,,71.9135
119551,,72.1133
119551,,72.7785
119551,,73.8935
119551,,71.9926
119551,,71.6423
119551,,70.7956
119551,,70.2577
119551,,69.461
119551,,68.9013
119551,,69.5804
119551,,69.0359
119551,,70.6938
119551,,71.0386
119551,,71.1912
119551,,70.6908
119551,,71.1655
119551,,75.0079
119551,,75.5165
119551,,75.1816
119551,,75.6411
119551,,76.3321
119551,,76.7914
119551,,75.7744
119551,,75.3289
119551,,75.2034
119551,,75.1929
119551,,75.6446
119551,,75.8023
119551,,74.9535
119551,,77.0646
119551,,77.2457
119551,,77.4709
119551,,76.643
119551,,75.9549
119551,,76.7032
119551,,76.716
119551,,77.2183
119551,,77.2775
119551,,77.3376
119551,,78.0205
119551,,77.7063
119551,,77.8123
119551,,77.5357
119551,,77.279
119551,,78.1968
119551,,78.9524
119551,,77.965
119551,,78.1891
119551,,78.8457
119551,,78.9436
119551,,79.73
119551,,79.4081
119551,,80.4427
119551,,82.1327
119551,,81.9125
119551,,81.6334
119551,,80.4183
119551,,80.4352
119551,,80.6431
119551,,81.7956
119551,,81.1204
119551,,81.8699
119551,,81.7577
119551,,81.7642
119551,,82.2947
119551,,81.5259
119551,,81.8436
119551,,82.0061
119551,,82.4055
119551,,84.156
119551,,83.5836
119551,,83.9751
119551,,83.6103
119551,,84.1217
119551,,84.3159
119551,,83.2392
119551,,84.4265
119551,,85.8186
119551,,85.4001
119551,,85.1525
119551,,85.4115
119551,,85.708
119551,,86.7373
119551,,86.9535
119551,,86.9857
119551,,87.9475
119551,,89.9759
119551,,89.6018
119551,,89.262
119551,,90.1342
119551,,90.7247
119551,,92.2619
119551,,92.7861
119551,,92.5403
119551,,93.0716
119551,,94.0346
119551,,99.6254
119551,,100.0015
119551,,99.7066
119551,,99.7833
119551,,100.9668
119551,,101.1893
119551,,101.283
119551,,100.1272
119551,,100.8404
119551,,101.4684
119551,,103.4762
119551,,103.2489
119551,,107.363
119551,,106.4503
119551,,106.6302
119551,,106.0286
119551,,107.2072
119551,,105.8313
119551,,105.3653
119551,,105.7709
119551,,107.2967
119551,,107.2898
119551,,106.8209
119551,,108.6639
119551,,107.3404
119551,,105.3333
119551,,105.4017
119551,,105.3639
119551,,107.1491
119551,,106.1974
119551,,104.8323
119551,,104.2483
119551,,104.2602
119551,,104.5381
119551,,104.3698
119551,,104.7483
119551,,103.652
119551,,105.0344
119551,,105.0125
119551,,112.4959
119551,,111.8846
119551,,113.7344
119551,,113.7528
119551,,112.3845
119551,,112.5695
119551,,111.9532
119551,,112.8445
119551,,112.2547
119551,,111.8716
119551,,110.0796
119551,,109.6979
119551,,106.1889
119551,,107.6618
119551,,108.554
119551,,108.3986
119551,,108.4803
119551,,108.7359
119551,,106.8506
119551,,106.6729
119551,,106.088
119551,,105.2092
119551,,105.0029
119551,,106.7359
119551,,107.3963
119551,,106.9118
119551,,107.5085
119551,,113.2853
119551,,112.81
119551,,114.1872
119551,,114.4454
119551,,116.6194
119551,,115.9725
119551,,117.8225
119551,,118.0892
119551,,117.4733
119551,,117.0334
119551,,116.7635
119551,,117.2615
119551,,121.8644
119551,,120.1462
119551,,120.6322
119551,,121.3853
119551,,120.9315
119551,,122.6852
119551,,121.4287
119551,,119.9324
119551,,120.2321
119551,,121.4101
119551,,123.2902
119551,,122.8556
119551,,124.0939
119551,,127.3106
119551,,127.9325
119551,,128.2931
119551,,127.7379
119551,,127.049
119551,,127.0859
119551,,128.4734
119551,,129.1574
119551,,128.8023
119551,,129.7489
119551,,126.5952
119551,,127.9503
119551,,126.0672
119551,,125.7297
119551,,125.0997
119551,,124.6204
119551,,122.9848
119551,,122.5845
119551,,124.2819
119551,,125.2819
119551,,124.9617
119551,,124.6417
119551,,124.3528
119551,,126.7167
119551,,127.2098
119551,,130.888
119551,,130.8623
119551,,131.0207
119551,,128.7984
119551,,129.9105
119551,,130.3753
119551,,131.5958
119551,,128.3432
119551,,130.7964
119551,,130.7029
119551,,132.0546
119551,,130.9166
119551,,131.6939
119551,,134.8331
119551,,137.7927
119551,,137.7937
119551,,138.1096
119551,,139.4671
119551,,140.9062
119551,,142.4626
119551,,143.3412
119551,,141.9768
119551,,144.1112
119551,,142.7352
119551,,143.1905
119551,,142.3145
119551,,142.3075
119551,,147.8697
119551,,148.7275
119551,,149.7273
119551,,149.412
119551,,151.3138
119551,,151.1916
119551,,151.4373
119551,,151.2843
119551,,151.3832
119551,,150.004
119551,,148.1874
119551,,150.3635
119551,,149.3216
119552,,59.2216
119552,,59.0827
119552,,57.8244
119552,,59.035
119552,,58.3461
119552,,57.5352
119552,,58.0864
119552,,59.3804
119552,,60.1408
119552,,60.4718
119552,,60.8212
119552,,61.3123
119552,,61.7559
119552,,59.7045
119552,,60.4732
119552,,60.9964
119552,,60.1884
119552,,59.6962
119552,,60.2246
119552,,59.7358
119552,,59.6484
119552,,59.9693
119552,,59.4901
119552,,59.5761
119552,,59.6092
119552,,59.4145
119552,,59.5093
119552,,59.826
119552,,59.8827
119552,,59.935
119552,,59.5958
119552,,59.279
119552,,58.5805
119552,,59.5221
119552,,58.9031
119552,,58.5744
119552,,58.2345
119552,,58.7262
119552,,59.8507
119552,,60.1005
119552,,60.0333
119552,,59.9956
119552,,60.0497
119552,,60.0029
119552,,60.5463
119552,,61.7701
119552,,61.4989
119552,,60.7918
119552,,60.7758
119552,,62.2064
119552,,61.799
119552,,63.2977
119552,,62.6505
119552,,62.7016
119552,,62.3094
119552,,62.4703
119552,,61.6507
119552,,61.8628
119552,,62.3514
119552,,61.2962
119552,,61.5305
119552,,62.2324
119552,,61.6038
119552,,62.5515
119552,,62.1078
119552,,62.0789
119552,,61.6178
119552,,61.251
119552,,61.9543
119552,,62.5857
119552,,62.9553
119552,,62.3839
119552,,62.2422
119552,,62.9441
119552,,63.0554
119552,,64.3916
119552,,64.6487
119552,,64.7917
119552,,63.8939
119552,,63.3078
119552,,62.1492
119552,,62.3947
119552,,63.8147
119552,,63.8442
119552,,64.3512
119552,,64.4309
119552,,64.408
119552,,64.9656
119552,,64.833
119552,,65.0196
119552,,65.238
119552,,65.9491
119552,,66.4607
119552,,67.3153
119552,,67.6822
119552,,67.7233
119552,,66.9788
119552,,66.3869
119552,,66.2426
119552,,65.9214
119552,,65.8468
119552,,65.9137
119552,,66.2565
119552,,66.2495
119552,,66.342
119552,,66.2514
119552,,67.1628
119552,,67.2856
119552,,67.1205
119552,,66.7928
119552,,66.6493
119552,,66.4558
119552,,66.5901
119552,,66.7189
119552,,66.7551
119552,,67.0474
119552,,67.7901
119552,,68.3954
119552,,64.9613
119552,,64.6652
119552,,63.2369
119552,,62.9655
119552,,63.216
119552,,62.4291
119552,,62.5624
119552,,62.5862
119552,,62.9392
119552,,63.0382
119552,,62.5318
119552,,63.2277
119552,,63.172
119552,,62.1285
119552,,61.7949
119552,,62.3964
119552,,62.0961
119552,,63.1367
119552,,63.5481
119552,,63.3079
119552,,64.5572
119552,,64.2464
119552,,64.7016
119552,,64.9061
119552,,65.6894
119552,,66.6346
119552,,66.7578
119552,,66.2224
119552,,66.9617
119552,,66.6093
119552,,66.0312
119552,,66.3786
119552,,67.111
119552,,67.5727
119552,,68.2041
119552,,67.7854
119552,,66.9752
119552,,67.903
119552,,67.7449
119552,,67.6301
119552,,72.4055
119552,,72.7876
119552,,73.5173
119552,,73.3189
119552,,72.8158
119552,,72.1851
119552,,70.9807
119552,,72.3169
119552,,71.6537
119552,,71.5509
119552,,71.4133
119552,,71.6441
119552,,72.1986
119552,,74.901
119552,,75.7193
119552,,75.8794
119552,,75.0552
119552,,75.3591
119552,,74.9661
119552,,74.6559
119552,,75.0817
119552,,75.9453
119552,,75.9988
119552,,76.2454
119552,,77.4385
119552,,81.0244
119552,,80.1956
119552,,80.0892
119552,,79.5317
119552,,79.1664
119552,,79.6195
119552,,80.8424
119552,,81.1662
119552,,80.3561
119552,,80.7134
119552,,81.6118
119552,,81.2159
119552,,81.1619
119552,,81.2143
119552,,80.6957
119552,,82.0051
119552,,82.2102
119552,,82.9319
119552,,81.9432
119552,,80.7222
119552,,79.6845
119552,,80.6183
119552,,80.2683
119552,,82.1422
119552,,81.7766
119552,,81.9521
119552,,83.1171
119552,,87.88
119552,,88.467
119552,,89.2615
119552,,89.3772
119552,,90.5962
119552,,89.7349
119552,,89.6279
119552,,89.1091
119552,,87.6995
119552,,87.6808
119552,,87.6319
119552,,88.8552
119552,,89.397
119552,,93.0775
119552,,94.4016
119552,,94.044
119552,,93.168
119552,,93.332
119552,,91.9351
119552,,92.245
119552,,92.1726
119552,,91.8419
119552,,90.606
119552,,91.0643
119552,,90.6842
119552,,89.7997
119552,,87.5988
119552,,90.2743
119552,,91.3035
119552,,91.2699
119552,,91.1532
119552,,90.4967
119552,,89.8856
119552,,89.7525
119552,,90.0902
119552,,90.8659
119552,,90.2711
119552,,91.5145
119552,,91.343
119552,,91.3729
119552,,89.806
119552,,88.8639
119552,,89.1402
119552,,88.1256
119552,,88.5345
119552,,88.5523
119552,,87.345
119552,,88.2923
119552,,87.7675
119552,,87.1875
119552,,87.3869
119552,,88.3222
119552,,87.5797
119552,,87.6725
119552,,85.5035
119552,,86.2323
119552,,84.4975
119552,,83.7916
119552,,84.2938
119552,,85.8816
119552,,85.9417
119552,,85.4358
119552,,85.3421
119552,,86.4277
119552,,85.9811
119552,,85.4213
119552,,85.1023
119552,,85.2672
119552,,87.7477
119552,,88.0246
119552,,87.4881
119552,,87.2047
119552,,88.1379
119552,,88.2715
119552,,87.2038
119552,,87.959
119552,,87.4874
119552,,88.9907
119552,,89.8887
119552,,89.581
119552,,91.1867
119552,,90.4685
119552,,90.8539
119552,,92.5694
119552,,91.7493
119552,,91.8163
119552,,93.0149
119552,,92.9976
119552,,93.4175
119552,,92.5941
119552,,92.9925
119552,,92.887
119552,,93.7464
119552,,94.7821
119552,,99.398
119552,,98.5704
119552,,99.6177
119552,,100.8336
119552,,100.7806
119552,,98.9633
119552,,98.485
119552,,99.6694
119552,,99.7007
119552,,98.8769
119552,,98.4885
119552,,99.2726
119552,,99.8039
119552,,103.1374
119552,,103.1686
119552,,102.4025
119552,,102.7488
119552,,101.7384
119552,,102.8627
119552,,102.495
119552,,102.7299
119552,,103.04
119552,,102.8581
119552,,103.445
119552,,103.0658
119552,,103.9144
119552,,104.9284
119552,,105.5718
119552,,106.6651
119552,,107.1065
119552,,106.9341
119552,,107.6257
119552,,109.5007
119552,,109.4291
119552,,108.5486
119552,,109.6702
119552,,109.6104
119552,,107.5856
119552,,108.4486
119552,,110.0765
119552,,110.7326
119552,,109.8795
119552,,110.9942
119552,,110.5278
119552,,111.3757
119552,,111.7947
119552,,113.6804
119552,,113.5152
119552,,113.2244
119552,,113.2634
119552,,113.0193
119552,,113.8781
119552,,113.7138
119552,,114.7552
119552,,115.3229
119552,,115.5755
119552,,116.6605
119552,,113.971
119552,,114.7135
119552,,114.1126
119552,,112.343
119552,,112.9089
119552,,114.344
119552,,114.2644
119552,,118.5477
119552,,120.9016
119552,,120.7765
119552,,120.9702
119552,,121.6227
119552,,121.7323
119552,,123.6295
119552,,123.0159
119552,,123.2908
119552,,122.5493
119552,,121.1935
119552,,120.6035
119552,,120.6264
119552,,120.2325
119552,,119.5622
119552,,115.5963
119552,,117.0313
119552,,115.1712
119552,,115.3476
119552,,115.2443
119552,,115.9884
119552,,116.2667
119552,,115.5578
119552,,115.2926
119552,,114.5451
119552,,115.6969
119552,,115.7784
119552,,112.2406
119552,,112.444
119552,,114.1131
119552,,115.0785
119552,,114.8656
119552,,114.0251
119552,,111.9394
119552,,111.2891
119552,,111.1394
119552,,110.2328
119552,,110.1621
119552,,110.2937
119552,,110.132
119552,,111.7653
119552,,112.7669
119552,,113.1111
119552,,112.5599
119552,,112.9776
119552,,111.9015
119552,,112.0664
119552,,112.0914
119552,,111.9436
119552,,111.8745
119552,,110.0899
119552,,109.6149
119552,,109.7613
119552,,109.9729
119552,,113.1293
119552,,112.5202
119552,,113.9693
119552,,113.777
119552,,114.1259
119552,,114.4472
119552,,114.3707
119552,,115.2509
119552,,116.1201
119552,,114.4022
119552,,115.7855
119552,,114.1592
119552,,117.3227
119552,,116.8027
119552,,116.6475
119552,,114.9878
119552,,114.2324
119552,,115.268
119552,,116.9824
119552,,115.7756
119552,,115.2317
119552,,115.2643
119552,,115.6091
119552,,114.8458
119552,,115.3356
119552,,114.9139
119552,,116.3417
119552,,116.979
119552,,116.7347
119552,,117.5151
119552,,117.2301
119552,,118.5103
119552,,118.9587
119552,,118.9075
119552,,119.4395
119552,,117.857
119552,,116.7518
119552,,115.5886
119552,,115.7941
119552,,117.1242
119552,,115.1568
119552,,115.9787
119552,,114.946
119552,,115.2482
119552,,117.4362
119552,,116.548
119552,,114.0348
119552,,113.8063
119552,,114.9759
119552,,117.0393
119552,,115.8368
119552,,116.4053
119552,,119.8533
119552,,119.5016
119552,,119.8474
119552,,119.5469
119552,,120.266
119552,,119.9365
119552,,120.3981
119552,,120.4292
119552,,121.6939
119552,,121.7015
119552,,119.8751
119552,,121.2792
119552,,120.3764
119552,,119.7461
119552,,119.1802
119552,,125.191
119552,,125.8709
119552,,126.0354
119552,,125.8811
119552,,125.7782
119552,,125.6269
119552,,126.9548
119552,,127.687
119552,,124.4826
119552,,125.2694
119552,,125.5495
119552,,125.5935
119552,,125.2928
119552,,126.4156
119552,,127.0544
119552,,127.9355
119552,,128.5855
119552,,127.9261
119552,,128.4806
119552,,129.4575
119552,,130.3888
119552,,131.8312
119552,,132.7257
119552,,133.2064
119552,,134.5389
119552,,128.9263
119552,,128.9942
119552,,128.1341
119552,,128.9477
119552,,130.0855
119552,,128.3204
119552,,127.5259
119552,,126.7291
119552,,125.7479
119552,,126.7365
119552,,126.5853
119552,,126.3555
119552,,124.2062
119552,,123.4163
119552,,124.8366
119552,,125.1322
119552,,124.6551
119552,,125.6103
119552,,124.6007
119552,,125.1899
119552,,125.8141
119552,,127.0615
119552,,130.259
119552,,130.7781
119552,,130.2595
119552,,130.2974
119552,,128.3465
119552,,127.4734
119552,,128.4706
119552,,127.5577
119552,,126.8849
119552,,126.6108
119552,,125.1814
119552,,124.3444
119552,,123.8871
119552,,124.9106
119552,,125.2648
119552,,125.5436
119552,,126.5545
119552,,127.8543
119552,,129.3225
119552,,129.4904
119552,,129.7829
119552,,129.1444
119552,,128.8514
119552,,129.6199
119552,,131.071
119552,,130.9775
119552,,130.5258
119552,,130.5938
119552,,131.3558
119552,,129.7607
119552,,127.225
119552,,127.616
119552,,126.4059
119552,,127.6354
119552,,127.616
119552,,128.4391
119552,,127.2963
119552,,125.6287
119552,,126.6034
119552,,127.09
119552,,126.148
119552,,125.2488
119552,,126.5634
119552,,125.3073
119552,,126.259
119552,,126.0697
119552,,125.0335
119552,,122.3028
119552,,122.1599
119552,,124.8514
119552,,125.7832
119552,,125.8267
119552,,125.6001
119552,,125.6898
119552,,126.3629
119552,,125.1183
119552,,129.4618
119552,,129.645
119552,,131.496
119552,,130.134
119552,,128.5269
119552,,128.7802
119552,,128.9045
119552,,129.1683
119552,,129.5133
119552,,129.3253
119552,,131.1034
119552,,129.3321
119552,,128.4568
119552,,128.4061
119552,,126.624
119552,,127.7185
119552,,128.4144
119552,,127.2275
119552,,127.5701
119552,,128.198
119552,,129.5604
119552,,131.4468
119552,,130.3425
119552,,129.4805
119552,,128.1185
119552,,127.9203
119552,,128.5138
119552,,132.0275
119552,,131.6799
119552,,131.5384
119552,,133.2094
119552,,130.7035
119552,,132.5514
119552,,130.9648
119552,,130.7246
119552,,130.2979
119552,,131.0435
119552,,129.2762
119552,,129.8712
119552,,132.2788
119552,,132.9757
119552,,133.8916
119552,,132.4414
119552,,131.3968
119552,,132.0134
119552,,133.8217
119552,,134.3113
119552,,134.0101
119552,,134.0784
119552,,132.6764
119552,,133.4545
119552,,134.5664
119552,,134.1001
119552,,133.6142
119552,,134.9267
119552,,136.5786
119552,,138.3707
119552,,137.7109
119552,,135.5325
119552,,136.8127
119552,,136.0593
119552,,137.082
119552,,134.7903
119552,,135.9257
119552,,134.5509
119552,,138.616
119552,,138.8152
119552,,137.7903
119552,,136.2535
119552,,136.0966
119552,,137.2781
119552,,137.1945
119552,,139.1069
119552,,137.4088
119552,,137.4651
119552,,136.0253
119552,,136.5326
119552,,137.6757
119552,,138.3804
119552,,136.297
119552,,136.7523
119552,,136.2159
119552,,136.1882
119552,,136.6769
119552,,136.1611
119552,,135.422
119552,,135.5327
119552,,134.3086
119552,,133.0972
119552,,133.9661
119552,,132.6842
119552,,133.535
119552,,132.7461
119552,,132.1166
119552,,133.8533
119552,,135.992
119552,,137.2419
119552,,137.416
119552,,136.5104
119552,,135.5842
119552,,136.2807
119552,,136.8551
119552,,138.6287
119552,,139.4982
119552,,137.7323
119598,,97.8131
119598,,99.2767
119598,,98.8629
119598,,101.7866
119598,,102.2453
119598,,103.14
119598,,104.3183
119598,,105.105
119598,,106.5959
119598,,105.6569
119598,,104.8234
119598,,103.1129
119598,,103.9198
119598,,110.5035
119598,,110.4754
119598,,107.9601
119598,,107.4485
119598,,109.061
119598,,110.1495
119598,,111.1184
119598,,111.3027
119598,,111.4123
119598,,110.356
119598,,111.6747
119598,,111.5076
119598,,112.6947
119598,,114.0139
119598,,111.6849
119598,,113.9365
119598,,114.5062
119598,,113.9416
119598,,114.2989
119598,,111.243
119598,,112.059
119598,,110.3534
119598,,108.1218
119598,,105.6526
119598,,107.6142
119598,,105.4921
119598,,106.4219
119598,,108.4058
119598,,111.004
119598,,110.4733
119598,,108.2846
119598,,107.6758
119598,,108.2125
119598,,106.6756
119598,,105.1714
119598,,105.8347
119598,,105.846
119598,,105.9932
119598,,98.8365
119598,,96.69
119598,,95.3797
119598,,93.9655
119598,,94.355
119598,,94.5406
119598,,93.5538
119598,,93.8966
119598,,93.173
119598,,92.8563
119598,,95.4192
119598,,97.5401
119598,,95.6475
119598,,99.6414
119598,,100.5984
119598,,101.2277
119598,,101.9415
119598,,99.9212
119598,,101.6717
119598,,103.6522
119598,,103.3686
119598,,103.3881
119598,,101.0131
119598,,101.9234
119598,,102.9356
119598,,102.9247
119598,,104.8549
119598,,104.9577
119598,,104.3293
119598,,101.8116
119598,,104.7472
119598,,107.1446
119598,,105.0778
119598,,106.3181
119598,,105.5714
119598,,106.103
119598,,106.6889
119598,,106.3886
119598,,105.1753
119598,,104.1285
119598,,105.7067
119598,,107.0437
119598,,107.9539
119598,,105.9626
119598,,107.5168
119598,,109.125
119598,,107.9153
119598,,108.0741
119598,,109.3388
119598,,109.0741
119598,,111.0298
119598,,115.3417
119598,,114.0223
119598,,117.3626
119598,,121.2095
119598,,119.8595
119598,,118.9304
119598,,120.6566
119598,,120.028
119598,,120.0469
119598,,120.1998
119598,,116.7222
119598,,116.7987
119598,,115.6378
119598,,114.8434
119598,,117.5869
119598,,115.3836
119598,,119.9775
119598,,118.0476
119598,,116.6248
119598,,122.2757
119598,,124.8051
119598,,122.2844
119598,,119.8685
119598,,120.8871
119598,,122.04
119598,,123.207
119598,,122.8205
119598,,122.6851
119598,,123.428
119598,,127.2945
119598,,128.2514
119598,,129.596
119598,,133.979
119598,,131.7289
119598,,132.8311
119598,,131.0216
119598,,132.2883
119598,,130.502
119598,,129.7603
119598,,129.2714
119598,,131.388
119598,,133.4187
119598,,129.8872
119598,,128.8495
119598,,131.0532
119598,,135.5535
119598,,132.3252
119598,,128.5772
119598,,132.5377
119598,,133.4699
119598,,131.7722
119598,,133.0024
119598,,127.7061
119598,,127.8244
119598,,128.5983
119598,,130.5978
119598,,126.4126
119598,,126.5992
119598,,123.8519
119598,,123.3764
119598,,123.3866
119598,,128.698
119598,,126.5744
119598,,129.64
119598,,131.8063
119598,,132.5058
119598,,136.3459
119598,,137.267
119598,,138.2315
119598,,140.4075
119598,,139.5217
119598,,139.5494
119598,,139.799
119598,,141.8032
119598,,136.9928
119598,,135.8086
119598,,136.3802
119598,,139.1037
119598,,138.1508
119598,,134.2449
119598,,135.6799
119598,,131.221
119598,,129.0034
119598,,128.707
119598,,128.8062
119598,,130.1402
119598,,131.632
119598,,130.2325
119598,,130.5147
119598,,131.5728
119598,,134.7418
119598,,136.364
119598,,138.1897
119598,,138.4931
119598,,141.7275
119598,,142.7697
119598,,147.5352
119598,,151.6707
119598,,154.3866
119598,,154.9861
119598,,157.4381
119598,,155.0341
119598,,156.1449
119598,,160.7984
119598,,160.3872
119598,,158.3986
119598,,156.9172
119598,,154.3822
119598,,157.6162
119598,,155.0643
119598,,157.391
119598,,157.9553
119598,,159.4767
119598,,156.6881
119598,,154.6298
119598,,156.2274
119598,,154.0459
119598,,155.3093
119598,,152.1339
119598,,154.3143
119598,,151.4801
119598,,148.3219
119598,,144.8379
119598,,145.1822
119598,,144.7074
119598,,146.3911
119598,,145.8237
119598,,145.1958
119598,,147.0073
119598,,147.9141
119598,,148.7822
119598,,150.0167
119598,,146.5603
119598,,148.447
119598,,150.0167
119598,,152.9298
119598,,156.3005
119598,,157.3929
119598,,160.2603
119598,,165.5648
119598,,168.4026
119598,,169.2128
119598,,172.1711
119598,,172.7151
119598,,172.931
119598,,172.1268
119598,,176.5715
119598,,174.4625
119598,,181.3283
119598,,180.0469
119598,,177.224
119598,,181.5664
119598,,187.4294
119598,,187.604
119598,,190.7828
119598,,195.0264
119598,,192.9276
119598,,191.6259
119598,,195.5473
119598,,200.9813
119598,,202.9479
119598,,200.3301
119598,,217.7414
119598,,219.8556
119598,,211.4539
119598,,210.6523
119598,,211.6391
119598,,208.0189
119598,,209.4711
119598,,208.98
119598,,215.0258
119598,,220.6116
119598,,219.1904
119598,,218.8613
119598,,218.7975
119598,,216.65
119598,,219.6588
119598,,219.7343
119598,,221.5069
119598,,219.9046
119598,,219.4167
119598,,218.8975
119598,,216.5279
119598,,216.1145
119598,,211.0917
119598,,209.6482
119598,,208.892
119598,,208.2327
119598,,201.1907
119598,,198.9393
119598,,195.09
119598,,193.8628
119598,,194.5873
119598,,196.5909
119598,,195.0428
119598,,193.9476
119598,,191.3046
119598,,191.3769
119598,,189.0018
119598,,190.882
119598,,185.7504
119598,,184.8626
119598,,185.5547
119598,,188.4134
119598,,186.953
119598,,186.7725
119598,,185.0739
119598,,190.3782
119598,,189.5829
119598,,195.3045
119598,,197.9975
119598,,199.6806
119598,,201.019
119598,,202.4462
119598,,196.5642
119598,,201.0716
119598,,198.3385
119598,,203.4583
119598,,202.7592
119598,,202.16
119598,,201.3834
119598,,207.695
119598,,213.2681
119598,,221.0449
119598,,220.6845
119598,,221.908
119598,,216.8597
119598,,222.1568
119598,,209.1285
119598,,205.7007
119598,,206.5967
119598,,210.7816
119598,,209.2675
119598,,207.0955
119598,,206.5253
119598,,210.5819
119598,,211.4111
119598,,209.833
119598,,211.6228
119598,,208.1624
119598,,210.5919
119598,,205.2622
119598,,203.5587
119598,,203.6369
119598,,200.9156
119598,,198.1471
119598,,196.2454
119598,,197.3227
119598,,196.9133
119598,,190.2593
119598,,184.1707
119598,,182.5782
119598,,184.0596
119598,,176.4193
119598,,189.0742
119598,,183.129
119598,,188.3356
119598,,187.6487
119598,,188.6644
119598,,188.6939
119598,,187.6011
119598,,186.0875
119598,,187.219
119598,,182.9584
119598,,185.2956
119598,,184.2458
119598,,191.8263
119598,,191.4637
119598,,193.6595
119598,,194.1282
119598,,198.3038
119598,,196.2428
119598,,198.7322
119598,,198.2968
119598,,198.2695
119598,,198.7296
119598,,199.6949
119598,,199.5038
119598,,200.3544
119598,,205.5756
119598,,208.9732
119598,,211.8037
119598,,210.6825
119598,,214.202
119598,,212.8198
119598,,215.1651
119598,,214.7079
119598,,215.9949
119598,,212.3113
119598,,212.7821
119598,,203.1685
119598,,202.7483
119598,,197.7811
119598,,214.9293
119598,,213.0651
119598,,211.482
119598,,208.1739
119598,,212.4079
119598,,211.7286
119598,,213.0932
119598,,211.3722
119598,,205.5772
119598,,206.6337
119598,,200.6788
119598,,200.637
119598,,196.5313
119598,,216.6901
119598,,219.3957
119598,,220.588
119598,,215.101
119598,,212.0583
119598,,211.8338
119598,,212.3308
119598,,208.7671
119598,,217.0381
119598,,222.4777
119598,,224.7935
119598,,225.2452
119598,,224.6898
119598,,221.5399
119598,,218.3848
119598,,214.0265
119598,,215.8593
119598,,210.8469
119598,,214.6601
119598,,213.2595
119598,,213.1312
119598,,217.8181
119598,,213.6336
119598,,209.167
119598,,207.4344
119598,,211.0386
119598,,196.6769
119598,,197.4399
119598,,199.0153
119598,,197.5963
119598,,197.8762
119598,,190.4381
119598,,188.6387
119598,,190.1567
119598,,187.4012
119598,,187.7392
119598,,189.2303
119598,,188.3766
119598,,189.0479
119598,,186.3659
119598,,186.9087
119598,,188.3297
119598,,192.0819
119598,,188.1412
119598,,186.2134
119598,,185.531
119598,,183.4152
119598,,188.6603
119598,,186.2944
119598,,184.8329
119598,,185.5907
119598,,182.2692
119598,,181.2952
119598,,185.3796
119598,,181.8693
119598,,186.9747
119598,,187.7353
119598,,192.7907
119598,,190.7443
119598,,196.4561
119598,,199.0427
119598,,200.9592
119598,,201.8774
119598,,201.2644
119598,,205.285
119598,,205.9189
119598,,190.5533
119598,,193.0153
119598,,192.8967
119598,,194.3452
119598,,191.8866
119598,,195.9632
119598,,199.3786
119598,,201.3951
119598,,201.1603
119598,,203.183
119598,,201.1091
119598,,204.0151
119598,,209.5671
119598,,213.3166
119598,,211.0638
119598,,197.4464
119598,,198.8331
119598,,199.7965
119598,,199.3601
119598,,197.1734
119598,,200.6319
119598,,206.1111
119598,,204.7261
119598,,202.9389
119598,,204.6935
119598,,203.7204
119598,,203.4512
119598,,203.2771
119598,,203.5871
119598,,205.1915
119598,,208.4714
119598,,205.3248
119598,,207.0422
119598,,206.3514
119598,,209.3043
119598,,202.5854
119598,,202.4461
119598,,200.7085
119598,,202.2559
119598,,203.9367
119598,,181.641
119598,,178.2911
119598,,178.7546
119598,,182.6937
119598,,183.7574
119598,,182.1695
119598,,183.6424
119598,,182.4787
119598,,180.6511
119598,,177.5516
119598,,172.871
119598,,171.9627
119598,,172.5419
119598,,161.7181
119598,,160.5863
119598,,163.2143
119598,,164.6888
119598,,167.3922
119598,,168.9217
119598,,166.156
119598,,165.4371
119598,,163.5595
119598,,167.1689
119598,,164.1909
119598,,166.6636
119598,,169.1715
119598,,174.2689
119598,,168.8669
119598,,169.508
119598,,170.7965
119598,,171.5452
119598,,175.1881
119598,,172.731
119598,,171.0484
119598,,169.1273
119598,,171.5027
119598,,174.1038
119598,,175.4986
119598,,178.9564
119598,,184.2155
119598,,186.5891
119598,,190.8267
119598,,193.0959
119598,,194.1301
119598,,191.3003
119598,,188.9308
119598,,192.854
119598,,195.4061
119598,,195.4566
119598,,194.344
119598,,188.406
119598,,185.4171
119598,,191.2503
119598,,195.8077
119598,,199.2738
119598,,198.9058
119598,,201.5144
119598,,203.097
119598,,200.9409
119598,,201.843
119598,,196.194
119598,,198.2398
119598,,199.3468
119598,,201.5378
119598,,205.1033
119598,,206.4743
119598,,221.5342
119598,,218.6818
119598,,217.5737
119598,,218.5589
119598,,220.9883
119598,,220.4314
119598,,217.6116
119598,,220.846
119598,,223.5635
119598,,220.5531
119598,,225.5085
119598,,229.9035
119598,,226.6722
119598,,225.6937
119598,,225.1391
119598,,223.1191
119598,,222.3032
119598,,227.5239
119598,,218.9731
119598,,223.6164
119598,,225.0063
119598,,220.9625
119598,,217.4418
119598,,223.4539
119598,,220.3435
119598,,216.5664
119598,,220.6728
119598,,234.6788
119598,,234.8826
119598,,230.7526
119598,,232.5948
119598,,240.5728
119598,,236.9656
119598,,235.8263
119598,,237.5853
119598,,237.5911
119598,,234.1482
119598,,238.5299
119598,,247.6224
119598,,248.6172
119598,,242.8501
119598,,249.2248
119598,,251.7078
119598,,257.5422
119598,,252.376
119598,,247.2212
119598,,246.8573
119598,,249.037
119598,,256.4066
119598,,259.5001
119598,,258.736
119598,,254.8098
119598,,268.743
119598,,270.7982
119598,,271.3642
119598,,269.0732
119598,,268.6066
119598,,269.1741
119598,,260.5271
119598,,262.6429
119598,,258.8476
119598,,254.4105
119598,,247.9554
119598,,241.2589
119598,,236.3698
119598,,233.9493
119598,,245.2435
119598,,241.531
119598,,240.679
119598,,237.2578
119598,,239.3647
119598,,236.8417
119598,,245.2705
119598,,250.1308
119598,,251.1888
119598,,255.5074
119598,,260.2234
119598,,258.981
119598,,253.6107
119598,,255.8614
119598,,262.1613
119598,,271.9464
119598,,270.456
119598,,272.7953
119598,,275.4945
119598,,276.5853
119598,,276.3962
119598,,278.5436
119598,,267.8878
119598,,271.0174
119598,,278.9585
119598,,282.9234
119598,,284.0987
119598,,278.617
119598,,276.533
119598,,274.1398
119598,,274.0458
119598,,276.1308
119598,,278.1982
119598,,270.7612
119598,,275.5766
119598,,276.9166
119598,,283.268
119598,,285.5057
119598,,315.2666
119598,,309.2045
119598,,310.9045
119598,,311.89
119598,,309.1578
119598,,310.1156
119598,,318.2498
119598,,322.0353
119598,,316.5766
119598,,316.2971
119598,,312.5855
119598,,310.9541
119598,,309.205
119599,,93.9896
119599,,92.3518
119599,,94.9342
119599,,97.899
119599,,98.2266
119599,,99.9099
119599,,100.2736
119599,,98.2705
119599,,97.7205
119599,,98.0093
119599,,97.3952
119599,,97.1451
119599,,97.0901
119599,,94.9332
119599,,91.1997
119599,,90.7614
119599,,90.7489
119599,,89.394
119599,,88.7491
119599,,90.9932
119599,,92.0313
119599,,90.7802
119599,,88.602
119599,,88.2239
119599,,94.1923
119599,,93.3478
119599,,93.4959
119599,,93.6531
119599,,92.997
119599,,91.088
119599,,91.6325
119599,,91.6244
119599,,92.4298
119599,,91.7364
119599,,93.5988
119599,,92.3959
119599,,95.0039
119599,,92.5055
119599,,88.4377
119599,,90.8153
119599,,90.0656
119599,,88.4931
119599,,88.2948
119599,,91.2972
119599,,88.7787
119599,,87.3972
119599,,89.5609
119599,,92.3003
119599,,92.2306
119599,,90.5273
119599,,93.6469
119599,,100.9468
119599,,101.5345
119599,,102.7287
119599,,105.2207
119599,,103.4851
119599,,103.5171
119599,,102.7439
119599,,100.3256
119599,,100.963
119599,,105.1282
119599,,102.2147
119599,,102.252
119599,,103.3789
119599,,101.2845
119599,,101.7394
119599,,103.5657
119599,,104.023
119599,,105.6067
119599,,105.2049
119599,,107.4951
119599,,108.1339
119599,,108.5596
119599,,106.5027
119599,,107.0785
119599,,105.7771
119599,,104.8106
119599,,103.5637
119599,,104.7945
119599,,106.9537
119599,,106.3812
119599,,108.2807
119599,,109.4113
119599,,113.5526
119599,,111.0344
119599,,113.3572
119599,,115.5232
119599,,113.8652
119599,,115.7867
119599,,116.5029
119599,,116.1877
119599,,115.6033
119599,,115.9074
119599,,115.6819
119599,,116.5069
119599,,117.888
119599,,119.364
119599,,117.6278
119599,,117.2049
119599,,119.5354
119599,,121.3374
119599,,118.8459
119599,,119.6099
119599,,116.0423
119599,,114.6112
119599,,114.2858
119599,,115.734
119599,,116.6067
119599,,117.2
119599,,116.6775
119599,,117.462
119599,,117.3357
119599,,118.288
119599,,117.4684
119599,,117.2334
119599,,115.5207
119599,,115.5579
119599,,114.191
119599,,115.6132
119599,,115.9867
119599,,116.7557
119599,,116.8708
119599,,113.1918
119599,,113.5773
119599,,117.7073
119599,,117.144
119599,,115.9096
119599,,116.695
119599,,117.3729
119599,,119.7029
119599,,117.4575
119599,,124.4262
119599,,124.6785
119599,,124.4925
119599,,126.9618
119599,,126.9052
119599,,124.7962
119599,,124.1335
119599,,124.5921
119599,,127.1384
119599,,128.4638
119599,,126.8653
119599,,132.0442
119599,,132.7118
119599,,144.1651
119599,,145.0488
119599,,147.3246
119599,,146.937
119599,,149.5532
119599,,153.1475
119599,,151.0852
119599,,149.2372
119599,,149.0377
119599,,149.8922
119599,,148.7889
119599,,152.1241
119599,,153.2772
119599,,153.5064
119599,,158.5899
119599,,161.2368
119599,,165.7647
119599,,161.6843
119599,,157.3364
119599,,155.9387
119599,,157.5138
119599,,158.8899
119599,,161.7305
119599,,158.8422
119599,,153.2864
119599,,155.5075
119599,,153.6264
119599,,144.8075
119599,,146.1287
119599,,146.9991
119599,,147.5174
119599,,145.3504
119599,,145.0621
119599,,140.2953
119599,,140.8131
119599,,144.1434
119599,,140.9586
119599,,139.7859
119599,,140.635
119599,,143.691
119599,,143.7913
119599,,142.086
119599,,144.0659
119599,,144.7053
119599,,144.8719
119599,,142.7882
119599,,145.877
119599,,147.5408
119599,,146.3894
119599,,148.8472
119599,,147.8144
119599,,146.1327
119599,,144.5208
119599,,140.6684
119599,,126.0992
119599,,127.1357
119599,,126.1483
119599,,126.889
119599,,125.2416
119599,,125.7089
119599,,128.4278
119599,,129.732
119599,,129.0048
119599,,129.6415
119599,,129.2638
119599,,129.3928
119599,,117.5352
119599,,117.7022
119599,,114.2089
119599,,115.4939
119599,,117.0802
119599,,115.3626
119599,,116.23
119599,,114.7729
119599,,115.05
119599,,112.88
119599,,109.8329
119599,,109.268
119599,,109.1506
119599,,106.1829
119599,,107.0948
119599,,109.2021
119599,,110.1284
119599,,109.8736
119599,,109.0584
119599,,110.9493
119599,,108.5854
119599,,107.0324
119599,,106.4573
119599,,108.6474
119599,,109.3946
119599,,107.8336
119599,,107.4016
119599,,110.3106
119599,,107.9429
119599,,107.1482
119599,,108.0788
119599,,110.4038
119599,,108.5902
119599,,108.0613
119599,,107.8983
119599,,105.6445
119599,,106.7261
119599,,105.6083
119599,,105.3758
119599,,104.7198
119599,,104.9856
119599,,105.3387
119599,,103.6243
119599,,101.3303
119599,,100.2448
119599,,102.2334
119599,,103.8651
119599,,104.3544
119599,,101.9546
119599,,101.7287
119599,,102.3025
119599,,102.6753
119599,,99.8239
119599,,98.52
119599,,98.6458
119599,,95.8094
119599,,95.3013
119599,,96.9011
119599,,99.1376
119599,,100.3407
119599,,101.1097
119599,,101.8049
119599,,101.0053
119599,,100.8866
119599,,103.6641
119599,,102.2259
119599,,104.9505
119599,,100.8492
119599,,100.7914
119599,,100.7406
119599,,101.7031
119599,,103.3256
119599,,103.3191
119599,,106.4757
119599,,106.9457
119599,,106.4567
119599,,103.8795
119599,,103.5411
119599,,103.084
119599,,104.7462
119599,,111.998
119599,,114.3234
119599,,112.0467
119599,,111.5291
119599,,110.2766
119599,,111.0339
119599,,113.3049
119599,,112.3427
119599,,108.2868
119599,,107.6801
119599,,109.3358
119599,,110.3617
119599,,111.2055
119599,,110.8129
119599,,111.0418
119599,,113.1108
119599,,113.5425
119599,,112.3398
119599,,115.8357
119599,,116.0269
119599,,117.5429
119599,,116.524
119599,,117.2946
119599,,117.9737
119599,,114.6146
119599,,118.4139
119599,,120.9509
119599,,126.6555
119599,,130.0841
119599,,136.8239
119599,,134.5417
119599,,135.1753
119599,,130.929
119599,,132.1899
119599,,131.168
119599,,135.3202
119599,,133.7962
119599,,130.3976
119599,,129.5465
119599,,125.6879
119599,,121.6463
119599,,121.7871
119599,,122.8041
119599,,120.2938
119599,,121.5277
119599,,116.5622
119599,,115.5125
119599,,114.7278
119599,,115.979
119599,,116.1217
119599,,113.6787
119599,,112.0266
119599,,112.4759
119599,,109.5816
119599,,111.0392
119599,,109.9547
119599,,109.5006
119599,,108.2562
119599,,107.9084
119599,,110.7561
119599,,112.262
119599,,113.8962
119599,,111.4813
119599,,109.5741
119599,,104.8743
119599,,103.6364
119599,,105.8175
119599,,107.0851
119599,,112.0364
119599,,111.9501
119599,,112.7441
119599,,111.5385
119599,,111.9551
119599,,112.868
119599,,113.3138
119599,,111.606
119599,,112.0671
119599,,114.7778
119599,,115.5845
119599,,116.0309
119599,,116.6772
119599,,114.6123
119599,,116.6324
119599,,117.7906
119599,,116.5923
119599,,113.9023
119599,,113.7419
119599,,113.0446
119599,,113.3451
119599,,112.7972
119599,,109.3824
119599,,108.8104
119599,,108.3826
119599,,114.285
119599,,113.6892
119599,,111.8367
119599,,114.4666
119599,,114.362
119599,,114.862
119599,,117.2197
119599,,115.4308
119599,,116.6202
119599,,115.6427
119599,,115.5031
119599,,115.7356
119599,,121.3125
119599,,119.9411
119599,,123.0293
119599,,120.2043
119599,,123.4369
119599,,122.8218
119599,,122.4601
119599,,118.9726
119599,,118.2267
119599,,116.408
119599,,115.4001
119599,,115.2514
119599,,117.1052
119599,,119.9363
119599,,122.0817
119599,,124.6605
119599,,124.5518
119599,,123.9007
119599,,123.8998
119599,,124.6698
119599,,126.5425
119599,,126.6614
119599,,128.0137
119599,,131.4744
119599,,132.3818
119599,,133.1493
119599,,130.1156
119599,,128.7756
119599,,128.4481
119599,,129.6308
119599,,128.7721
119599,,127.5724
119599,,127.8531
119599,,127.9907
119599,,129.0741
119599,,128.6415
119599,,125.0836
119599,,124.3425
119599,,126.0167
119599,,121.0511
119599,,121.1391
119599,,121.8324
119599,,125.4714
119599,,124.9047
119599,,125.563
119599,,124.6689
119599,,123.1257
119599,,122.1033
119599,,121.292
119599,,122.0871
119599,,126.7989
119599,,125.4866
119599,,124.7748
119599,,118.2726
119599,,112.8996
119599,,114.0193
119599,,114.5576
119599,,112.7059
119599,,111.067
119599,,109.4792
119599,,109.7658
119599,,108.7833
119599,,109.7288
119599,,104.9967
119599,,103.6798
119599,,101.9464
119599,,100.6665
119599,,97.0296
119599,,98.415
119599,,98.4923
119599,,100.425
119599,,98.3621
119599,,99.2574
119599,,102.3113
119599,,103.0798
119599,,103.6202
119599,,103.7246
119599,,101.2784
119599,,103.5542
119599,,100.7725
119599,,102.2875
119599,,101.4301
119599,,102.6419
119599,,102.7724
119599,,100.3925
119599,,100.7405
119599,,104.3769
119599,,105.2823
119599,,105.2788
119599,,107.1704
119599,,107.6205
119599,,108.0705
119599,,106.3213
119599,,106.8068
119599,,110.7846
119599,,110.777
119599,,111.7389
119599,,112.35
119599,,108.9692
119599,,107.1554
119599,,108.8304
119599,,108.699
119599,,107.9003
119599,,105.7085
119599,,104.0169
119599,,100.8452
119599,,103.8138
119599,,102.6374
119599,,103.0564
119599,,102.4057
119599,,102.7953
119599,,105.3596
119599,,106.4621
119599,,107.412
119599,,106.7798
119599,,104.4042
119599,,104.1529
119599,,106.2437
119599,,103.8095
119599,,92.803
119599,,91.967
119599,,93.1145
119599,,92.9072
119599,,92.3105
119599,,92.4557
119599,,90.0271
119599,,90.8104
119599,,91.4403
119599,,90.9321
119599,,92.4648
119599,,90.9168
119599,,92.627
119599,,92.6438
119599,,94.0491
119599,,96.6846
119599,,96.1586
119599,,97.2809
119599,,95.6128
119599,,96.8406
119599,,97.23
119599,,98.0426
119599,,97.1356
119599,,94.7102
119599,,95.5472
119599,,92.573
119599,,92.192
119599,,93.5133
119599,,90.6412
119599,,90.7882
119599,,90.5118
119599,,88.2353
119599,,88.8764
119599,,89.9625
119599,,90.3636
119599,,89.9821
119599,,90.9035
119599,,91.9628
119599,,92.4898
119599,,92.5167
119599,,91.8046
119599,,90.318
119599,,90.5897
119599,,92.1
119599,,93.123
119599,,89.7874
119599,,92.8028
119599,,93.3168
119599,,92.2631
119599,,92.5725
119599,,92.9108
119599,,92.0205
119599,,92.3884
119599,,92.0375
119599,,91.3483
119599,,92.6451
119599,,90.7647
119599,,89.5645
119599,,88.2918
119599,,89.8849
119599,,91.3091
119599,,92.0929
119599,,93.7425
119599,,92.5341
119599,,93.1248
119599,,93.0226
119599,,91.4207
119599,,91.8789
119599,,89.1787
119599,,88.7648
119599,,85.7921
119599,,87.7394
119599,,86.3268
119599,,88.1274
119599,,89.5281
119599,,88.3444
119599,,86.8582
119599,,87.415
119599,,80.8856
119599,,82.4662
119599,,82.1847
119599,,81.8164
119599,,82.5354
119599,,80.861
119599,,81.2165
119599,,81.997
119599,,82.9525
119599,,80.5309
119599,,79.6405
119599,,78.6152
119599,,78.8077
119599,,79.476
119599,,81.4426
119599,,79.5003
119599,,80.4037
119599,,81.9944
119599,,84.4913
119599,,85.6955
119599,,87.3555
119599,,86.6368
119599,,85.1475
119599,,86.3705
119599,,87.0164
119599,,87.2399
119599,,87.8504
119599,,93.8224
119599,,94.3279
119599,,93.1621
119599,,94.0596
119599,,94.0915
119599,,91.8379
119599,,92.5291
119599,,91.7709
119599,,93.1345
119599,,93.2178
119599,,93.8821
119599,,92.5577
119599,,91.7827
119599,,87.7831
119599,,85.6958
119599,,86.3303
119599,,86.1149
119599,,86.7066
119599,,87.7312
119599,,88.1759
119599,,89.1718
119599,,89.152
119599,,87.5774
119599,,89.1263
119599,,88.3804
119599,,87.1638
119599,,86.9958
119599,,91.7187
119599,,93.4681
119599,,91.5272
119599,,92.7158
119599,,92.7192
119599,,91.9984
119599,,92.3227
119599,,93.7891
119599,,94.6144
119599,,93.3959
119599,,94.5769
119599,,93.4427
119599,,94.389
119599,,94.322
119599,,94.3191
119599,,95.0138
119599,,94.7514
119599,,96.9379
119599,,98.3135
119599,,99.7613
119599,,98.3407
119599,,98.3036
119599,,97.925
119599,,96.4706
119599,,98.2644
119599,,99.6795
119599,,97.8538
119599,,100.2049
119599,,100.3147
119599,,99.4637
119599,,99.0827
119599,,100.4406
119599,,99.6073
119599,,98.5247
119599,,98.2673
119599,,96.5469
119599,,99.4418
119599,,98.6448
119599,,105.5211
119599,,104.8515
119599,,103.1735
119599,,102.2705
119599,,102.6767
119599,,103.6535
119599,,100.2561
119599,,100.3308
119599,,100.6688
119599,,100.3172
119599,,102.4676
119599,,103.2405
119599,,105.4849
119120,,42.5956
119120,,42.5178
119120,,42.5372
119120,,42.3334
119120,,42.4996
119120,,42.4569
119120,,42.475
119120,,42.454
119120,,42.5889
119120,,42.2976
119120,,42.3079
119120,,42.3087
119120,,42.2725
119120,,42.5866
119120,,42.541
119120,,42.5946
119120,,42.6968
119120,,42.6359
119120,,42.3361
119120,,42.4041
119120,,42.286
119120,,42.0836
119120,,41.7962
119120,,41.894
119120,,42.0164
119120,,42.0948
119120,,42.1117
119120,,42.1899
119120,,42.2768
119120,,42.5192
119120,,42.4976
119120,,42.409
119120,,42.4474
119120,,42.3738
119120,,42.5445
119120,,42.5263
119120,,42.4779
119120,,42.4396
119120,,42.5773
119120,,42.4764
119120,,42.5767
119120,,42.4857
119120,,42.5721
119120,,42.7031
119120,,42.8081
119120,,42.8474
119120,,42.8347
119120,,42.7848
119120,,42.9559
119120,,42.8925
119120,,42.7928
119120,,42.7469
119120,,42.7378
119120,,42.805
119120,,42.9547
119120,,42.9807
119120,,42.9422
119120,,42.8471
119120,,42.7036
119120,,42.7875
119120,,42.8622
119120,,42.9368
119120,,42.9352
119120,,43.1
119120,,43.3447
119120,,43.6188
119120,,43.7617
119120,,43.854
119120,,43.8788
119120,,44.0029
119120,,44.073
119120,,44.0885
119120,,44.0674
119120,,44.071
119120,,43.7328
119120,,43.7685
119120,,43.7272
119120,,43.9155
119120,,43.8846
119120,,43.7464
119120,,43.8363
119120,,43.9062
119120,,43.9737
119120,,43.9864
119120,,44.045
119120,,44.236
119120,,44.2169
119120,,44.245
119120,,44.1367
119120,,44.0528
119120,,44.0763
119120,,44.0521
119120,,44.139
119120,,44.2265
119120,,44.2819
119120,,44.1837
119120,,44.2242
119120,,44.1051
119120,,44.0896
119120,,44.2168
119120,,44.3183
119120,,44.3327
119120,,44.2365
119120,,44.3212
119120,,43.9851
119120,,43.8107
119120,,43.7153
119120,,44.0324
119120,,44.0111
119120,,44.1048
119120,,44.0451
119120,,43.8263
119120,,43.82
119120,,43.8032
119120,,43.7716
119120,,43.7715
119120,,43.8131
119120,,43.8091
119120,,43.2964
119120,,43.2801
119120,,43.1187
119120,,43.0508
119120,,43.134
119120,,43.3017
119120,,43.2684
119120,,43.3633
119120,,43.167
119120,,43.2511
119120,,43.1759
119120,,43.2217
119120,,43.2071
119120,,43.3057
119120,,43.3273
119120,,43.4269
119120,,43.5405
119120,,43.4378
119120,,43.5455
119120,,43.4279
119120,,43.5047
119120,,43.5851
119120,,43.3881
119120,,43.4107
119120,,43.3719
119120,,43.3014
119120,,43.4161
119120,,43.3706
119120,,43.3217
119120,,43.3864
119120,,43.1127
119120,,43.4029
119120,,43.4734
119120,,43.5022
119120,,43.6444
119120,,43.9154
119120,,44.0244
119120,,44.1424
119120,,44.1696
119120,,44.1665
119120,,43.703
119120,,44.0557
119120,,44.2196
119120,,44.0937
119120,,44.1322
119120,,44.0772
119120,,43.9773
119120,,43.8416
119120,,43.9019
119120,,43.8391
119120,,43.9587
119120,,44.0815
119120,,44.247
119120,,44.4348
119120,,44.3112
119120,,44.2603
119120,,44.2591
119120,,44.1532
119120,,44.1647
119120,,43.9898
119120,,43.8783
119120,,43.9651
119120,,44.0446
119120,,44.0137
119120,,43.9136
119120,,43.7444
119120,,43.9033
119120,,44.0075
119120,,44.0376
119120,,43.9092
119120,,43.9451
119120,,44.0756
119120,,44.0464
119120,,44.2093
119120,,44.3662
119120,,44.5653
119120,,44.6124
119120,,44.6912
119120,,44.8636
119120,,44.927
119120,,44.9766
119120,,44.9373
119120,,45.0118
119120,,45.025
119120,,45.1776
119120,,45.3026
119120,,45.1559
119120,,45.2357
119120,,45.2252
119120,,45.2476
119120,,45.1776
119120,,45.39
119120,,45.6713
119120,,45.6618
119120,,45.797
119120,,45.8042
119120,,45.8754
119120,,45.8517
119120,,45.7459
119120,,45.7447
119120,,45.7935
119120,,45.7309
119120,,45.7168
119120,,45.6218
119120,,45.7637
119120,,45.656
119120,,45.6824
119120,,45.7403
119120,,45.4981
119120,,45.3739
119120,,45.4884
119120,,45.5343
119120,,45.5305
119120,,45.6083
119120,,45.8098
119120,,45.7974
119120,,45.8185
119120,,45.8538
119120,,46.1442
119120,,46.6096
119120,,46.5234
119120,,46.487
119120,,46.4472
119120,,46.2507
119120,,46.2255
119120,,46.3242
119120,,46.1888
119120,,46.3243
119120,,46.3945
119120,,46.322
119120,,46.3187
119120,,46.5189
119120,,46.7111
119120,,46.638
119120,,46.6295
119120,,46.4552
119120,,46.7359
119120,,46.604
119120,,46.4963
119120,,46.458
119120,,46.6223
119120,,46.6374
119120,,46.5056
119120,,46.6662
119120,,46.7656
119120,,46.8424
119120,,47.5887
119120,,47.5049
119120,,47.6177
119120,,47.76
119120,,47.5246
119120,,47.5355
119120,,47.6837
119120,,47.6749
119120,,47.7762
119120,,47.8322
119120,,47.8871
119120,,47.868
119120,,47.7351
119120,,47.7337
119120,,47.7227
119120,,47.7401
119120,,47.9476
119120,,47.9588
119120,,48.0074
119120,,47.8787
119120,,47.8659
119120,,47.9532
119120,,47.7793
119120,,47.8171
119120,,47.8429
119120,,47.8616
119120,,48.5061
119120,,48.5179
119120,,48.5935
119120,,48.6178
119120,,48.5443
119120,,48.3359
119120,,48.2638
119120,,48.1086
119120,,48.3294
119120,,48.3292
119120,,48.3009
119120,,48.4231
119120,,48.3002
119120,,48.2207
119120,,48.5332
119120,,48.4159
119120,,48.4396
119120,,48.3948
119120,,48.7194
119120,,48.7284
119120,,48.5702
119120,,48.5676
119120,,48.6451
119120,,48.8646
119120,,48.8061
119120,,48.6257
119120,,48.7398
119120,,48.679
119120,,48.7965
119120,,48.8588
119120,,48.9286
119120,,48.7479
119120,,48.768
119120,,48.8409
119120,,48.9447
119120,,48.8733
119120,,48.8062
119120,,48.7496
119120,,48.8294
119120,,48.9708
119120,,49.4425
119120,,49.5213
119120,,49.4694
119120,,49.3753
119120,,49.388
119120,,49.4192
119120,,49.7982
119120,,49.7893
119120,,49.6619
119120,,49.7103
119120,,49.4652
119120,,49.4679
119120,,49.484
119120,,49.3424
119120,,49.2328
119120,,49.3152
119120,,49.5537
119120,,49.4055
119120,,49.1894
119120,,49.188
119120,,49.204
119120,,49.2452
119120,,49.2039
119120,,49.1931
119120,,49.2527
119120,,49.3962
119120,,49.0196
119120,,49.161
119120,,49.1333
119120,,49.0426
119120,,49.1712
119120,,49.1443
119120,,49.0952
119120,,49.1277
119120,,49.2372
119120,,49.5478
119120,,49.6654
119120,,49.8249
119120,,49.7833
119120,,49.8341
119120,,49.7847
119120,,49.7345
119120,,49.5986
119120,,49.8364
119120,,49.8523
119120,,49.8383
119120,,49.736
119120,,50.1196
119120,,49.9985
119120,,49.9588
119120,,50.0255
119120,,50.1155
119120,,50.251
119120,,50.8089
119120,,50.9308
119120,,50.9323
119120,,50.8388
119120,,50.9497
119120,,51.0483
119120,,51.1881
119120,,51.201
119120,,51.1383
119120,,50.9524
119120,,51.0723
119120,,51.1415
119120,,50.6719
119120,,50.5869
119120,,50.6361
119120,,50.7039
119120,,50.8709
119120,,50.7805
119120,,50.935
119120,,50.8793
119120,,50.7228
119120,,50.83
119120,,51.0101
119120,,51.3585
119120,,51.2181
119120,,51.0481
119120,,51.195
119120,,51.2871
119120,,51.5114
119120,,51.5802
119120,,51.4369
119120,,51.6287
119120,,51.5648
119120,,51.698
119120,,51.9182
119120,,51.9928
119120,,51.812
119120,,51.707
119120,,51.8945
119120,,52.3424
119120,,52.5004
119120,,52.4983
119120,,52.4007
119120,,52.3155
119120,,52.2016
119120,,52.1807
119120,,52.3581
119120,,52.2669
119120,,52.3067
119120,,52.2351
119120,,52.2158
119120,,52.2498
119120,,52.1966
119120,,52.2402
119120,,52.3178
119120,,52.1029
119120,,52.0471
119120,,52.0285
119120,,52.077
119120,,52.2487
119120,,52.1621
119120,,52.1116
119120,,52.0592
119120,,51.969
119120,,51.9384
119120,,51.6476
119120,,51.4028
119120,,51.4219
119120,,51.5162
119120,,51.5797
119120,,51.6162
119120,,51.7824
119120,,51.7268
119120,,51.8584
119120,,51.6603
119120,,51.5574
119120,,51.3378
119120,,51.317
119120,,51.4215
119120,,51.2755
119120,,51.1449
119120,,51.0184
119120,,51.0242
119120,,51.0943
119120,,51.2043
119120,,51.5519
119120,,51.2752
119120,,51.3686
119120,,51.3112
119120,,51.2501
119120,,51.1847
119120,,50.9649
119120,,51.0003
119120,,51.0281
119120,,51.0619
119120,,50.8952
119120,,51.0128
119120,,51.0582
119120,,51.1673
119120,,50.9384
119120,,50.9929
119120,,50.8551
119120,,50.8187
119120,,50.9017
119120,,50.9279
119120,,50.8333
119120,,50.9129
119120,,50.8365
119120,,50.9336
119120,,50.8991
119120,,50.6608
119120,,50.6025
119120,,50.4668
119120,,50.4855
119120,,50.3487
119120,,50.4807
119120,,50.4836
119120,,50.4754
119120,,50.2893
119120,,50.3909
119120,,50.3275
119120,,50.3347
119120,,50.4995
119120,,50.5574
119120,,50.5642
119120,,50.502
119120,,50.4359
119120,,50.3423
119120,,50.2881
119120,,50.3983
119120,,50.3846
119120,,50.7805
119120,,50.7146
119120,,50.6936
119120,,50.5759
119120,,50.5644
119120,,50.5742
119120,,50.6728
119120,,50.8267
119120,,50.7455
119120,,50.509
119120,,50.5207
119120,,50.5725
119120,,50.6188
119120,,51.019
119120,,51.0311
119120,,50.9837
119120,,51.1396
119120,,51.4075
119120,,51.4806
119120,,51.5061
119120,,51.5256
119120,,51.2316
119120,,51.3425
119120,,51.3746
119120,,51.4447
119120,,51.3673
119120,,51.3322
119120,,51.4913
119120,,51.5974
119120,,51.6815
119120,,51.7178
119120,,51.5528
119120,,51.5047
119120,,51.6288
119120,,51.5069
119120,,51.194
119120,,51.1794
119120,,51.1757
119120,,51.2078
119120,,51.2179
119120,,51.1472
119120,,51.259
119120,,51.1943
119120,,51.0986
119120,,51.0345
119120,,51.1932
119120,,51.2095
119120,,51.201
119120,,51.2014
119120,,51.3831
119120,,51.3008
119120,,51.4859
119120,,51.5279
119120,,52.3464
119120,,52.3353
119120,,52.3021
119120,,52.0972
119120,,52.3801
119120,,52.457
119120,,52.407
119120,,52.5977
119120,,52.484
119120,,52.5528
119120,,52.5449
119120,,52.6446
119120,,52.6512
119120,,52.8424
119120,,53.0026
119120,,53.1102
119120,,53.162
119120,,53.0436
119120,,53.0584
119120,,53.0023
119120,,52.9715
119120,,52.9367
119120,,52.8212
119120,,52.5763
119120,,52.5029
119120,,53.2065
119120,,53.1353
119120,,52.7849
119120,,52.9581
119120,,53.1792
119120,,53.1203
119120,,53.1015
119120,,53.0159
119120,,53.0822
119120,,53.2481
119120,,53.0299
119120,,53.0998
119120,,53.078
119120,,53.1083
119120,,53.1849
119120,,53.3694
119120,,53.3897
119120,,53.4938
119120,,53.7478
119120,,53.904
119120,,53.9321
119120,,53.8781
119120,,53.5478
119120,,53.5404
119120,,53.5117
119120,,53.5797
119120,,53.5742
119120,,53.628
119120,,53.7603
119120,,53.7962
119120,,53.8521
119120,,53.7613
119120,,53.8726
119120,,54.1718
119120,,54.0498
119120,,54.019
119120,,54.066
119120,,54.1887
119120,,54.1278
119120,,53.7582
119120,,54.3919
119120,,54.3895
119120,,54.5599
119120,,54.4552
119120,,54.3603
119120,,54.5144
119120,,54.5239
119120,,54.7293
119120,,54.6523
119120,,54.6604
119120,,54.5491
119120,,54.5657
119120,,54.3783
119120,,54.3271
119120,,54.8939
119120,,54.9124
119120,,54.953
119120,,55.1553
119120,,55.2211
119120,,55.1675
119120,,55.0512
119120,,55.0195
119120,,54.8957
119120,,54.9181
119120,,54.8557
119120,,54.6183
119120,,54.706
119120,,54.6666
119120,,54.5796
119120,,54.5808
119120,,54.6807
119120,,54.6928
119120,,54.6785
119120,,54.7022
119120,,54.6346
119120,,54.603
119120,,54.3323
119120,,54.4813
119120,,54.8559
119120,,54.9339
119120,,54.9134
119120,,55.0061
119120,,54.7583
119120,,54.7141
119120,,54.9677
119120,,54.8773
119120,,54.8095
119120,,54.7633
119120,,54.6115
119120,,54.324
119120,,54.308
119120,,54.3421
119120,,54.7317
119120,,54.6607
119120,,54.69
119120,,54.7523
119120,,54.6311
119120,,54.6495
119120,,54.4636
119120,,54.2369
119120,,54.3025
119120,,54.2655
119120,,54.3087
119120,,54.3218
119120,,54.2038
100016,,510.2445
100016,,514.3636
100016,,514.7627
100016,,517.3803
100016,,513.1866
100016,,507.1294
100016,,507.871
100016,,506.7062
100016,,509.7762
100016,,509.68
100016,,510.8661
100016,,503.8641
100016,,512.5903
100016,,507.5435
100016,,504.7492
100016,,507.0506
100016,,516.7872
100016,,516.4246
100016,,519.3918
100016,,519.1698
100016,,528.4118
100016,,520.6004
100016,,521.3038
100016,,514.1489
100016,,519.2545
100016,,518.432
100016,,516.825
100016,,525.4534
100016,,531.2109
100016,,532.1264
100016,,521.6911
100016,,520.3011
100016,,533.1283
100016,,532.3194
100016,,537.8012
100016,,544.965
100016,,546.3002
100016,,542.5392
100016,,522.8529
100016,,528.6739
100016,,526.1696
100016,,518.7241
100016,,518.493
100016,,518.9178
100016,,519.9214
100016,,526.4763
100016,,525.6507
100016,,525.3674
100016,,520.5493
100016,,524.6005
100016,,525.7251
100016,,499.2941
100016,,497.1556
100016,,510.4206
100016,,506.2251
100016,,502.3871
100016,,500.1462
100016,,501.4785
100016,,499.6609
100016,,502.6257
100016,,498.5637
100016,,492.78
100016,,485.277
100016,,476.0989
100016,,468.8163
100016,,466.3477
100016,,463.7261
100016,,461.2993
100016,,459.9666
100016,,457.6317
100016,,458.7099
100016,,460.4075
100016,,456.9604
100016,,462.3501
100016,,458.6076
100016,,452.344
100016,,454.0998
100016,,451.0707
100016,,441.7416
100016,,433.2246
100016,,432.1093
100016,,431.4649
100016,,434.4201
100016,,429.3142
100016,,423.8151
100016,,425.7236
100016,,429.7419
100016,,424.047
100016,,428.3319
100016,,428.6948
100016,,433.0659
100016,,417.6036
100016,,417.4997
100016,,422.3739
100016,,424.1079
100016,,423.4485
100016,,420.3416
100016,,423.5281
100016,,416.803
100016,,419.4003
100016,,415.5691
100016,,420.401
100016,,421.2166
100016,,423.8348
100016,,418.8403
100016,,419.437
100016,,411.1759
100016,,417.5046
100016,,419.3505
100016,,424.1319
100016,,418.4765
100016,,423.3133
100016,,431.9494
100016,,427.1671
100016,,430.305
100016,,430.5313
100016,,424.9261
100016,,426.9974
100016,,423.3166
100016,,425.5227
100016,,428.9765
100016,,428.7321
100016,,431.2389
100016,,429.769
100016,,437.8501
100016,,434.9481
100016,,443.3278
100016,,443.6931
100016,,438.5694
100016,,444.122
100016,,444.8448
100016,,451.6546
100016,,458.5248
100016,,461.2893
100016,,462.5046
100016,,464.7322
100016,,460.8957
100016,,467.7825
100016,,476.316
100016,,478.216
100016,,485.221
100016,,483.0407
100016,,479.9044
100016,,480.3253
100016,,493.7241
100016,,488.7036
100016,,490.9778
100016,,486.1873
100016,,481.6822
100016,,479.2566
100016,,475.5366
100016,,473.4881
100016,,472.8386
100016,,476.5883
100016,,475.4855
100016,,469.1246
100016,,474.1097
100016,,470.8654
100016,,492.4132
100016,,493.7523
100016,,495.7495
100016,,507.0277
100016,,506.06
100016,,504.9042
100016,,505.6844
100016,,510.7491
100016,,504.268
100016,,495.8578
100016,,493.5515
100016,,486.7415
100016,,485.1715
100016,,487.4872
100016,,493.0082
100016,,502.9354
100016,,501.6171
100016,,502.3612
100016,,500.7778
100016,,501.045
100016,,508.1265
100016,,502.3938
100016,,498.8505
100016,,505.2068
100016,,510.0352
100016,,543.7057
100016,,547.4632
100016,,545.984
100016,,557.892
100016,,559.067
100016,,558.0108
100016,,554.1991
100016,,559.8766
100016,,564.466
100016,,562.2856
100016,,565.443
100016,,558.258
100016,,559.4579
100016,,561.9861
100016,,570.8065
100016,,574.8786
100016,,574.693
100016,,573.3032
100016,,572.031
100016,,564.5669
100016,,566.1761
100016,,566.2668
100016,,570.2955
100016,,571.0606
100016,,570.536
100016,,566.4614
100016,,567.1145
100016,,561.4787
100016,,573.4711
100016,,569.4279
100016,,572.4122
100016,,569.0487
100016,,574.5931
100016,,568.5103
100016,,571.2196
100016,,567.1312
100016,,566.3889
100016,,561.5519
100016,,565.9312
100016,,562.059
100016,,572.7685
100016,,580.6856
100016,,576.8184
100016,,569.7576
100016,,571.5717
100016,,569.1125
100016,,578.8674
100016,,579.3439
100016,,575.5565
100016,,570.057
100016,,575.8598
100016,,573.262
100016,,573.7795
100016,,578.9351
100016,,575.1079
100016,,576.7133
100016,,586.7206
100016,,582.4661
100016,,578.8072
100016,,574.6758
100016,,578.6584
100016,,581.2514
100016,,580.7388
100016,,576.3533
100016,,577.1207
100016,,569.5056
100016,,570.5207
100016,,570.5953
100016,,571.5572
100016,,569.9315
100016,,563.6234
100016,,565.5951
100016,,564.5744
100016,,564.0841
100016,,558.3838
100016,,566.5681
100016,,571.2603
100016,,576.4358
100016,,575.1817
100016,,566.7691
100016,,576.9127
100016,,586.6033
100016,,591.8832
100016,,578.1898
100016,,577.7262
100016,,570.7762
100016,,568.6757
100016,,567.4716
100016,,565.9735
100016,,563.5143
100016,,558.376
100016,,570.0712
100016,,579.8367
100016,,574.2208
100016,,572.2429
100016,,564.3101
100016,,564.6621
100016,,559.0226
100016,,558.0026
100016,,565.0774
100016,,571.3805
100016,,571.5127
100016,,571.3686
100016,,581.22
100016,,584.1967
100016,,582.8108
100016,,575.8241
100016,,571.3794
100016,,568.4997
100016,,569.0566
100016,,565.5671
100016,,567.6605
100016,,566.87
100016,,562.4839
100016,,569.4269
100016,,574.4072
100016,,571.6459
100016,,574.4572
100016,,577.4842
100016,,581.0643
100016,,572.7421
100016,,577.8064
100016,,573.0112
100016,,571.634
100016,,579.1181
100016,,583.3816
100016,,582.8708
100016,,584.7593
100016,,581.9713
100016,,582.9892
100016,,583.6674
100016,,588.9793
100016,,594.3311
100016,,597.2339
100016,,593.129
100016,,594.4085
100016,,599.5594
100016,,605.2836
100016,,602.4306
100016,,599.4751
100016,,594.3074
100016,,598.2899
100016,,606.2963
100016,,604.9258
100016,,603.9507
100016,,612.1297
100016,,615.1823
100016,,592.7717
100016,,598.1139
100016,,604.4037
100016,,594.4189
100016,,599.8798
100016,,595.9144
100016,,600.7451
100016,,600.6923
100016,,601.1548
100016,,600.484
100016,,607.2508
100016,,600.9583
100016,,604.5003
100016,,636.388
100016,,644.0928
100016,,641.6375
100016,,634.0199
100016,,631.4621
100016,,635.2466
100016,,643.4252
100016,,644.3884
100016,,652.2598
100016,,644.8262
100016,,642.6418
100016,,641.3391
100016,,641.0221
100016,,640.043
100016,,637.9365
100016,,645.4701
100016,,639.1767
100016,,635.4532
100016,,651.5612
100016,,645.957
100016,,638.6202
100016,,643.1019
100016,,631.7543
100016,,630.7702
100016,,643.1525
100016,,648.116
100016,,647.0433
100016,,634.3697
100016,,630.1188
100016,,628.0754
100016,,626.9661
100016,,626.2512
100016,,632.7878
100016,,640.2703
100016,,639.6315
100016,,646.1915
100016,,648.5674
100016,,649.2714
100016,,654.8208
100016,,655.5763
100016,,664.9362
100016,,669.7236
100016,,658.6916
100016,,659.0094
100016,,650.1674
100016,,646.701
100016,,641.9035
100016,,646.8347
100016,,647.8357
100016,,640.8626
100016,,646.1893
100016,,638.3989
100016,,653.0019
100016,,652.7726
100016,,642.8023
100016,,645.0168
100016,,647.4278
100016,,643.8879
100016,,636.9641
100016,,645.642
100016,,648.781
100016,,647.8057
100016,,641.6731
100016,,637.3679
100016,,645.0648
100016,,639.1138
100016,,631.1428
100016,,624.0528
100016,,625.1196
100016,,623.6453
100016,,616.6077
100016,,615.398
100016,,618.4657
100016,,621.6721
100016,,611.6591
100016,,611.2828
100016,,604.1821
100016,,609.3203
100016,,613.8653
100016,,582.3095
100016,,577.4725
100016,,571.7791
100016,,577.1211
100016,,573.8741
100016,,574.7993
100016,,573.168
100016,,567.0793
100016,,566.5304
100016,,569.8255
100016,,564.0792
100016,,568.4118
100016,,545.7045
100016,,551.0032
100016,,546.8785
100016,,545.9844
100016,,547.6879
100016,,551.3308
100016,,541.8388
100016,,537.8987
100016,,536.6
100016,,540.2165
100016,,552.5367
100016,,551.7113
100016,,545.189
100016,,547.4089
100016,,568.0897
100016,,568.0499
100016,,566.551
100016,,573.0119
100016,,567.2214
100016,,569.7135
100016,,563.1618
100016,,568.7714
100016,,567.7713
100016,,574.4553
100016,,577.2481
100016,,571.349
100016,,578.8713
100016,,583.3055
100016,,581.8173
100016,,581.733
100016,,580.1441
100016,,584.5895
100016,,590.6954
100016,,592.4773
100016,,591.0119
100016,,591.1013
100016,,591.5085
100016,,587.6404
100016,,590.9532
100016,,593.6618
100016,,603.917
100016,,590.1432
100016,,581.4
100016,,580.7902
100016,,581.5125
100016,,579.9206
100016,,572.1938
100016,,568.3745
100016,,570.6332
100016,,573.8645
100016,,574.0785
100016,,580.2646
100016,,582.6023
100016,,579.0731
100016,,577.9405
100016,,601.5307
100016,,601.7251
100016,,605.8024
100016,,614.0516
100016,,613.3213
100016,,614.8208
100016,,622.17
100016,,621.7613
100016,,614.8775
100016,,626.9322
100016,,624.6624
100016,,625.8604
100016,,607.7501
100016,,616.673
100016,,617.5549
100016,,625.7215
100016,,624.6103
100016,,620.1013
100016,,621.8959
100016,,621.0338
100016,,614.9337
100016,,623.278
100016,,620.1867
100016,,610.5174
100016,,618.0294
100016,,606.1024
100016,,602.1001
100016,,603.4093
100016,,599.544
100016,,600.9302
100016,,604.8661
100016,,610.3371
100016,,604.0841
100016,,616.2187
100016,,620.7238
100016,,621.0347
100016,,627.3545
100016,,640.9097
100016,,611.493
100016,,619.7122
100016,,616.8086
100016,,619.5266
100016,,611.3329
100016,,614.1197
100016,,612.3086
100016,,608.5191
100016,,604.7641
100016,,602.9794
100016,,605.3287
100016,,598.6729
100016,,596.8877
100016,,596.9773
100016,,604.9433
100016,,606.6302
100016,,605.1021
100016,,601.4263
100016,,603.5317
100016,,600.9473
100016,,610.9685
100016,,604.4792
100016,,613.0403
100016,,612.7548
100016,,614.6902
100016,,619.5429
100016,,599.802
100016,,596.5986
100016,,598.8522
100016,,599.8183
100016,,605.1025
100016,,609.5773
100016,,610.0558
100016,,605.5598
100016,,602.3934
100016,,599.7889
100016,,598.4322
100016,,600.1581
100016,,604.2671
100016,,604.3064
100016,,585.0419
100016,,587.7566
100016,,590.7665
100016,,585.4707
100016,,590.9463
100016,,597.159
100016,,591.5433
100016,,587.564
100016,,594.075
100016,,593.6122
100016,,582.4047
100016,,575.5565
100016,,574.5884
100016,,589.9366
100016,,595.7237
100016,,595.6052
100016,,605.152
100016,,610.0729
100016,,613.4545
100016,,619.6798
100016,,621.8251
100016,,608.6176
100016,,606.2571
100016,,613.008
100016,,608.9716
100016,,622.1692
100016,,626.9623
100016,,629.1248
100016,,645.9572
100016,,640.4581
100016,,631.1942
100016,,629.3343
100016,,621.0119
100016,,613.2077
100016,,608.1301
100016,,603.5155
100016,,598.7647
100016,,601.8179
100016,,599.4464
100016,,598.807
100016,,595.2868
100016,,596.4249
100016,,601.0624
100016,,600.3367
100016,,602.223
100016,,611.4588
100016,,600.4213
100016,,602.9264
100016,,614.7066
100016,,616.5555
100016,,625.9189
100016,,622.7764
100016,,623.0094
100016,,623.3792
100016,,624.0193
100016,,622.8806
100016,,626.9752
100016,,624.9729
100016,,630.7032
100016,,624.7594
100016,,619.0531
100016,,623.1389
100016,,622.9738
100016,,620.8052
100016,,626.0203
100016,,644.635
100016,,631.7357
100016,,641.4558
100016,,636.9152
100016,,636.5332
100016,,631.7692
100016,,635.9823
100016,,634.206
100016,,627.2733
100016,,630.0463
100016,,622.4509
100016,,618.1898
100016,,607.1223
100016,,599.8551
100016,,605.3622
100016,,602.4915
100016,,594.9039
100016,,595.1464
100016,,594.5465
100016,,592.5716
100016,,595.1946
100016,,591.572
100016,,585.8945
100016,,586.761
100016,,589.0655
100016,,589.0131
100016,,591.5933
100016,,592.3793
100016,,595.1795
100016,,608.9224
100016,,603.9214
100016,,598.2919
100016,,594.6288
100016,,595.1043
100016,,586.4179
100016,,586.8361
100016,,595.974
100016,,597.0783
100016,,622.5885
100016,,628.9532
100016,,624.8206
100016,,622.2467
100016,,615.3496
100016,,617.8922
100016,,621.8563
100016,,614.8139
100016,,612.6667
100016,,605.7427
100016,,601.2702
100016,,604.511
100016,,600.9231
100016,,599.6402
100016,,588.2146
100016,,585.2405
100016,,585.043
100016,,590.5865
100016,,609.5709
100016,,603.2283
100016,,605.9387
100016,,602.4801
100016,,599.9335
100016,,596.4426
100016,,590.8555
100016,,590.9452
100016,,583.6113
125497,,550.4378
125497,,546.4134
125497,,536.617
125497,,543.2731
125497,,540.2724
125497,,546.1258
125497,,551.5823
125497,,545.6433
125497,,540.7096
125497,,553.344
125497,,562.2448
125497,,562.3786
125497,,563.9474
125497,,531.5014
125497,,535.7919
125497,,537.2397
125497,,537.4711
125497,,541.9331
125497,,544.5158
125497,,551.7916
125497,,549.8418
125497,,548.0451
125497,,542.0719
125497,,540.3037
125497,,545.8636
125497,,551.8155
125497,,545.0131
125497,,542.0891
125497,,537.6157
125497,,529.6352
125497,,530.3504
125497,,539.1437
125497,,552.2594
125497,,553.018
125497,,558.7793
125497,,560.2132
125497,,562.9737
125497,,561.5672
125497,,572.3948
125497,,578.5997
125497,,585.8275
125497,,586.2561
125497,,588.2214
125497,,593.7499
125497,,602.2871
125497,,592.315
125497,,585.7853
125497,,592.8951
125497,,591.7542
125497,,588.5626
125497,,582.3889
125497,,601.0558
125497,,599.7883
125497,,604.1816
125497,,601.6883
125497,,601.9717
125497,,604.4041
125497,,608.918
125497,,599.7553
125497,,603.8592
125497,,602.9268
125497,,607.0134
125497,,611.5022
125497,,620.5554
125497,,658.2953
125497,,658.4312
125497,,653.8284
125497,,661.6532
125497,,662.317
125497,,674.7404
125497,,665.4799
125497,,662.5619
125497,,663.0946
125497,,670.125
125497,,672.8371
125497,,675.03
125497,,668.6973
125497,,662.2507
125497,,655.2621
125497,,642.5165
125497,,638.4265
125497,,643.0878
125497,,641.0753
125497,,644.018
125497,,635.7573
125497,,640.5775
125497,,637.7781
125497,,638.1757
125497,,637.9822
125497,,631.1934
125497,,625.1296
125497,,657.2434
125497,,661.057
125497,,657.2621
125497,,658.2808
125497,,659.994
125497,,654.8879
125497,,653.0084
125497,,652.1608
125497,,661.8026
125497,,650.1042
125497,,657.3936
125497,,652.3212
125497,,644.8078
125497,,695.2598
125497,,690.8537
125497,,687.2477
125497,,685.7314
125497,,673.4684
125497,,674.637
125497,,663.8502
125497,,664.5036
125497,,669.9395
125497,,667.4721
125497,,677.7674
125497,,669.4388
125497,,676.858
125497,,681.2515
125497,,673.0718
125497,,677.1904
125497,,675.2276
125497,,664.1452
125497,,663.6132
125497,,650.2365
125497,,652.605
125497,,647.3268
125497,,648.5946
125497,,656.4935
125497,,651.3593
125497,,657.8235
125497,,655.6522
125497,,652.3538
125497,,652.8233
125497,,656.7698
125497,,658.2307
125497,,666.2222
125497,,666.1291
125497,,665.389
125497,,669.2191
125497,,670.1511
125497,,668.1923
125497,,671.5872
125497,,668.078
125497,,664.8296
125497,,654.6744
125497,,639.8713
125497,,647.9628
125497,,644.0929
125497,,648.339
125497,,652.927
125497,,648.2325
125497,,652.3557
125497,,650.4771
125497,,639.0318
125497,,645.98
125497,,641.9107
125497,,637.4202
125497,,635.4862
125497,,647.1252
125497,,644.7033
125497,,643.634
125497,,643.0103
125497,,646.7761
125497,,655.0025
125497,,657.4226
125497,,664.6841
125497,,659.3926
125497,,657.3248
125497,,653.4764
125497,,655.6293
125497,,653.8942
125497,,647.9318
125497,,648.4574
125497,,648.3236
125497,,654.3532
125497,,659.0208
125497,,661.0953
125497,,664.0675
125497,,663.799
125497,,674.6227
125497,,666.2228
125497,,667.388
125497,,668.1154
125497,,685.6143
125497,,683.6866
125497,,676.2957
125497,,674.2204
125497,,674.6517
125497,,678.3643
125497,,675.1837
125497,,684.8612
125497,,678.5124
125497,,668.5294
125497,,675.4347
125497,,662.3619
125497,,661.5117
125497,,680.3035
125497,,680.5822
125497,,691.111
125497,,687.6477
125497,,695.8522
125497,,694.6348
125497,,696.6965
125497,,691.3433
125497,,685.6452
125497,,690.1753
125497,,687.8351
125497,,683.0274
125497,,679.5145
125497,,684.0689
125497,,688.2141
125497,,688.0648
125497,,692.3707
125497,,689.1669
125497,,704.5978
125497,,717.4025
125497,,717.8479
125497,,720.6712
125497,,729.7388
125497,,729.1686
125497,,725.3323
125497,,731.3219
125497,,732.2056
125497,,724.182
125497,,724.1262
125497,,723.9723
125497,,729.2813
125497,,724.6877
125497,,733.8629
125497,,747.0892
125497,,747.2167
125497,,755.8875
125497,,749.2637
125497,,756.7928
125497,,764.2091
125497,,770.448
125497,,770.7397
125497,,720.9685
125497,,728.5104
125497,,724.6495
125497,,721.7384
125497,,719.2082
125497,,721.7338
125497,,725.0176
125497,,706.1732
125497,,712.9322
125497,,722.3934
125497,,716.1029
125497,,710.3551
125497,,707.905
125497,,695.6768
125497,,695.3139
125497,,692.8838
125497,,694.7406
125497,,698.0148
125497,,702.7467
125497,,710.4536
125497,,713.3834
125497,,705.1446
125497,,702.5676
125497,,721.4137
125497,,726.4125
125497,,742.1334
125497,,751.7106
125497,,759.6272
125497,,753.9462
125497,,751.3388
125497,,745.0084
125497,,740.0077
125497,,732.0295
125497,,726.6141
125497,,736.1469
125497,,730.6042
125497,,731.7969
125497,,728.9346
125497,,736.9326
125497,,745.8882
125497,,770.7783
125497,,776.3911
125497,,788.7201
125497,,785.8674
125497,,777.4068
125497,,774.3482
125497,,776.1761
125497,,776.9754
125497,,774.6836
125497,,762.1421
125497,,765.706
125497,,779.5435
125497,,783.1457
125497,,799.8181
125497,,798.0032
125497,,800.6314
125497,,804.1529
125497,,810.5016
125497,,820.146
125497,,821.1339
125497,,812.1366
125497,,810.0864
125497,,810.8194
125497,,798.2096
125497,,808.4623
125497,,809.8957
125497,,813.0435
125497,,833.0714
125497,,819.8318
125497,,828.8354
125497,,836.9942
125497,,838.146
125497,,836.9018
125497,,840.2927
125497,,857.869
125497,,845.0679
125497,,851.3554
125497,,844.974
125497,,845.2615
125497,,843.8509
125497,,814.8385
125497,,805.0925
125497,,808.7914
125497,,802.6389
125497,,799.8653
125497,,802.3554
125497,,797.3186
125497,,797.3223
125497,,787.1542
125497,,791.9544
125497,,804.7927
125497,,825.2824
125497,,826.3724
125497,,843.522
125497,,836.0797
125497,,844.0821
125497,,836.6892
125497,,829.4044
125497,,823.2016
125497,,829.1616
125497,,825.0892
125497,,815.7592
125497,,811.832
125497,,812.0215
125497,,804.0226
125497,,796.3083
125497,,801.1872
125497,,810.661
125497,,810.3976
125497,,823.2837
125497,,807.5561
125497,,809.3664
125497,,823.6026
125497,,821.4643
125497,,820.2554
125497,,822.8202
125497,,819.1978
125497,,817.3678
125497,,815.3568
125497,,812.244
125497,,808.9725
125497,,824.6983
125497,,805.1839
125497,,804.3243
125497,,817.0804
125497,,818.381
125497,,824.262
125497,,825.4136
125497,,820.9935
125497,,805.3357
125497,,807.2126
125497,,819.0084
125497,,832.4174
125497,,831.0322
125497,,814.198
125497,,819.4462
125497,,827.0251
125497,,815.9598
125497,,817.6525
125497,,821.3363
125497,,821.2305
125497,,815.944
125497,,823.7123
125497,,821.2107
125497,,810.9428
125497,,796.8279
125497,,777.1134
125497,,775.3852
125497,,779.9692
125497,,780.097
125497,,785.9905
125497,,795.8087
125497,,803.6846
125497,,807.4428
125497,,807.944
125497,,801.3989
125497,,807.0619
125497,,819.5294
125497,,819.7218
125497,,812.0222
125497,,819.4388
125497,,826.1967
125497,,829.2736
125497,,817.203
125497,,815.0444
125497,,806.7025
125497,,815.537
125497,,811.7682
125497,,804.4471
125497,,805.0738
125497,,800.9545
125497,,783.8899
125497,,784.0992
125497,,794.0002
125497,,799.0652
125497,,793.6968
125497,,786.8616
125497,,792.9674
125497,,796.1548
125497,,797.759
125497,,792.2342
125497,,796.9042
125497,,792.0206
125497,,791.7169
125497,,802.2984
125497,,787.24
125497,,782.5829
125497,,776.8126
125497,,772.8562
125497,,770.6991
125497,,770.7648
125497,,772.7655
125497,,748.4192
125497,,743.4907
125497,,741.31
125497,,751.6029
125497,,744.8622
125497,,758.4397
125497,,766.2401
125497,,769.9692
125497,,759.5305
125497,,762.574
125497,,770.2212
125497,,764.8405
125497,,771.7777
125497,,776.9874
125497,,790.19
125497,,787.6902
125497,,780.5047
125497,,778.4209
125497,,788.7455
125497,,767.1247
125497,,760.8
125497,,754.1163
125497,,761.8856
125497,,759.6983
125497,,759.6655
125497,,763.3006
125497,,771.0275
125497,,769.1601
125497,,779.9421
125497,,765.7836
125497,,771.3299
125497,,766.0352
125497,,780.1153
125497,,785.6958
125497,,772.2558
125497,,774.9358
125497,,773.3554
125497,,768.0537
125497,,763.4346
125497,,762.3847
125497,,738.934
125497,,734.7568
125497,,729.4797
125497,,733.2936
125497,,728.4784
125497,,753.1267
125497,,749.5585
125497,,759.8851
125497,,759.2043
125497,,763.7498
125497,,774.0166
125497,,781.494
125497,,772.2419
125497,,775.6779
125497,,781.9227
125497,,788.5038
125497,,781.2028
125497,,777.09
125497,,784.3404
125497,,779.4908
125497,,774.2558
125497,,783.5819
125497,,788.6153
125497,,784.069
125497,,792.6689
125497,,790.9858
125497,,782.8163
125497,,782.0328
125497,,792.4235
125497,,793.9886
125497,,794.486
125497,,806.4566
125497,,793.1723
125497,,794.4058
125497,,783.1833
125497,,802.5431
125497,,806.647
125497,,808.5594
125497,,813.3775
125497,,818.9046
125497,,818.3122
125497,,814.1892
125497,,818.9273
125497,,822.1417
125497,,816.7117
125497,,853.7018
125497,,846.9708
125497,,864.9068
125497,,854.6794
125497,,845.3867
125497,,855.6833
125497,,861.5272
125497,,854.2077
125497,,859.2381
125497,,870.8826
125497,,871.0994
125497,,891.755
125497,,878.7518
125497,,923.9393
125497,,916.1468
125497,,914.7802
125497,,907.696
125497,,905.0771
125497,,913.6883
125497,,915.0307
125497,,936.7944
125497,,938.8779
125497,,939.857
125497,,941.223
125497,,936.4264
125497,,936.4319
125497,,946.2803
125497,,917.0961
125497,,910.8485
125497,,905.8705
125497,,899.9979
125497,,901.9875
125497,,901.1759
125497,,897.2362
125497,,901.0938
125497,,915.3635
125497,,929.1722
125497,,914.0202
125497,,919.1578
125497,,913.8396
125497,,921.2181
125497,,917.6851
125497,,920.4599
125497,,928.7855
125497,,938.8665
125497,,938.8637
125497,,937.5197
125497,,939.5858
125497,,930.587
125497,,929.4788
125497,,936.0852
125497,,941.8856
125497,,940.1281
125497,,940.5833
125497,,937.7937
125497,,951.5521
125497,,964.4252
125497,,957.3657
125497,,958.4488
125497,,953.4564
125497,,951.2043
125497,,968.6511
125497,,966.5256
125497,,970.1014
125497,,975.2467
125497,,967.1771
125497,,917.7939
125497,,925.2601
125497,,932.3764
125497,,923.3998
125497,,929.803
125497,,942.894
125497,,959.3431
125497,,984.4011
125497,,977.1053
125497,,1002.2649
125497,,999.6545
125497,,994.958
125497,,1003.3914
125497,,1014.3274
125497,,1000.1439
125497,,1005.8317
125497,,1003.9738
125497,,1005.9691
125497,,1015.9409
125497,,1005.8161
125497,,997.3879
125497,,981.014
125497,,976.7781
125497,,988.8164
125497,,988.2751
125497,,977.1676
125497,,973.4931
125497,,962.8197
125497,,969.993
125497,,973.3655
125497,,978.7307
125497,,977.4058
125497,,982.5975
125497,,980.1794
125497,,980.7045
125497,,978.8368
125497,,975.4008
125497,,969.9912
125497,,974.5029
125497,,992.8374
125497,,1005.2111
125497,,1004.1819
125497,,1016.8245
125497,,1015.6487
125497,,1023.8152
125497,,1004.496
125497,,1026.6832
125497,,1040.8503
125497,,1038.7766
125497,,1021.393
125497,,1024.5192
125497,,1012.0774
125497,,1038.4335
125497,,1036.4949
125497,,1024.3967
125497,,1037.2196
125497,,1057.1478
125497,,1057.3086
125497,,1078.1905
125497,,1079.6159
125497,,1076.5548
125497,,1071.138
125497,,1087.2758
125497,,1080.3779
125497,,1087.9675
125497,,1083.1742
125497,,1108.8797
125497,,1112.5964
125497,,1103.5146
125497,,1111.1468
125497,,1112.5589
125497,,1096.4168
125497,,1088.0324
125497,,1083.7647
125497,,1083.6274
125497,,1102.4025
125497,,1105.2905
125497,,1140.3673
125497,,1163.41
125497,,1167.372
125497,,1159.4037
125497,,1177.0355
125497,,1199.4212
125497,,1199.6907
125497,,1194.99
125497,,1193.7905
125497,,1201.959
125497,,1216.2085
125497,,1222.9737
125497,,1224.703
125497,,1265.1419
125497,,1257.6392
125497,,1250.1005
125497,,1274.3615
125497,,1286.0621
125497,,1259.9425
125497,,1254.3241
125497,,1235.0759
125497,,1225.396
125497,,1192.5583
125497,,1191.733
125497,,1180.4001
125497,,1181.6333
125497,,1165.4197
125497,,1192.4016
125497,,1192.1357
125497,,1216.6985
125497,,1215.156
125497,,1213.8198
125497,,1199.1005
125497,,1209.7695
125497,,1220.6115
125497,,1229.7696
125497,,1223.5953
125497,,1216.6203
125497,,1203.4452
125497,,1204.9571
100033,,105.1666
100033,,103.996
100033,,104.1974
100033,,104.4558
100033,,102.6627
100033,,103.9636
100033,,102.942
100033,,103.1229
100033,,104.6407
100033,,105.8779
100033,,105.9929
100033,,105.6052
100033,,106.8818
100033,,106.8257
100033,,108.364
100033,,107.7528
100033,,108.8337
100033,,107.0222
100033,,107.3962
100033,,104.9459
100033,,104.6815
100033,,105.3057
100033,,104.7217
100033,,103.4831
100033,,108.5805
100033,,107.7743
100033,,107.2285
100033,,104.9198
100033,,103.5462
100033,,101.1884
100033,,101.2103
100033,,102.2759
100033,,103.7097
100033,,104.2962
100033,,103.1701
100033,,100.8797
100033,,98.8472
100033,,97.423
100033,,96.1953
100033,,96.2441
100033,,95.9254
100033,,97.0126
100033,,98.1048
100033,,97.0652
100033,,96.9191
100033,,97.3115
100033,,97.0595
100033,,97.8075
100033,,98.2034
100033,,100.4489
100033,,98.6925
100033,,94.8416
100033,,94.877
100033,,95.6569
100033,,97.6478
100033,,98.0226
100033,,97.4349
100033,,98.0475
100033,,97.4765
100033,,96.9552
100033,,95.2716
100033,,96.3987
100033,,96.0191
100033,,96.2936
100033,,98.4788
100033,,100.6261
100033,,101.5688
100033,,100.7252
100033,,100.6562
100033,,100.0711
100033,,101.665
100033,,102.0537
100033,,101.1686
100033,,100.668
100033,,102.0969
100033,,104.1413
100033,,106.1354
100033,,107.1737
100033,,103.8473
100033,,104.7695
100033,,106.0347
100033,,106.8762
100033,,106.4248
100033,,106.4063
100033,,106.5943
100033,,106.8038
100033,,108.1605
100033,,109.0705
100033,,111.8918
100033,,114.9637
100033,,115.151
100033,,108.1696
100033,,109.0769
100033,,108.1271
100033,,106.9406
100033,,106.3658
100033,,106.7436
100033,,108.7318
100033,,106.1712
100033,,105.9626
100033,,104.3562
100033,,102.3818
100033,,103.6435
100033,,104.3917
100033,,106.6623
100033,,104.154
100033,,103.5045
100033,,104.8919
100033,,105.9577
100033,,107.1956
100033,,106.0081
100033,,108.1512
100033,,106.9815
100033,,107.3268
100033,,107.3859
100033,,107.235
100033,,109.0404
100033,,108.197
100033,,106.2219
100033,,106.4399
100033,,108.347
100033,,109.8855
100033,,110.2616
100033,,109.9101
100033,,110.3387
100033,,109.7298
100033,,112.0856
100033,,111.9075
100033,,111.8674
100033,,109.0131
100033,,108.8318
100033,,106.6257
100033,,109.8857
100033,,110.9932
100033,,109.9251
100033,,111.5046
100033,,111.1578
100033,,113.0778
100033,,114.2519
100033,,110.3717
100033,,109.1269
100033,,110.4418
100033,,110.7171
100033,,109.4426
100033,,118.9629
100033,,119.582
100033,,119.3948
100033,,120.9612
100033,,123.1675
100033,,122.5446
100033,,121.5728
100033,,121.8572
100033,,123.1591
100033,,124.4251
100033,,122.4047
100033,,125.3221
100033,,124.448
100033,,124.1375
100033,,128.2425
100033,,125.2782
100033,,123.3919
100033,,126.1757
100033,,128.7659
100033,,128.9543
100033,,131.6354
100033,,131.4721
100033,,131.1781
100033,,131.3555
100033,,131.2477
100033,,130.9985
100033,,132.8931
100033,,133.7408
100033,,133.8053
100033,,138.1007
100033,,136.0111
100033,,132.8995
100033,,133.5193
100033,,133.0088
100033,,133.6031
100033,,134.6308
100033,,136.8082
100033,,134.453
100033,,133.6502
100033,,139.2123
100033,,139.7354
100033,,137.6319
100033,,137.0081
100033,,138.5481
100033,,139.2264
100033,,140.2718
100033,,141.0113
100033,,143.8802
100033,,144.3846
100033,,143.8161
100033,,142.3444
100033,,142.8666
100033,,138.8471
100033,,138.6347
100033,,139.9563
100033,,140.2578
100033,,137.9241
100033,,140.7364
100033,,141.457
100033,,140.5577
100033,,138.5582
100033,,139.3103
100033,,139.2089
100033,,141.9523
100033,,141.4612
100033,,140.145
100033,,147.1776
100033,,150.939
100033,,147.9881
100033,,146.9807
100033,,147.0078
100033,,146.8494
100033,,148.7292
100033,,146.9571
100033,,147.516
100033,,146.5975
100033,,147.2155
100033,,147.2007
100033,,147.464
100033,,148.5671
100033,,147.0643
100033,,144.0624
100033,,143.2429
100033,,142.0308
100033,,141.9927
100033,,141.0096
100033,,142.3618
100033,,141.9674
100033,,142.3193
100033,,142.6843
100033,,143.1141
100033,,143.1694
100033,,144.1442
100033,,145.8592
100033,,146.5394
100033,,143.5894
100033,,144.469
100033,,143.0421
100033,,142.0721
100033,,140.3063
100033,,141.6368
100033,,143.4515
100033,,143.5885
100033,,142.2064
100033,,145.0356
100033,,143.8358
100033,,141.3059
100033,,144.0276
100033,,142.9935
100033,,142.0755
100033,,142.9873
100033,,142.0987
100033,,142.4544
100033,,139.9277
100033,,143.7828
100033,,141.5776
100033,,141.1286
100033,,141.1689
100033,,144.5354
100033,,142.3576
100033,,147.052
100033,,146.1765
100033,,144.5564
100033,,145.9432
100033,,146.9806
100033,,149.2236
100033,,146.1769
100033,,148.1506
100033,,152.7635
100033,,152.0425
100033,,155.6356
100033,,155.2509
100033,,152.8246
100033,,155.2843
100033,,155.8207
100033,,154.2047
100033,,156.7068
100033,,155.6266
100033,,157.85
100033,,157.5155
100033,,158.0034
100033,,157.1761
100033,,155.3811
100033,,152.2727
100033,,150.4629
100033,,149.9818
100033,,155.0908
100033,,156.3861
100033,,159.7038
100033,,160.448
100033,,161.8028
100033,,161.2915
100033,,158.7905
100033,,157.6024
100033,,157.6915
100033,,157.9128
100033,,161.7049
100033,,161.9715
100033,,164.3838
100033,,163.6404
100033,,166.7621
100033,,166.6872
100033,,169.1377
100033,,168.4411
100033,,169.9924
100033,,172.0071
100033,,172.5532
100033,,167.8716
100033,,168.0216
100033,,170.6295
100033,,171.826
100033,,172.862
100033,,169.4494
100033,,168.5907
100033,,167.4608
100033,,164.3576
100033,,165.7128
100033,,165.2977
100033,,166.5154
100033,,170.3871
100033,,166.1876
100033,,164.913
100033,,164.6113
100033,,167.6157
100033,,164.4757
100033,,168.4447
100033,,166.623
100033,,171.9768
100033,,172.9582
100033,,174.3499
100033,,176.8597
100033,,173.9938
100033,,177.8014
100033,,172.6579
100033,,171.192
100033,,170.3689
100033,,171.675
100033,,172.2412
100033,,172.0136
100033,,173.3443
100033,,175.9505
100033,,178.2361
100033,,178.8078
100033,,178.2029
100033,,180.3859
100033,,181.9107
100033,,180.5483
100033,,177.8216
100033,,177.3281
100033,,180.6957
100033,,183.3159
100033,,181.0136
100033,,180.8864
100033,,176.2983
100033,,175.9521
100033,,176.5919
100033,,174.3472
100033,,172.2063
100033,,173.4844
100033,,174.775
100033,,174.6048
100033,,176.3619
100033,,174.018
100033,,173.3952
100033,,186.8671
100033,,184.8082
100033,,183.4191
100033,,184.3905
100033,,186.287
100033,,188.9305
100033,,192.6434
100033,,192.6178
100033,,195.5212
100033,,194.8532
100033,,197.1013
100033,,197.7248
100033,,198.9164
100033,,200.0622
100033,,196.3888
100033,,201.4467
100033,,201.9379
100033,,203.3127
100033,,203.9417
100033,,205.379
100033,,205.2237
100033,,205.2772
100033,,207.6547
100033,,213.7112
100033,,210.3016
100033,,210.1822
100033,,207.3733
100033,,218.2468
100033,,217.214
100033,,214.3435
100033,,213.6468
100033,,216.6443
100033,,218.2657
100033,,220.1038
100033,,220.6388
100033,,222.175
100033,,220.2047
100033,,219.5385
100033,,220.1921
100033,,221.0738
100033,,231.8436
100033,,232.8146
100033,,227.7869
100033,,223.6989
100033,,222.15
100033,,222.8518
100033,,222.3644
100033,,226.4861
100033,,222.6532
100033,,220.8089
100033,,225.0147
100033,,225.5202
100033,,228.0751
100033,,233.9016
100033,,229.0321
100033,,232.6949
100033,,231.4701
100033,,232.443
100033,,233.055
100033,,237.3283
100033,,240.2657
100033,,236.7293
100033,,233.5458
100033,,235.3284
100033,,235.3059
100033,,234.1854
100033,,244.8416
100033,,244.002
100033,,247.5276
100033,,251.1493
100033,,250.8035
100033,,248.7755
100033,,251.8081
100033,,255.5729
100033,,252.205
100033,,248.7647
100033,,249.6046
100033,,251.6616
100033,,250.9317
100033,,253.1509
100033,,236.896
100033,,240.647
100033,,244.2571
100033,,242.0466
100033,,238.8883
100033,,240.4747
100033,,242.4732
100033,,243.8017
100033,,238.1555
100033,,235.8563
100033,,235.9316
100033,,237.4716
100033,,239.8243
100033,,247.8574
100033,,249.1578
100033,,253.3652
100033,,254.3421
100033,,252.5444
100033,,255.4017
100033,,251.4289
100033,,248.363
100033,,249.5317
100033,,251.2481
100033,,247.6989
100033,,246.7329
100033,,245.1149
100033,,248.2492
100033,,250.5655
100033,,250.524
100033,,249.833
100033,,251.3073
100033,,249.2549
100033,,248.399
100033,,248.9282
100033,,247.6116
100033,,249.7709
100033,,255.5938
100033,,253.4676
100033,,248.6337
100033,,242.9114
100033,,242.638
100033,,228.8578
100033,,230.308
100033,,233.9987
100033,,234.9369
100033,,232.7229
100033,,233.0041
100033,,229.38
100033,,232.4598
100033,,232.8446
100033,,228.1226
100033,,227.4565
100033,,228.8756
100033,,219.9027
100033,,224.6764
100033,,225.9853
100033,,227.0566
100033,,226.8609
100033,,226.8285
100033,,226.2671
100033,,225.6021
100033,,227.1933
100033,,224.8144
100033,,222.0877
100033,,219.27
100033,,224.8565
100033,,222.3305
100033,,224.444
100033,,220.4996
100033,,222.145
100033,,224.1236
100033,,221.926
100033,,219.906
100033,,219.4677
100033,,220.3584
100033,,220.1041
100033,,221.3985
100033,,226.2725
100033,,225.0534
100033,,221.4608
100033,,220.8156
100033,,218.3243
100033,,218.8035
100033,,217.9933
100033,,218.6024
100033,,218.8084
100033,,216.3856
100033,,218.1624
100033,,218.1822
100033,,215.7615
100033,,221.7764
100033,,223.1951
100033,,222.9364
100033,,233.2148
100033,,234.0369
100033,,230.8255
100033,,228.4013
100033,,227.0656
100033,,226.4526
100033,,229.4733
100033,,226.4541
100033,,225.6396
100033,,228.3821
100033,,227.7174
100033,,229.1303
100033,,232.2872
100033,,236.5967
100033,,234.8962
100033,,238.8225
100033,,241.3334
100033,,238.8704
100033,,239.9116
100033,,239.9263
100033,,241.8927
100033,,241.4099
100033,,240.6861
100033,,244.8277
100033,,244.7036
100033,,247.3029
100033,,259.6603
100033,,254.257
100033,,254.3698
100033,,254.8513
100033,,258.611
100033,,263.7526
100033,,261.7756
100033,,264.4762
100033,,267.0904
100033,,270.7265
100033,,272.531
100033,,266.4476
100033,,266.1319
100033,,257.2852
100033,,252.2713
100033,,250.2313
100033,,249.818
100033,,251.9869
100033,,252.7268
100033,,257.812
100033,,254.808
100033,,257.683
100033,,258.0029
100033,,260.3325
100033,,259.1507
100033,,261.0763
100033,,261.3557
100033,,265.7825
100033,,268.4373
100033,,268.5944
100033,,269.4736
100033,,270.6114
100033,,272.1043
100033,,266.4027
100033,,265.6221
100033,,261.1206
100033,,265.3252
100033,,265.311
100033,,264.8764
100033,,267.9155
100033,,252.8949
100033,,256.578
100033,,256.4375
100033,,256.7259
100033,,258.134
100033,,255.8832
100033,,257.4583
100033,,256.5027
100033,,253.9361
100033,,255.8575
100033,,260.6423
100033,,263.0907
100033,,263.6107
100033,,268.9071
100033,,268.6327
100033,,269.7885
100033,,274.4522
100033,,273.3123
100033,,280.2418
100033,,287.1976
100033,,286.9408
100033,,285.1565
100033,,287.7402
100033,,286.7392
100033,,282.9881
100033,,286.2458
100033,,288.9636
100033,,293.9678
100033,,290.6989
100033,,289.7027
100033,,292.5436
100033,,294.3152
100033,,299.9653
100033,,301.6824
100033,,308.6381
100033,,310.849
100033,,315.0385
100033,,314.0328
100033,,314.2984
100033,,325.0021
100033,,325.4723
100033,,327.9252
100033,,324.9634
100033,,327.4107
100033,,331.5544
100033,,336.6605
100033,,345.1053
100033,,346.3486
100033,,347.7205
100033,,341.6691
100033,,342.9996
100033,,336.2986
100033,,335.5283
100033,,333.8315
100033,,332.0001
100033,,333.8859
100033,,336.7554
100033,,337.9205
100033,,342.2013
100033,,344.7994
100033,,343.8157
100033,,342.147
100033,,343.6622
100033,,367.6649
100033,,362.4321
100033,,358.3663
100033,,359.7802
100033,,361.5007
100033,,357.0189
100033,,357.4504
100033,,360.4043
100033,,355.7122
100033,,360.6912
100033,,359.3074
100033,,365.0028
100033,,362.9245
100033,,358.7343
100033,,350.7887
100033,,350.6508
100033,,357.7158
100033,,353.9543
100033,,346.6097
100033,,349.4189
100033,,351.1079
100033,,347.1297
100033,,341.0618
100033,,347.6301
100033,,353.8026
100033,,343.6561
100033,,342.0072
125498,,111.8753
125498,,113.1451
125498,,111.2718
125498,,110.1219
125498,,111.808
125498,,112.5993
125498,,111.8459
125498,,113.5435
125498,,115.2728
125498,,115.7227
125498,,114.5598
125498,,114.0713
125498,,114.5402
125498,,108.6005
125498,,109.5271
125498,,109.6914
125498,,109.5914
125498,,111.2211
125498,,109.5615
125498,,110.3416
125498,,108.2295
125498,,107.2212
125498,,105.7475
125498,,106.8139
125498,,102.4991
125498,,104.6481
125498,,104.1747
125498,,102.6173
125498,,102.9561
125498,,102.4411
125498,,101.4897
125498,,100.2349
125498,,103.6816
125498,,103.4397
125498,,101.1512
125498,,103.0453
125498,,103.8718
125498,,102.9927
125498,,104.4839
125498,,105.8553
125498,,105.1041
125498,,102.8512
125498,,102.3989
125498,,102.9568
125498,,102.4573
125498,,102.1503
125498,,103.628
125498,,103.8302
125498,,102.8568
125498,,103.7947
125498,,104.1108
125498,,104.3994
125498,,103.2333
125498,,102.3678
125498,,101.5701
125498,,101.7969
125498,,100.5777
125498,,101.1543
125498,,102.2537
125498,,102.9792
125498,,100.8905
125498,,102.1683
125498,,103.3908
125498,,104.4936
125498,,107.5759
125498,,107.2822
125498,,106.0808
125498,,105.5647
125498,,104.2566
125498,,103.7679
125498,,103.3344
125498,,103.524
125498,,101.6109
125498,,99.9354
125498,,100.437
125498,,99.5501
125498,,100.9067
125498,,101.2474
125498,,106.2299
125498,,106.3433
125498,,106.4421
125498,,105.3291
125498,,105.4981
125498,,107.349
125498,,107.9951
125498,,108.1081
125498,,107.9718
125498,,108.4734
125498,,109.5251
125498,,110.4011
125498,,110.0377
125498,,112.2361
125498,,114.2285
125498,,114.2657
125498,,114.5336
125498,,116.145
125498,,114.1543
125498,,113.7905
125498,,115.7021
125498,,117.1395
125498,,117.7378
125498,,115.7128
125498,,115.7217
125498,,114.9851
125498,,110.7278
125498,,109.1453
125498,,107.9127
125498,,107.0548
125498,,107.5982
125498,,106.6502
125498,,108.9765
125498,,110.399
125498,,111.5475
125498,,111.4631
125498,,113.5783
125498,,113.3587
125498,,113.3928
125498,,113.7004
125498,,113.7074
125498,,114.6365
125498,,117.2197
125498,,115.6289
125498,,115.1177
125498,,114.6597
125498,,116.6142
125498,,116.6441
125498,,115.4621
125498,,116.3152
125498,,115.8314
125498,,114.2233
125498,,113.0855
125498,,119.2163
125498,,117.9086
125498,,117.1265
125498,,114.4619
125498,,117.3517
125498,,118.6498
125498,,117.5561
125498,,117.2393
125498,,116.4275
125498,,118.6771
125498,,116.756
125498,,116.995
125498,,116.922
125498,,113.0993
125498,,112.4294
125498,,111.9926
125498,,113.0653
125498,,112.9068
125498,,113.5467
125498,,112.7755
125498,,113.1626
125498,,114.298
125498,,113.3771
125498,,114.5196
125498,,114.6687
125498,,116.1909
125498,,115.9894
125498,,114.8141
125498,,115.4601
125498,,117.7383
125498,,115.2262
125498,,114.6054
125498,,111.8003
125498,,111.9181
125498,,112.3584
125498,,114.5955
125498,,114.8385
125498,,116.361
125498,,117.256
125498,,116.7255
125498,,117.0157
125498,,117.0316
125498,,116.5057
125498,,117.1332
125498,,115.9201
125498,,114.3313
125498,,116.123
125498,,117.2172
125498,,117.3888
125498,,119.8326
125498,,119.5298
125498,,121.5191
125498,,123.1847
125498,,121.7723
125498,,123.2911
125498,,123.0062
125498,,123.3954
125498,,121.5042
125498,,124.3053
125498,,126.1743
125498,,125.9565
125498,,125.4325
125498,,127.0735
125498,,130.2125
125498,,131.7964
125498,,135.3585
125498,,133.9628
125498,,132.1842
125498,,133.5782
125498,,132.9221
125498,,131.7471
125498,,133.453
125498,,131.4978
125498,,131.1125
125498,,131.718
125498,,130.9048
125498,,132.2267
125498,,131.4181
125498,,133.7428
125498,,136.2812
125498,,133.991
125498,,135.2644
125498,,134.428
125498,,133.9792
125498,,133.5617
125498,,132.3728
125498,,133.3709
125498,,135.7008
125498,,136.5585
125498,,136.8198
125498,,135.3052
125498,,136.2366
125498,,129.9617
125498,,131.2271
125498,,129.626
125498,,129.1888
125498,,131.565
125498,,129.4518
125498,,127.1847
125498,,127.6814
125498,,129.5375
125498,,127.2053
125498,,127.9138
125498,,128.8933
125498,,125.8403
125498,,127.1345
125498,,131.2659
125498,,130.8458
125498,,127.5353
125498,,129.5741
125498,,129.957
125498,,129.4552
125498,,130.8784
125498,,133.3786
125498,,129.0668
125498,,129.827
125498,,127.7151
125498,,128.567
125498,,128.8509
125498,,127.8808
125498,,127.1885
125498,,127.5521
125498,,129.008
125498,,127.213
125498,,126.2671
125498,,126.6324
125498,,130.4131
125498,,129.1598
125498,,132.4418
125498,,135.7491
125498,,135.6826
125498,,135.2905
125498,,134.265
125498,,131.9369
125498,,132.1267
125498,,131.8732
125498,,131.5006
125498,,132.3822
125498,,132.4258
125498,,133.0157
125498,,133.4484
125498,,135.3462
125498,,136.5394
125498,,136.9473
125498,,139.553
125498,,140.3514
125498,,143.0534
125498,,145.3499
125498,,145.2504
125498,,144.6844
125498,,143.1881
125498,,143.7464
125498,,144.1659
125498,,144.9354
125498,,143.2609
125498,,140.6364
125498,,141.789
125498,,144.4285
125498,,142.7614
125498,,144.5076
125498,,141.3825
125498,,138.9214
125498,,138.9849
125498,,139.5678
125498,,140.4746
125498,,140.0626
125498,,144.4668
125498,,144.1705
125498,,143.8698
125498,,142.6001
125498,,142.9081
125498,,144.061
125498,,146.2499
125498,,149.9658
125498,,147.6707
125498,,145.881
125498,,144.1617
125498,,145.4344
125498,,143.3118
125498,,142.8414
125498,,143.7179
125498,,143.701
125498,,144.2442
125498,,142.512
125498,,143.6271
125498,,142.6731
125498,,137.4514
125498,,139.4614
125498,,141.6924
125498,,139.6906
125498,,142.0748
125498,,141.9265
125498,,142.7355
125498,,141.9853
125498,,143.6595
125498,,144.4569
125498,,143.1526
125498,,141.2653
125498,,138.9114
125498,,140.2021
125498,,138.5021
125498,,139.155
125498,,138.4882
125498,,140.3287
125498,,141.7296
125498,,140.9862
125498,,140.8677
125498,,140.036
125498,,137.7699
125498,,136.4553
125498,,136.8717
125498,,137.4983
125498,,129.8476
125498,,129.6053
125498,,129.2247
125498,,131.7922
125498,,132.514
125498,,132.867
125498,,134.2952
125498,,134.9799
125498,,134.3331
125498,,136.1588
125498,,134.4529
125498,,135.0651
125498,,132.6759
125498,,135.1827
125498,,135.1906
125498,,135.8909
125498,,135.7953
125498,,133.9763
125498,,135.5736
125498,,136.4846
125498,,140.3982
125498,,138.7955
125498,,140.2633
125498,,138.1719
125498,,138.5258
125498,,137.7316
125498,,138.0133
125498,,138.1094
125498,,136.4124
125498,,138.3275
125498,,138.9107
125498,,139.663
125498,,138.4147
125498,,137.7489
125498,,137.5516
125498,,135.1401
125498,,132.5265
125498,,131.6658
125498,,132.5812
125498,,131.6376
125498,,135.2781
125498,,133.4033
125498,,131.7365
125498,,133.9479
125498,,133.1633
125498,,131.2722
125498,,130.6849
125498,,130.4002
125498,,130.9081
125498,,131.3905
125498,,130.1823
125498,,131.3436
125498,,134.3076
125498,,135.1607
125498,,136.1139
125498,,134.4674
125498,,134.7445
125498,,134.7874
125498,,135.3985
125498,,135.6789
125498,,136.3889
125498,,135.9731
125498,,136.1603
125498,,134.2645
125498,,133.8417
125498,,138.964
125498,,137.0761
125498,,137.9056
125498,,138.9009
125498,,137.1857
125498,,137.048
125498,,136.5908
125498,,137.1024
125498,,135.3693
125498,,137.5057
125498,,139.1151
125498,,138.6052
125498,,138.3399
125498,,138.2074
125498,,142.8276
125498,,140.7877
125498,,141.9602
125498,,146.0604
125498,,148.0283
125498,,150.6565
125498,,151.1526
125498,,153.0171
125498,,151.8104
125498,,153.3668
125498,,154.6771
125498,,155.3195
125498,,154.0243
125498,,152.5967
125498,,152.2715
125498,,153.6347
125498,,154.7495
125498,,153.5518
125498,,152.1073
125498,,153.4114
125498,,152.1934
125498,,152.4054
125498,,152.7343
125498,,153.4093
125498,,155.0979
125498,,152.8741
125498,,150.6065
125498,,150.3512
125498,,152.8131
125498,,154.5128
125498,,155.0385
125498,,153.4995
125498,,151.8469
125498,,152.4122
125498,,153.7928
125498,,154.6201
125498,,152.8203
125498,,154.119
125498,,155.0112
125498,,155.1803
125498,,153.5981
125498,,154.9975
125498,,156.6792
125498,,157.9221
125498,,160.9209
125498,,159.9887
125498,,163.3372
125498,,161.6945
125498,,159.8542
125498,,156.6278
125498,,155.8994
125498,,155.0669
125498,,150.0027
125498,,150.4482
125498,,151.7477
125498,,149.1506
125498,,151.3999
125498,,153.8798
125498,,150.3444
125498,,149.1812
125498,,150.1703
125498,,151.4351
125498,,150.3116
125498,,149.8641
125498,,148.8968
125498,,149.1943
125498,,151.4496
125498,,151.301
125498,,152.9018
125498,,153.0811
125498,,151.2284
125498,,152.1629
125498,,150.9684
125498,,154.3502
125498,,157.3367
125498,,158.5854
125498,,161.2987
125498,,161.5327
125498,,163.1294
125498,,166.9209
125498,,163.1279
125498,,162.2733
125498,,161.7923
125498,,161.2963
125498,,162.6045
125498,,166.6277
125498,,166.9868
125498,,166.6666
125498,,166.2624
125498,,166.6225
125498,,165.0902
125498,,165.4394
125498,,162.5786
125498,,162.2555
125498,,159.1291
125498,,160.1502
125498,,157.5206
125498,,157.8909
125498,,158.4491
125498,,160.2456
125498,,163.8099
125498,,161.2648
125498,,161.2723
125498,,160.8483
125498,,161.7946
125498,,162.203
125498,,160.2311
125498,,161.0295
125498,,159.1452
125498,,162.8155
125498,,160.3953
125498,,161.0301
125498,,164.1892
125498,,165.4824
125498,,165.9426
125498,,164.1408
125498,,161.5575
125498,,163.1634
125498,,166.2436
125498,,160.4324
125498,,163.2645
125498,,163.7676
125498,,159.8055
125498,,158.6294
125498,,157.1142
125498,,156.1957
125498,,157.3577
125498,,157.2615
125498,,157.2229
125498,,159.8219
125498,,158.6022
125498,,164.7817
125498,,163.9405
125498,,165.4298
125498,,162.3866
125498,,161.9533
125498,,161.816
125498,,162.8442
125498,,157.7298
125498,,158.1504
125498,,156.0943
125498,,156.8072
125498,,154.9787
125498,,153.5035
125498,,153.1048
125498,,145.3097
125498,,143.9787
125498,,144.4665
125498,,146.5113
125498,,144.5726
125498,,144.4104
125498,,141.5422
125498,,140.9727
125498,,141.1256
125498,,139.7837
125498,,139.115
125498,,136.8822
125498,,137.101
125498,,134.2012
125498,,136.7562
125498,,137.0397
125498,,135.4502
125498,,134.7117
125498,,137.6887
125498,,139.2905
125498,,140.4563
125498,,141.1519
125498,,140.1339
125498,,139.8922
125498,,139.8562
125498,,150.5017
125498,,148.3187
125498,,146.507
125498,,147.0164
125498,,150.8905
125498,,149.4887
125498,,149.1144
125498,,151.1514
125498,,151.2211
125498,,150.7183
125498,,151.8446
125498,,152.4434
125498,,154.4394
125498,,156.951
125498,,157.6351
125498,,162.9528
125498,,161.7242
125498,,161.2321
125498,,162.1201
125498,,163.5345
125498,,163.4254
125498,,159.8332
125498,,158.1043
125498,,159.9177
125498,,154.862
125498,,157.1846
125498,,158.275
125498,,160.8211
125498,,158.6394
125498,,157.0572
125498,,155.1001
125498,,152.461
125498,,152.8315
125498,,155.0756
125498,,154.8372
125498,,152.1743
125498,,153.8156
125498,,157.0564
125498,,155.9515
125498,,155.1654
125498,,160.1953
125498,,161.3197
125498,,159.9507
125498,,160.1527
125498,,157.6889
125498,,159.096
125498,,158.7045
125498,,157.9855
125498,,158.0299
125498,,158.2129
125498,,160.0246
125498,,161.2695
125498,,161.0765
125498,,162.6652
125498,,166.9265
125498,,168.1845
125498,,168.5366
125498,,169.4425
125498,,169.8358
125498,,172.3876
125498,,173.219
125498,,173.2071
125498,,175.4996
125498,,176.1091
125498,,176.4843
125498,,168.4638
125498,,168.031
125498,,163.4697
125498,,166.6921
125498,,168.9879
125498,,170.0065
125498,,174.0499
125498,,172.1418
125498,,176.1941
125498,,174.2878
125498,,174.9045
125498,,172.3743
125498,,172.521
125498,,175.7198
125498,,178.4306
125498,,175.0203
125498,,177.5294
125498,,182.0847
125498,,182.758
125498,,184.1973
125498,,186.6236
125498,,186.1348
125498,,186.6673
125498,,183.8781
125498,,184.3077
125498,,185.5349
125498,,186.8107
125498,,193.5136
125498,,192.425
125498,,189.9743
125498,,189.0797
125498,,184.7281
125498,,183.4174
125498,,181.4267
125498,,182.8957
125498,,181.5499
125498,,183.6132
125498,,186.8384
125498,,188.7208
125498,,188.3619
100025,,26.3038
100025,,26.3194
100025,,26.3327
100025,,26.2918
100025,,26.3156
100025,,26.2408
100025,,26.1859
100025,,26.236
100025,,26.1764
100025,,26.2195
100025,,26.1366
100025,,26.2606
100025,,26.2169
100025,,26.5611
100025,,26.6324
100025,,26.5782
100025,,26.5925
100025,,26.5776
100025,,26.5762
100025,,26.5015
100025,,26.4816
100025,,26.6104
100025,,26.6568
100025,,26.4976
100025,,26.6155
100025,,26.6179
100025,,26.706
100025,,26.7146
100025,,26.6938
100025,,26.7719
100025,,26.7877
100025,,26.7447
100025,,26.8304
100025,,26.8511
100025,,26.859
100025,,26.8787
100025,,26.814
100025,,26.786
100025,,27.1017
100025,,27.1086
100025,,27.0512
100025,,27.0935
100025,,27.0985
100025,,27.072
100025,,27.1553
100025,,27.0776
100025,,27.0566
100025,,27.1345
100025,,27.1638
100025,,27.1683
100025,,27.1932
100025,,27.1495
100025,,27.1708
100025,,27.2316
100025,,27.1673
100025,,27.1518
100025,,27.1441
100025,,27.183
100025,,27.1365
100025,,27.207
100025,,27.2962
100025,,27.2361
100025,,27.2102
100025,,27.1815
100025,,27.1908
100025,,27.1425
100025,,27.2296
100025,,27.3215
100025,,27.3947
100025,,27.4388
100025,,27.453
100025,,27.4265
100025,,27.3685
100025,,27.4014
100025,,27.3283
100025,,27.2677
100025,,27.3549
100025,,27.494
100025,,27.6964
100025,,27.6356
100025,,27.5896
100025,,27.5275
100025,,27.5412
100025,,27.4737
100025,,27.4342
100025,,27.3933
100025,,27.3831
100025,,27.2885
100025,,27.3023
100025,,27.396
100025,,27.4132
100025,,27.5438
100025,,27.5517
100025,,27.553
100025,,27.463
100025,,27.4823
100025,,27.5571
100025,,27.4867
100025,,27.5829
100025,,27.4825
100025,,27.6374
100025,,27.6167
100025,,27.6347
100025,,27.5111
100025,,27.6339
100025,,27.6115
100025,,27.6762
100025,,27.5711
100025,,27.4948
100025,,27.5788
100025,,27.5054
100025,,27.3874
100025,,27.5245
100025,,27.4359
100025,,27.4564
100025,,27.4691
100025,,27.283
100025,,27.2724
100025,,27.1485
100025,,27.2254
100025,,27.1295
100025,,27.156
100025,,27.1455
100025,,27.1463
100025,,27.2475
100025,,27.2252
100025,,27.2749
100025,,27.2853
100025,,27.2827
100025,,27.4491
100025,,27.3574
100025,,27.3838
100025,,27.3788
100025,,27.3535
100025,,27.3881
100025,,27.3774
100025,,27.3102
100025,,27.5116
100025,,27.4857
100025,,27.3403
100025,,27.2902
100025,,27.2109
100025,,27.2754
100025,,27.3053
100025,,27.4771
100025,,27.5463
100025,,27.5742
100025,,27.607
100025,,27.6977
100025,,27.6593
100025,,27.6076
100025,,27.5331
100025,,27.5536
100025,,27.4331
100025,,27.4729
100025,,27.4732
100025,,27.5597
100025,,27.5209
100025,,27.7112
100025,,27.6898
100025,,27.7289
100025,,27.7688
100025,,27.8716
100025,,27.9639
100025,,27.9518
100025,,28.0515
100025,,28.0091
100025,,28.0829
100025,,28.2193
100025,,28.3139
100025,,28.3296
100025,,28.0566
100025,,28.0221
100025,,28.1058
100025,,28.0991
100025,,28.0514
100025,,28.0754
100025,,28.2227
100025,,28.2546
100025,,28.2368
100025,,28.1364
100025,,28.1289
100025,,28.1536
100025,,28.2259
100025,,28.2514
100025,,28.3272
100025,,28.2131
100025,,28.2694
100025,,28.2769
100025,,28.3457
100025,,28.4193
100025,,28.4321
100025,,28.3972
100025,,28.4612
100025,,28.465
100025,,28.4106
100025,,28.3529
100025,,28.2556
100025,,28.3933
100025,,28.2887
100025,,28.2362
100025,,28.128
100025,,28.1176
100025,,28.2116
100025,,28.1838
100025,,28.1556
100025,,28.2255
100025,,28.3097
100025,,28.3115
100025,,28.3685
100025,,28.5781
100025,,28.5885
100025,,28.5324
100025,,28.5274
100025,,28.4957
100025,,28.5883
100025,,28.7494
100025,,28.6541
100025,,28.5237
100025,,28.5142
100025,,28.4135
100025,,28.4249
100025,,28.4867
100025,,28.4966
100025,,28.3988
100025,,28.2434
100025,,28.1726
100025,,28.0694
100025,,28.1012
100025,,28.0726
100025,,28.0426
100025,,27.9811
100025,,27.762
100025,,27.8757
100025,,27.8135
100025,,27.7925
100025,,27.6987
100025,,27.6642
100025,,27.661
100025,,27.6916
100025,,27.7763
100025,,27.6273
100025,,27.557
100025,,27.5245
100025,,27.5321
100025,,27.5299
100025,,27.5294
100025,,27.5656
100025,,27.5108
100025,,27.5835
100025,,28.1407
100025,,28.2609
100025,,28.3316
100025,,28.4362
100025,,28.5876
100025,,28.6114
100025,,28.5064
100025,,28.4924
100025,,28.5286
100025,,28.5421
100025,,28.4608
100025,,28.3521
100025,,28.3073
100025,,28.3731
100025,,28.4874
100025,,28.5272
100025,,28.5968
100025,,28.5849
100025,,28.4563
100025,,28.4298
100025,,28.441
100025,,28.537
100025,,28.5043
100025,,28.5493
100025,,28.5783
100025,,28.5897
100025,,28.665
100025,,28.5872
100025,,28.571
100025,,28.586
100025,,28.6088
100025,,28.6166
100025,,28.7481
100025,,28.6846
100025,,28.6882
100025,,28.5828
100025,,28.6178
100025,,28.5456
100025,,28.5338
100025,,28.5152
100025,,28.6933
100025,,28.6517
100025,,28.6105
100025,,28.5791
100025,,28.5445
100025,,28.4607
100025,,28.3883
100025,,28.3372
100025,,28.3875
100025,,28.3684
100025,,28.3617
100025,,28.4607
100025,,28.5619
100025,,28.5498
100025,,28.3382
100025,,28.4174
100025,,28.3874
100025,,28.3848
100025,,28.2974
100025,,28.3046
100025,,28.2893
100025,,28.2938
100025,,28.407
100025,,28.4278
100025,,28.3791
100025,,28.3364
100025,,28.387
100025,,28.5428
100025,,28.4985
100025,,28.4721
100025,,28.4976
100025,,28.568
100025,,28.6542
100025,,28.6019
100025,,28.5493
100025,,28.6523
100025,,28.7072
100025,,28.7214
100025,,28.7639
100025,,28.7699
100025,,28.5366
100025,,28.436
100025,,28.4835
100025,,28.4857
100025,,28.3717
100025,,28.3202
100025,,28.3523
100025,,28.3216
100025,,28.28
100025,,28.2828
100025,,28.3154
100025,,28.2211
100025,,28.2683
100025,,28.2888
100025,,28.2783
100025,,28.2889
100025,,28.2196
100025,,28.1729
100025,,28.1453
100025,,28.0792
100025,,28.0725
100025,,28.0517
100025,,28.1909
100025,,28.1162
100025,,28.1315
100025,,28.1571
100025,,28.0818
100025,,28.0442
100025,,28.1084
100025,,28.0629
100025,,28.2293
100025,,28.1881
100025,,28.2692
100025,,28.3375
100025,,28.3681
100025,,28.3283
100025,,28.3256
100025,,28.1804
100025,,27.9789
100025,,28.0317
100025,,27.9673
100025,,28.0183
100025,,28.0599
100025,,28.0946
100025,,28.0898
100025,,28.2277
100025,,28.2709
100025,,28.21
100025,,28.2358
100025,,28.2974
100025,,28.2636
100025,,28.3494
100025,,28.3848
100025,,28.5541
100025,,28.6202
100025,,28.6214
100025,,28.6858
100025,,28.651
100025,,28.6287
100025,,28.5423
100025,,28.5679
100025,,28.5995
100025,,28.6928
100025,,28.7582
100025,,28.7458
100025,,28.899
100025,,28.8978
100025,,28.8964
100025,,28.8481
100025,,28.9249
100025,,28.9387
100025,,28.9343
100025,,28.8881
100025,,28.7995
100025,,28.9029
100025,,28.9516
100025,,28.8416
100025,,28.9053
100025,,29.128
100025,,29.0142
100025,,29.095
100025,,29.039
100025,,28.9753
100025,,28.9753
100025,,29.0152
100025,,29.0355
100025,,28.9895
100025,,28.9608
100025,,28.8865
100025,,28.8784
100025,,28.965
100025,,28.9729
100025,,29.4018
100025,,29.3551
100025,,29.3014
100025,,29.2599
100025,,29.2261
100025,,29.2946
100025,,29.2158
100025,,29.1784
100025,,29.0554
100025,,29.1376
100025,,29.2394
100025,,29.2237
100025,,29.1761
100025,,29.1438
100025,,29.0745
100025,,28.9967
100025,,29.1194
100025,,29.193
100025,,29.329
100025,,29.3773
100025,,29.3539
100025,,29.4604
100025,,29.4663
100025,,29.4911
100025,,29.4964
100025,,29.2865
100025,,29.4676
100025,,29.5178
100025,,29.5114
100025,,29.5474
100025,,29.4822
100025,,29.4189
100025,,29.4449
100025,,29.5037
100025,,29.373
100025,,29.4201
100025,,29.3882
100025,,29.3824
100025,,29.2917
100025,,29.5661
100025,,29.6054
100025,,29.6179
100025,,29.6755
100025,,29.7075
100025,,29.7955
100025,,29.8716
100025,,29.8036
100025,,29.7307
100025,,29.6866
100025,,29.7683
100025,,29.6587
100025,,29.6967
100025,,29.4995
100025,,29.6175
100025,,29.5272
100025,,29.6359
100025,,29.7331
100025,,29.809
100025,,29.7654
100025,,29.7996
100025,,29.7123
100025,,29.7891
100025,,29.7921
100025,,29.7699
100025,,29.6867
100025,,29.5104
100025,,29.4417
100025,,29.7993
100025,,29.9788
100025,,30.0016
100025,,29.9142
100025,,29.9955
100025,,29.9959
100025,,29.9959
100025,,30.0722
100025,,30.1061
100025,,30.0249
100025,,30.0089
100025,,30.0675
100025,,29.9988
100025,,29.9721
100025,,29.9021
100025,,29.9864
100025,,30.0364
100025,,30.1076
100025,,29.9855
100025,,29.9819
100025,,29.9693
100025,,29.9567
100025,,29.9188
100025,,29.9012
100025,,29.9739
100025,,30.0819
100025,,30.1247
100025,,30.0885
100025,,30.1341
100025,,30.2704
100025,,30.3551
100025,,30.3575
100025,,30.4179
100025,,30.4709
100025,,30.5185
100025,,30.6129
100025,,30.707
100025,,30.7059
100025,,30.6408
100025,,30.7657
100025,,30.7543
100025,,30.7638
100025,,30.7961
100025,,30.7592
100025,,30.7829
100025,,30.7806
100025,,30.782
100025,,30.8049
100025,,30.7119
100025,,30.7237
100025,,30.7452
100025,,30.7639
100025,,31.0948
100025,,31.2044
100025,,31.2052
100025,,31.1466
100025,,31.2089
100025,,31.1938
100025,,31.2516
100025,,31.0462
100025,,31.0555
100025,,31.0284
100025,,30.9543
100025,,30.92
100025,,31.4004
100025,,31.3699
100025,,31.3221
100025,,31.3929
100025,,31.458
100025,,31.5285
100025,,31.688
100025,,31.698
100025,,31.7411
100025,,31.6719
100025,,31.8518
100025,,31.8339
100025,,31.8183
100025,,31.7996
100025,,31.9409
100025,,32.098
100025,,31.9642
100025,,31.8744
100025,,31.819
100025,,31.7904
100025,,31.7754
100025,,31.7487
100025,,31.7754
100025,,31.7873
100025,,31.7385
100025,,31.574
100025,,31.5041
100025,,30.9785
100025,,31.0582
100025,,31.0989
100025,,31.1023
100025,,31.0487
100025,,31.0874
100025,,31.1505
100025,,31.1706
100025,,31.3057
100025,,31.351
100025,,31.4322
100025,,31.4518
100025,,31.4788
100025,,31.506
100025,,31.4575
100025,,31.7355
100025,,31.7858
100025,,31.7887
100025,,31.7565
100025,,31.7271
100025,,31.7386
100025,,31.7566
100025,,31.7292
100025,,31.7164
100025,,31.8331
100025,,31.9535
100025,,31.9829
100025,,32.4129
100025,,32.446
100025,,32.5642
100025,,32.5252
100025,,32.4639
100025,,32.4812
100025,,32.4719
100025,,32.5343
100025,,32.5065
100025,,32.6569
100025,,32.5602
100025,,32.6726
100025,,32.5056
100025,,32.5127
100025,,32.405
100025,,32.2984
100025,,32.2911
100025,,32.2873
100025,,32.3658
100025,,32.4369
100025,,32.4957
100025,,32.482
100025,,32.3785
100025,,32.4214
100025,,32.4736
100025,,32.0911
100025,,32.0486
100025,,31.9706
100025,,32.0104
100025,,32.0656
100025,,32.0126
100025,,32.1447
100025,,32.1284
100025,,32.2617
100025,,32.2187
100025,,32.0638
100025,,32.1055
100025,,32.1348
100025,,32.1467
100025,,32.1105
100025,,32.0897
100025,,31.8314
100025,,31.7932
100025,,31.7957
100025,,31.85
100025,,31.8375
100025,,31.8745
100025,,31.709
100025,,31.7135
100025,,31.5886
100025,,31.5225
100025,,31.5787
100025,,31.5568
100025,,31.6316
100025,,31.7173
100025,,31.5929
100025,,31.5557
100025,,31.4967
100025,,31.3621
100025,,31.2896
100025,,31.4916
100025,,31.5491
100025,,31.7109
100025,,31.9363
100025,,31.9192
100025,,31.9375
100025,,31.9271
100025,,31.9461
100025,,32.059
100025,,32.0581
100025,,31.9734
100025,,31.9696
100025,,31.9413
100025,,32.0653
100025,,32.1692
100025,,32.1871
100025,,32.0928
100025,,31.7062
100025,,31.6652
100025,,31.7708
100025,,31.7147
100025,,31.7382
100025,,31.7654
100025,,31.8786
100025,,31.9893
100025,,31.9938
100025,,31.9646
100025,,31.9203
100025,,31.9101
100025,,31.8843
120503,,58.7494
120503,,59.3326
120503,,59.8935
120503,,59.9741
120503,,59.6524
120503,,58.9537
120503,,58.9633
120503,,59.7967
120503,,59.6643
120503,,60.1099
120503,,60.5902
120503,,60.47
120503,,61.2076
120503,,58.1382
120503,,58.3719
120503,,58.0783
120503,,57.309
120503,,57.8319
120503,,58.578
120503,,59.4187
120503,,59.5474
120503,,59.908
120503,,60.6674
120503,,60.3563
120503,,63.0018
120503,,62.9841
120503,,63.6736
120503,,64.3472
120503,,64.6251
120503,,64.9491
120503,,65.2253
120503,,64.1101
120503,,64.2102
120503,,63.6141
120503,,63.7431
120503,,63.1363
120503,,62.5122
120503,,63.436
120503,,64.4188
120503,,64.4644
120503,,64.1623
120503,,64.3818
120503,,64.1104
120503,,64.4091
120503,,65.1372
120503,,64.7587
120503,,64.7175
120503,,65.0149
120503,,64.7989
120503,,65.0983
120503,,65.4517
120503,,66.5509
120503,,67.0965
120503,,66.1691
120503,,67.693
120503,,67.3763
120503,,67.3395
120503,,66.2804
120503,,66.5997
120503,,65.987
120503,,66.0803
120503,,65.7978
120503,,65.209
120503,,64.7815
120503,,65.4779
120503,,65.3101
120503,,65.8663
120503,,66.0268
120503,,66.5919
120503,,66.4418
120503,,67.2577
120503,,67.1937
120503,,66.655
120503,,67.9823
120503,,66.9315
120503,,66.5311
120503,,66.1984
120503,,67.714
120503,,72.1193
120503,,72.0233
120503,,72.4482
120503,,72.7207
120503,,72.738
120503,,73.7509
120503,,71.8833
120503,,72.2445
120503,,72.7408
120503,,73.5183
120503,,73.5141
120503,,73.687
120503,,74.3689
120503,,76.1718
120503,,75.8147
120503,,76.8965
120503,,76.511
120503,,76.619
120503,,76.1506
120503,,76.7583
120503,,76.4339
120503,,76.4076
120503,,75.3204
120503,,74.2946
120503,,74.338
120503,,73.5122
120503,,71.0155
120503,,72.2858
120503,,72.3728
120503,,73.1695
120503,,73.5353
120503,,74.2996
120503,,72.5248
120503,,72.3676
120503,,73.2444
120503,,72.9137
120503,,74.0941
120503,,75.1088
120503,,74.8373
120503,,74.5444
120503,,73.0758
120503,,73.4455
120503,,73.9708
120503,,73.5155
120503,,73.9582
120503,,74.7351
120503,,74.7087
120503,,76.0786
120503,,76.1475
120503,,76.9572
120503,,77.1961
120503,,77.6358
120503,,76.5393
120503,,75.8541
120503,,76.2483
120503,,77.2055
120503,,76.9054
120503,,77.3069
120503,,76.6474
120503,,78.359
120503,,79.0495
120503,,78.9561
120503,,78.4602
120503,,78.4218
120503,,78.2274
120503,,79.6275
120503,,80.316
120503,,78.2358
120503,,78.4834
120503,,77.3857
120503,,77.8682
120503,,78.9281
120503,,78.3264
120503,,78.1861
120503,,77.814
120503,,78.7071
120503,,78.8137
120503,,80.0655
120503,,80.3997
120503,,80.6134
120503,,79.3243
120503,,78.0291
120503,,78.5716
120503,,79.0146
120503,,79.3817
120503,,80.3406
120503,,79.912
120503,,78.9504
120503,,78.9424
120503,,78.7415
120503,,78.199
120503,,78.1843
120503,,77.8039
120503,,76.8033
120503,,77.8698
120503,,79.0002
120503,,79.0541
120503,,80.0231
120503,,79.6758
120503,,78.4156
120503,,77.9318
120503,,79.1702
120503,,78.1763
120503,,78.2163
120503,,78.2802
120503,,77.5971
120503,,76.7852
120503,,76.6325
120503,,77.7395
120503,,78.2237
120503,,78.7515
120503,,79.4129
120503,,79.7493
120503,,79.8754
120503,,80.3847
120503,,80.0397
120503,,79.0883
120503,,79.6353
120503,,80.5508
120503,,79.8015
120503,,79.7974
120503,,78.8283
120503,,78.8824
120503,,78.9076
120503,,79.1879
120503,,80.5499
120503,,80.6658
120503,,81.1343
120503,,80.4808
120503,,81.0695
120503,,80.7356
120503,,80.8282
120503,,78.8303
120503,,78.7061
120503,,79.4638
120503,,79.2304
120503,,79.2911
120503,,79.6274
120503,,78.9583
120503,,79.4344
120503,,80.6312
120503,,80.55
120503,,79.793
120503,,79.7873
120503,,78.2777
120503,,78.463
120503,,78.2924
120503,,78.5398
120503,,78.1493
120503,,78.2472
120503,,78.0577
120503,,77.87
120503,,77.9654
120503,,78.0335
120503,,78.5996
120503,,78.5566
120503,,78.355
120503,,78.2705
120503,,77.8189
120503,,76.8704
120503,,77.6168
120503,,78.0913
120503,,77.2799
120503,,75.7878
120503,,75.1763
120503,,75.0543
120503,,76.8215
120503,,77.2303
120503,,76.0481
120503,,75.6259
120503,,75.6295
120503,,75.838
120503,,75.8245
120503,,76.0707
120503,,76.1999
120503,,75.8291
120503,,75.5365
120503,,75.6247
120503,,77.3095
120503,,77.5551
120503,,77.178
120503,,76.6531
120503,,76.3607
120503,,77.8813
120503,,77.6476
120503,,78.3115
120503,,81.2751
120503,,81.6473
120503,,83.1561
120503,,83.2313
120503,,83.6992
120503,,82.6777
120503,,82.1207
120503,,81.2975
120503,,82.2586
120503,,80.469
120503,,80.2254
120503,,78.1753
120503,,77.6443
120503,,77.0617
120503,,77.1331
120503,,77.2259
120503,,78.3251
120503,,78.6321
120503,,76.8164
120503,,77.0342
120503,,76.0946
120503,,75.4881
120503,,74.988
120503,,74.589
120503,,73.7279
120503,,73.8985
120503,,73.0138
120503,,73.1013
120503,,73.7149
120503,,75.4277
120503,,76.6149
120503,,76.302
120503,,75.3707
120503,,75.1399
120503,,74.5534
120503,,74.8894
120503,,74.1516
120503,,74.1422
120503,,74.7307
120503,,74.7029
120503,,74.2287
120503,,74.0264
120503,,73.7988
120503,,73.4398
120503,,73.9898
120503,,73.607
120503,,74.1971
120503,,74.2478
120503,,73.9454
120503,,74.3881
120503,,73.9506
120503,,74.4063
120503,,74.5845
120503,,77.9712
120503,,77.2078
120503,,77.163
120503,,77.1492
120503,,78.0829
120503,,77.6333
120503,,77.4941
120503,,75.9531
120503,,77.1638
120503,,76.4782
120503,,76.7386
120503,,76.7096
120503,,76.6828
120503,,81.5541
120503,,82.379
120503,,81.943
120503,,81.8637
120503,,82.0791
120503,,81.1346
120503,,82.3263
120503,,82.3599
120503,,82.609
120503,,82.2321
120503,,81.3174
120503,,80.9271
120503,,81.1255
120503,,84.9017
120503,,83.8268
120503,,83.1009
120503,,83.478
120503,,83.513
120503,,83.8809
120503,,85.1742
120503,,85.7655
120503,,86.7678
120503,,86.8851
120503,,86.3132
120503,,86.3137
120503,,85.7475
120503,,87.7186
120503,,88.8112
120503,,88.3866
120503,,88.987
120503,,89.1604
120503,,87.9291
120503,,87.2646
120503,,87.1943
120503,,88.0993
120503,,88.506
120503,,87.6445
120503,,87.5813
120503,,90.7422
120503,,90.9249
120503,,91.3594
120503,,90.7966
120503,,90.1878
120503,,90.9899
120503,,90.9731
120503,,91.2492
120503,,91.0499
120503,,91.8218
120503,,91.378
120503,,91.3159
120503,,91.9985
120503,,93.0031
120503,,92.6223
120503,,93.6873
120503,,94.5577
120503,,93.6468
120503,,92.7834
120503,,93.1325
120503,,94.5071
120503,,94.2623
120503,,94.8958
120503,,95.8477
120503,,96.5887
120503,,96.3737
120503,,95.5
120503,,93.7367
120503,,94.3701
120503,,94.615
120503,,94.711
120503,,96.0712
120503,,96.6838
120503,,96.1466
120503,,96.1234
120503,,96.1086
120503,,96.2263
120503,,98.4435
120503,,98.817
120503,,97.1086
120503,,92.1277
120503,,92.0903
120503,,91.0118
120503,,91.4721
120503,,93.084
120503,,93.4687
120503,,93.1663
120503,,92.0478
120503,,91.3607
120503,,91.7738
120503,,92.6942
120503,,92.9557
120503,,93.662
120503,,94.2971
120503,,96.3471
120503,,97.0441
120503,,97.81
120503,,98.369
120503,,99.5532
120503,,98.6538
120503,,97.5056
120503,,97.5505
120503,,95.7582
120503,,96.8531
120503,,97.952
120503,,97.6287
120503,,100.0906
120503,,98.9498
120503,,98.9205
120503,,99.8191
120503,,99.2358
120503,,99.5584
120503,,100.0882
120503,,99.3828
120503,,99.3705
120503,,99.2847
120503,,98.8537
120503,,100.9329
120503,,100.3076
120503,,101.2528
120503,,105.6444
120503,,106.1219
120503,,105.9277
120503,,106.8514
120503,,105.6905
120503,,107.9769
120503,,108.8513
120503,,107.302
120503,,106.6882
120503,,107.5142
120503,,108.6915
120503,,107.5342
120503,,108.2684
120503,,104.6217
120503,,102.8265
120503,,103.0339
120503,,102.9408
120503,,101.9202
120503,,102.1472
120503,,103.1298
120503,,102.9871
120503,,103.2842
120503,,103.5869
120503,,102.5454
120503,,104.4761
120503,,104.0969
120503,,103.9506
120503,,102.815
120503,,103.8951
120503,,105.4277
120503,,106.3959
120503,,107.6503
120503,,107.379
120503,,106.8332
120503,,106.1569
120503,,106.8167
120503,,107.086
120503,,107.0683
120503,,108.3542
120503,,108.798
120503,,108.052
120503,,111.8777
120503,,111.5537
120503,,112.3551
120503,,114.2387
120503,,114.7192
120503,,115.9676
120503,,115.7766
120503,,116.4744
120503,,117.3837
120503,,115.4117
120503,,115.051
120503,,116.0785
120503,,113.2204
120503,,110.9495
120503,,109.7275
120503,,109.4896
120503,,110.1003
120503,,110.6334
120503,,111.1521
120503,,110.834
120503,,110.5712
120503,,109.92
120503,,110.7243
120503,,109.8858
120503,,110.7698
120503,,107.5764
120503,,107.1619
120503,,107.2616
120503,,106.7918
120503,,106.9872
120503,,108.5062
120503,,109.4935
120503,,110.0543
120503,,109.6335
120503,,110.4179
120503,,108.8435
120503,,108.6576
120503,,109.2748
120503,,110.2537
120503,,108.5487
120503,,109.0416
120503,,109.8439
120503,,109.8256
120503,,112.2076
120503,,111.5914
120503,,111.294
120503,,110.9641
120503,,110.9468
120503,,110.6827
120503,,109.3744
120503,,108.9046
120503,,108.867
120503,,112.2909
120503,,113.1015
120503,,113.8505
120503,,113.7083
120503,,114.4547
120503,,112.2409
120503,,112.4017
120503,,113.3166
120503,,112.5453
120503,,111.7759
120503,,110.0078
120503,,111.6187
120503,,113.4654
120503,,111.9918
120503,,110.8492
120503,,111.7551
120503,,111.497
120503,,110.9585
120503,,110.317
120503,,110.4567
120503,,110.2806
120503,,110.072
120503,,111.4471
120503,,113.0274
120503,,111.4914
120503,,111.8716
120503,,111.3989
120503,,110.0502
120503,,109.2809
120503,,111.2457
120503,,110.5284
120503,,109.4277
120503,,109.7935
120503,,109.7433
120503,,109.6106
120503,,111.0385
120503,,111.6351
120503,,111.1719
120503,,110.8136
120503,,109.2178
120503,,108.995
120503,,109.4577
120503,,110.9982
120503,,111.8097
120503,,113.3356
120503,,112.3523
120503,,112.7253
120503,,112.938
120503,,113.3467
120503,,114.79
120503,,114.6258
120503,,112.0711
120503,,112.4192
120503,,113.8278
120503,,113.876
120503,,114.8793
120503,,115.6509
120503,,115.8366
120503,,114.7881
120503,,113.4035
120503,,113.5686
120503,,113.0847
120503,,114.064
120503,,114.8761
120503,,114.7484
120503,,113.6413
120503,,111.0057
120503,,111.605
120503,,110.8968
120503,,111.069
120503,,110.7797
120503,,111.6592
120503,,111.562
120503,,111.5616
120503,,112.0984
120503,,114.2597
120503,,115.2179
120503,,115.1873
120503,,114.7161
120503,,114.2126
120503,,114.544
120503,,115.7081
120503,,115.0522
120503,,113.5653
120503,,114.3308
120503,,114.7175
120503,,113.6484
120503,,112.9739
120503,,112.1791
120503,,111.5221
120503,,111.2615
120503,,109.8473
120503,,110.4128
120503,,111.0613
120503,,110.6934
120503,,109.2997
120503,,109.3639
120503,,109.4129
120503,,108.3918
120503,,107.0686
120503,,107.0412
120503,,106.8765
120503,,106.5388
120503,,106.5154
120503,,105.539
120503,,102.6065
120503,,101.6575
120503,,103.1182
120503,,103.127
120503,,102.0523
120503,,101.0817
120503,,101.4449
120503,,101.1475
120503,,101.1135
120503,,102.6149
120503,,102.0367
120503,,106.7232
120503,,106.0307
120503,,106.1041
120503,,106.8668
120503,,107.6635
120503,,108.1401
120503,,109.3973
120503,,109.3351
120503,,109.0383
120503,,108.7614
120503,,109.6444
120503,,110.0548
120503,,110.3949
120503,,112.4198
120503,,114.1526
120503,,114.7778
120503,,115.2432
120503,,115.5493
120503,,115.117
120503,,115.1475
120503,,114.4822
120503,,114.4963
120503,,112.2196
120503,,112.7031
120503,,112.6403
120503,,112.3647
120503,,112.6408
120503,,115.7724
120503,,116.3917
120503,,116.0841
120503,,114.6681
120503,,114.524
120503,,114.345
120503,,115.4671
120503,,115.8423
120503,,117.5619
120503,,118.8713
120503,,118.4548
120503,,116.6544
120503,,118.1496
120504,,62.991
120504,,63.367
120504,,63.1764
120504,,63.1783
120504,,62.7099
120504,,62.5583
120504,,62.3885
120504,,62.0719
120504,,62.1789
120504,,62.0335
120504,,62.341
120504,,61.4871
120504,,61.4574
120504,,62.4765
120504,,62.5948
120504,,63.008
120504,,62.1697
120504,,61.7135
120504,,62.6156
120504,,61.3031
120504,,61.259
120504,,61.9275
120504,,61.9086
120504,,61.7196
120504,,61.7267
120504,,62.0345
120504,,61.5172
120504,,61.1328
120504,,61.4405
120504,,61.9833
120504,,61.6763
120504,,60.9868
120504,,62.8114
120504,,63.2794
120504,,63.1632
120504,,63.682
120504,,63.6449
120504,,64.1666
120504,,62.8662
120504,,62.8699
120504,,63.2851
120504,,63.8759
120504,,64.3698
120504,,64.2296
120504,,64.2909
120504,,64.5559
120504,,63.5956
120504,,63.9494
120504,,63.1654
120504,,64.3454
120504,,64.1494
120504,,66.0954
120504,,66.1208
120504,,67.3158
120504,,66.8793
120504,,67.0
120504,,66.7819
120504,,65.9773
120504,,67.2996
120504,,66.6363
120504,,66.8003
120504,,65.8165
120504,,65.6192
120504,,65.8978
120504,,67.5656
120504,,67.6091
120504,,67.7575
120504,,67.6471
120504,,67.7509
120504,,68.5662
120504,,68.9936
120504,,69.4574
120504,,69.9378
120504,,69.8791
120504,,70.112
120504,,69.48
120504,,70.2981
120504,,68.6291
120504,,67.8326
120504,,67.2856
120504,,67.9019
120504,,68.2065
120504,,69.3019
120504,,70.3743
120504,,70.1984
120504,,71.8024
120504,,71.855
120504,,71.2843
120504,,70.9236
120504,,69.5619
120504,,70.5912
120504,,70.0376
120504,,69.8867
120504,,70.028
120504,,70.5147
120504,,70.8967
120504,,70.55
120504,,70.6464
120504,,71.025
120504,,70.358
120504,,71.1831
120504,,72.1247
120504,,71.7034
120504,,71.8631
120504,,71.5009
120504,,71.4361
120504,,72.3432
120504,,72.6981
120504,,72.0464
120504,,71.4413
120504,,71.1014
120504,,71.3861
120504,,71.6489
120504,,71.1549
120504,,70.4625
120504,,70.6742
120504,,70.5973
120504,,71.9904
120504,,72.1277
120504,,71.4248
120504,,70.329
120504,,70.8125
120504,,70.9885
120504,,71.0317
120504,,70.1963
120504,,71.2557
120504,,70.9766
120504,,71.3483
120504,,70.4752
120504,,70.3932
120504,,70.6107
120504,,69.655
120504,,68.3432
120504,,68.8733
120504,,69.4136
120504,,69.968
120504,,70.1938
120504,,68.9212
120504,,68.3352
120504,,68.4733
120504,,68.5905
120504,,68.4913
120504,,68.7499
120504,,68.7925
120504,,68.2251
120504,,68.1484
120504,,67.4368
120504,,67.9406
120504,,67.586
120504,,67.5612
120504,,68.4843
120504,,68.8277
120504,,67.8814
120504,,66.8648
120504,,66.8614
120504,,66.1842
120504,,66.5982
120504,,66.6574
120504,,68.2172
120504,,67.5722
120504,,67.8492
120504,,67.5738
120504,,66.0887
120504,,66.3827
120504,,66.3945
120504,,67.2225
120504,,67.4788
120504,,66.6389
120504,,65.3751
120504,,64.9951
120504,,64.6711
120504,,66.0276
120504,,66.2904
120504,,65.8207
120504,,66.5994
120504,,65.9406
120504,,66.4605
120504,,66.9778
120504,,66.4391
120504,,67.6463
120504,,67.8196
120504,,68.247
120504,,67.3688
120504,,68.8501
120504,,69.5234
120504,,68.9863
120504,,70.0019
120504,,69.1439
120504,,68.7994
120504,,69.1263
120504,,68.6433
120504,,68.8387
120504,,69.0208
120504,,68.9426
120504,,69.4864
120504,,69.3824
120504,,69.5601
120504,,70.3033
120504,,69.768
120504,,70.3073
120504,,69.1731
120504,,68.705
120504,,67.8612
120504,,67.6198
120504,,67.9268
120504,,67.8168
120504,,67.4998
120504,,68.3134
120504,,66.9734
120504,,67.7429
120504,,65.8456
120504,,65.4074
120504,,65.2396
120504,,65.6483
120504,,65.4839
120504,,66.1438
120504,,65.5982
120504,,64.9114
120504,,66.0576
120504,,65.7093
120504,,64.9875
120504,,64.0297
120504,,64.6731
120504,,67.5592
120504,,67.5723
120504,,67.2581
120504,,67.4901
120504,,67.8294
120504,,67.5226
120504,,67.6566
120504,,68.4335
120504,,69.7303
120504,,70.2939
120504,,71.4951
120504,,71.136
120504,,71.6147
120504,,72.5025
120504,,73.583
120504,,73.3368
120504,,73.5573
120504,,74.6278
120504,,74.8235
120504,,76.3066
120504,,75.7438
120504,,75.7697
120504,,75.5598
120504,,74.8787
120504,,74.8163
120504,,75.1309
120504,,75.518
120504,,80.8844
120504,,81.2526
120504,,81.7968
120504,,82.1718
120504,,82.2193
120504,,81.8015
120504,,82.1337
120504,,83.5315
120504,,84.3298
120504,,84.7721
120504,,85.5895
120504,,85.3539
120504,,85.016
120504,,84.5007
120504,,86.0085
120504,,85.1946
120504,,86.1724
120504,,86.7026
120504,,87.9478
120504,,87.4677
120504,,87.5894
120504,,87.665
120504,,87.9146
120504,,86.8388
120504,,86.9685
120504,,85.9256
120504,,86.2421
120504,,86.9082
120504,,86.4908
120504,,87.877
120504,,87.8748
120504,,86.6466
120504,,87.0612
120504,,87.3483
120504,,86.5868
120504,,85.9298
120504,,85.9554
120504,,86.2654
120504,,84.4496
120504,,85.2816
120504,,86.4937
120504,,86.2233
120504,,85.6216
120504,,86.1278
120504,,86.0625
120504,,86.1324
120504,,87.0088
120504,,86.9663
120504,,87.0227
120504,,86.6084
120504,,86.9829
120504,,87.2967
120504,,88.0383
120504,,87.635
120504,,88.5828
120504,,87.4294
120504,,88.3679
120504,,88.3499
120504,,88.1102
120504,,88.2999
120504,,88.8392
120504,,88.1789
120504,,87.5919
120504,,88.1406
120504,,86.8682
120504,,86.4664
120504,,88.8623
120504,,92.2224
120504,,91.3614
120504,,91.1784
120504,,91.3555
120504,,91.055
120504,,93.0844
120504,,92.4461
120504,,93.4609
120504,,94.2181
120504,,94.2552
120504,,93.587
120504,,93.0031
120504,,92.627
120504,,93.6302
120504,,93.1753
120504,,93.3111
120504,,93.9764
120504,,92.9357
120504,,95.5579
120504,,95.6313
120504,,95.8006
120504,,96.9184
120504,,97.754
120504,,97.8373
120504,,98.0002
120504,,96.7587
120504,,100.2643
120504,,100.1714
120504,,101.1505
120504,,104.3098
120504,,104.4697
120504,,103.3214
120504,,102.8415
120504,,103.4638
120504,,102.0624
120504,,102.2677
120504,,102.6643
120504,,104.1174
120504,,105.3817
120504,,100.6033
120504,,103.0129
120504,,102.9128
120504,,104.1474
120504,,102.7692
120504,,102.3426
120504,,102.483
120504,,101.7179
120504,,101.3922
120504,,101.2497
120504,,101.0932
120504,,102.8137
120504,,107.0541
120504,,106.8825
120504,,107.6643
120504,,107.5351
120504,,107.6228
120504,,107.2296
120504,,107.1132
120504,,108.4437
120504,,108.5881
120504,,108.7739
120504,,107.4498
120504,,107.2124
120504,,107.0397
120504,,106.3147
120504,,106.3899
120504,,106.2031
120504,,106.6325
120504,,108.3063
120504,,109.2418
120504,,109.8272
120504,,110.5893
120504,,112.0604
120504,,113.1869
120504,,113.8128
120504,,114.9497
120504,,113.9172
120504,,112.4759
120504,,108.7492
120504,,109.6801
120504,,110.3637
120504,,109.3468
120504,,110.0637
120504,,110.4023
120504,,112.7555
120504,,113.2163
120504,,113.1337
120504,,112.3403
120504,,111.663
120504,,110.9099
120504,,112.3171
120504,,112.765
120504,,113.3106
120504,,115.7785
120504,,116.8678
120504,,118.2404
120504,,118.1013
120504,,117.5384
120504,,116.792
120504,,116.3502
120504,,114.3217
120504,,113.6518
120504,,113.1499
120504,,113.0333
120504,,113.2231
120504,,113.1341
120504,,113.0592
120504,,112.5981
120504,,111.9163
120504,,110.4953
120504,,111.5236
120504,,111.4093
120504,,110.2483
120504,,109.5041
120504,,108.7261
120504,,108.8235
120504,,109.9095
120504,,107.473
120504,,107.1216
120504,,106.7179
120504,,108.0805
120504,,108.6711
120504,,109.523
120504,,110.7708
120504,,111.3432
120504,,112.3165
120504,,110.8201
120504,,111.0771
120504,,110.9555
120504,,112.6675
120504,,113.6516
120504,,113.2134
120504,,112.6888
120504,,113.9202
120504,,112.9269
120504,,112.0151
120504,,112.0219
120504,,111.3193
120504,,110.5108
120504,,110.6704
120504,,109.2675
120504,,108.3563
120504,,110.3941
120504,,110.8995
120504,,110.9645
120504,,110.1326
120504,,110.4418
120504,,109.8925
120504,,109.681
120504,,110.7339
120504,,111.6827
120504,,110.7621
120504,,109.7907
120504,,109.4498
120504,,109.4804
120504,,108.9032
120504,,109.964
120504,,110.9081
120504,,110.9036
120504,,111.022
120504,,111.4124
120504,,114.6469
120504,,116.0742
120504,,116.8544
120504,,115.9773
120504,,116.1842
120504,,115.4135
120504,,116.3134
120504,,116.5176
120504,,115.4273
120504,,115.5695
120504,,114.7662
120504,,114.7115
120504,,115.0348
120504,,116.4393
120504,,117.0903
120504,,117.2104
120504,,117.9344
120504,,118.467
120504,,119.3185
120504,,117.2681
120504,,115.7322
120504,,116.8226
120504,,115.3415
120504,,118.8613
120504,,118.2314
120504,,119.1291
120504,,119.7868
120504,,119.8865
120504,,120.2304
120504,,119.6607
120504,,118.8537
120504,,119.7142
120504,,119.5396
120504,,119.5169
120504,,119.874
120504,,120.2168
120504,,124.9753
120504,,126.018
120504,,125.9047
120504,,124.7283
120504,,126.6418
120504,,126.4418
120504,,125.9803
120504,,124.1294
120504,,124.5647
120504,,124.7928
120504,,123.1999
120504,,123.7572
120504,,123.2782
120504,,124.1995
120504,,124.9505
120504,,126.9946
120504,,127.6966
120504,,128.4833
120504,,129.5398
120504,,131.5757
120504,,133.0557
120504,,133.6416
120504,,134.7807
120504,,133.8007
120504,,134.7894
120504,,133.6683
120504,,133.3051
120504,,136.5297
120504,,137.5556
120504,,137.8326
120504,,137.2671
120504,,138.263
120504,,136.5091
120504,,136.0772
120504,,134.0374
120504,,133.277
120504,,134.1029
120504,,134.7715
120504,,134.9016
120504,,127.847
120504,,126.6916
120504,,126.8456
120504,,125.851
120504,,126.0321
120504,,125.9363
120504,,127.8731
120504,,128.5013
120504,,126.4985
120504,,125.1598
120504,,125.2854
120504,,124.3263
120504,,121.1763
120504,,122.6905
120504,,122.8138
120504,,124.2199
120504,,124.3266
120504,,123.855
120504,,124.1016
120504,,124.9712
120504,,126.552
120504,,126.9674
120504,,126.039
120504,,126.1659
120504,,128.2699
120504,,129.8705
120504,,130.9831
120504,,132.8247
120504,,133.3181
120504,,131.9567
120504,,129.8953
120504,,129.027
120504,,130.7414
120504,,131.195
120504,,131.9575
120504,,132.8884
120504,,132.2653
120504,,133.9634
120504,,133.2866
120504,,130.195
120504,,129.6465
120504,,128.0271
120504,,130.0028
120504,,130.193
120504,,129.9235
120504,,129.5335
120504,,127.8822
120504,,126.4846
120504,,127.992
120504,,127.524
120504,,127.6146
120504,,125.3991
120504,,124.0138
120504,,124.7469
120504,,133.0418
120504,,133.346
120504,,135.1257
120504,,135.8882
120504,,137.8401
120504,,135.2688
120504,,135.8902
120504,,135.3437
120504,,137.5274
120504,,139.4878
120504,,139.6002
120504,,141.5767
120504,,148.0351
120504,,148.5921
120504,,147.7586
120504,,148.9673
120504,,149.9621
120504,,151.9991
120504,,153.2996
120504,,154.8606
120504,,154.0289
120504,,155.205
120504,,158.0044
120504,,157.1287
120504,,159.725
120504,,157.4138
120504,,156.2103
120504,,155.2593
120504,,156.0556
120504,,157.7308
120504,,155.7751
120504,,156.34
120504,,154.8058
120504,,155.7474
120504,,154.9743
120504,,153.6233
120504,,154.7904
120504,,154.0707
120504,,153.7212
120504,,154.14
120504,,155.2323
120504,,156.0842
120504,,156.703
120504,,157.1743
120504,,157.7783
120504,,158.2387
120504,,158.2479
120504,,160.4539
120504,,158.689
120504,,160.2076
120504,,157.0544
120504,,156.3108
120504,,153.1463
120504,,154.1745
120504,,157.3043
120504,,158.2292
120504,,158.0278
120504,,158.033
120504,,157.5286
120504,,157.7351
120504,,157.765
120504,,156.6799
120504,,159.1047
120504,,159.3682
120504,,158.3757
120504,,155.9826
120504,,154.7979
120504,,155.0061
120504,,155.4972
120504,,152.8852
120504,,152.7791
120504,,153.6193
120504,,153.4779
120504,,152.7012
120504,,152.2257
120504,,151.5796
120504,,150.8086
120504,,150.0171
120504,,151.1817
120504,,150.8679
120504,,149.857
120504,,150.5182
120504,,151.8045
120504,,152.1652
120504,,151.1717
120504,,151.8595
120504,,151.4001
120504,,152.477
120504,,154.5644
120504,,151.1311
120505,,137.9373
120505,,139.6187
120505,,143.0011
120505,,143.1926
120505,,143.7839
120505,,143.4215
120505,,143.026
120505,,141.3489
120505,,141.5865
120505,,140.35
120505,,141.1895
120505,,141.5726
120505,,142.1568
120505,,153.7915
120505,,154.4017
120505,,154.5491
120505,,156.5665
120505,,154.4236
120505,,157.5813
120505,,159.3988
120505,,159.3716
120505,,159.1955
120505,,160.222
120505,,163.2753
120505,,171.3792
120505,,171.074
120505,,174.2581
120505,,172.9698
120505,,172.7734
120505,,173.422
120505,,171.4966
120505,,170.7645
120505,,171.1102
120505,,171.3214
120505,,174.0844
120505,,177.4456
120505,,175.7553
120505,,176.1083
120505,,188.7043
120505,,188.3636
120505,,188.7829
120505,,188.3628
120505,,183.3414
120505,,183.5104
120505,,184.2987
120505,,183.2953
120505,,180.9016
120505,,179.1258
120505,,180.8936
120505,,185.3401
120505,,188.5595
120505,,189.2762
120505,,190.696
120505,,193.5301
120505,,190.7064
120505,,190.8809
120505,,188.5835
120505,,188.5958
120505,,188.2128
120505,,188.2345
120505,,186.5671
120505,,183.3991
120505,,178.9795
120505,,178.8193
120505,,180.207
120505,,174.1522
120505,,171.2824
120505,,172.9951
120505,,177.3465
120505,,179.394
120505,,180.2117
120505,,180.2873
120505,,184.0792
120505,,189.001
120505,,187.8048
120505,,183.4863
120505,,179.0566
120505,,182.0348
120505,,173.0926
120505,,175.7326
120505,,176.3672
120505,,177.784
120505,,176.0003
120505,,170.0013
120505,,169.0543
120505,,167.4228
120505,,168.2371
120505,,175.1032
120505,,176.6853
120505,,182.6901
120505,,184.0622
120505,,192.9667
120505,,193.931
120505,,195.034
120505,,195.3552
120505,,195.9056
120505,,195.6304
120505,,198.11
120505,,199.9983
120505,,197.7922
120505,,195.546
120505,,195.0831
120505,,196.944
120505,,197.4265
120505,,201.4124
120505,,202.522
120505,,202.4878
120505,,203.6626
120505,,202.2097
120505,,202.6135
120505,,205.4565
120505,,203.3023
120505,,200.2281
120505,,197.2899
120505,,194.6762
120505,,196.2006
120505,,193.057
120505,,192.4997
120505,,202.0956
120505,,208.3264
120505,,207.2307
120505,,207.1597
120505,,204.0205
120505,,202.1896
120505,,206.9845
120505,,205.8341
120505,,210.7593
120505,,207.7862
120505,,205.3212
120505,,204.6223
120505,,204.6042
120505,,204.8082
120505,,204.1068
120505,,202.3648
120505,,204.3023
120505,,208.1068
120505,,211.0517
120505,,212.4665
120505,,215.3937
120505,,211.156
120505,,209.9829
120505,,207.8455
120505,,211.0568
120505,,210.2321
120505,,210.1968
120505,,210.2225
120505,,208.4024
120505,,206.1595
120505,,207.0067
120505,,205.0626
120505,,203.2196
120505,,201.0839
120505,,201.0321
120505,,203.4528
120505,,207.2944
120505,,205.6398
120505,,211.1434
120505,,208.7604
120505,,202.9872
120505,,202.8536
120505,,202.4806
120505,,200.326
120505,,201.1091
120505,,206.7691
120505,,205.6625
120505,,204.7362
120505,,206.2513
120505,,205.0147
120505,,206.8022
120505,,205.1697
120505,,209.8599
120505,,204.8672
120505,,204.3413
120505,,200.862
120505,,200.0379
120505,,199.9346
120505,,198.5711
120505,,200.3452
120505,,202.6987
120505,,202.6453
120505,,203.3423
120505,,198.2839
120505,,197.4202
120505,,204.7385
120505,,203.7275
120505,,203.29
120505,,202.2378
120505,,196.2909
120505,,197.333
120505,,198.7553
120505,,202.7395
120505,,200.9711
120505,,199.0231
120505,,192.8705
120505,,192.3237
120505,,194.5404
120505,,193.2515
120505,,198.4072
120505,,196.2813
120505,,196.7915
120505,,198.2577
120505,,199.4445
120505,,197.5228
120505,,192.0776
120505,,193.007
120505,,192.7851
120505,,191.6112
120505,,193.5017
120505,,193.5282
120505,,190.6251
120505,,193.7071
120505,,198.3917
120505,,200.2972
120505,,203.4428
120505,,202.161
120505,,204.8758
120505,,204.2485
120505,,204.6557
120505,,208.841
120505,,206.3899
120505,,207.0322
120505,,208.2608
120505,,209.7025
120505,,221.1943
120505,,216.4263
120505,,212.448
120505,,211.3525
120505,,211.9817
120505,,216.206
120505,,215.8726
120505,,214.4514
120505,,215.3974
120505,,216.7577
120505,,218.0525
120505,,217.7353
120505,,212.8429
120505,,210.6602
120505,,214.0966
120505,,213.7604
120505,,210.3518
120505,,210.9515
120505,,207.7642
120505,,208.317
120505,,211.9144
120505,,211.3453
120505,,208.5433
120505,,208.3671
120505,,206.4417
120505,,208.0562
120505,,207.8282
120505,,224.0416
120505,,226.6804
120505,,229.3532
120505,,231.0273
120505,,228.0522
120505,,232.8997
120505,,238.1449
120505,,237.6394
120505,,236.747
120505,,238.6497
120505,,240.3903
120505,,239.9718
120505,,236.5678
120505,,237.5951
120505,,239.11
120505,,238.75
120505,,240.8879
120505,,242.0327
120505,,246.6445
120505,,246.0354
120505,,247.6416
120505,,250.1711
120505,,257.4592
120505,,258.0797
120505,,255.0464
120505,,257.8218
120505,,263.8218
120505,,278.0031
120505,,276.9286
120505,,278.9637
120505,,282.0404
120505,,283.516
120505,,280.8821
120505,,280.462
120505,,283.8532
120505,,279.3816
120505,,272.6531
120505,,277.8065
120505,,279.7009
120505,,281.9295
120505,,274.1187
120505,,276.2586
120505,,277.3128
120505,,276.856
120505,,281.3148
120505,,276.8804
120505,,275.0953
120505,,272.4945
120505,,271.77
120505,,272.1731
120505,,273.7622
120505,,272.8116
120505,,270.144
120505,,275.8368
120505,,275.387
120505,,272.7373
120505,,272.9627
120505,,273.2357
120505,,271.3943
120505,,270.3758
120505,,269.8117
120505,,272.6236
120505,,272.3233
120505,,275.2103
120505,,277.3337
120505,,279.4258
120505,,284.2978
120505,,270.949
120505,,270.3995
120505,,266.4415
120505,,263.227
120505,,260.473
120505,,264.0579
120505,,263.7699
120505,,262.3043
120505,,259.5615
120505,,263.482
120505,,268.3211
120505,,272.3367
120505,,274.1314
120505,,271.73
120505,,273.7313
120505,,275.9327
120505,,274.0929
120505,,280.4451
120505,,280.7792
120505,,281.9859
120505,,279.9925
120505,,277.0762
120505,,278.8516
120505,,279.7672
120505,,277.3235
120505,,272.7738
120505,,272.5513
120505,,279.3206
120505,,282.0347
120505,,284.8837
120505,,283.1026
120505,,289.974
120505,,291.1009
120505,,294.2869
120505,,294.1138
120505,,293.3696
120505,,299.4695
120505,,301.6137
120505,,307.1061
120505,,300.9757
120505,,306.4543
120505,,302.5881
120505,,303.7419
120505,,304.8435
120505,,304.8512
120505,,300.3582
120505,,303.71
120505,,306.6315
120505,,304.3674
120505,,307.1628
120505,,308.7525
120505,,296.4112
120505,,290.4918
120505,,294.6814
120505,,298.3259
120505,,294.0123
120505,,294.6912
120505,,291.7227
120505,,291.0071
120505,,290.0043
120505,,288.7178
120505,,295.9224
120505,,294.5656
120505,,291.9266
120505,,289.4694
120505,,293.3062
120505,,298.1321
120505,,294.3064
120505,,298.9655
120505,,301.2317
120505,,305.5191
120505,,310.1962
120505,,308.8704
120505,,305.6036
120505,,305.6206
120505,,302.6488
120505,,303.4516
120505,,307.7989
120505,,302.5985
120505,,304.6002
120505,,305.3224
120505,,305.0687
120505,,312.0067
120505,,308.6991
120505,,315.5404
120505,,315.8735
120505,,309.2181
120505,,308.7638
120505,,312.5409
120505,,311.3882
120505,,306.1465
120505,,298.2059
120505,,294.2269
120505,,295.6687
120505,,296.965
120505,,294.7424
120505,,294.9592
120505,,300.6028
120505,,297.3191
120505,,290.6502
120505,,292.4348
120505,,292.2457
120505,,289.9682
120505,,292.4374
120505,,295.589
120505,,312.0338
120505,,311.0432
120505,,311.8948
120505,,309.9151
120505,,310.1718
120505,,306.0705
120505,,303.3925
120505,,302.5731
120505,,299.3766
120505,,297.7733
120505,,297.3902
120505,,299.0271
120505,,329.2532
120505,,329.6384
120505,,332.0592
120505,,337.6698
120505,,335.3846
120505,,334.3343
120505,,334.6242
120505,,338.4749
120505,,342.4337
120505,,341.7192
120505,,335.8309
120505,,337.0492
120505,,333.5898
120505,,327.9148
120505,,333.1691
120505,,335.6603
120505,,333.9488
120505,,330.9186
120505,,331.6993
120505,,338.54
120505,,342.2772
120505,,340.4333
120505,,335.239
120505,,328.779
120505,,334.2244
120505,,330.6486
120505,,329.5851
120505,,318.9979
120505,,318.3716
120505,,313.4555
120505,,314.4351
120505,,310.2082
120505,,308.6097
120505,,309.4935
120505,,308.9159
120505,,310.0523
120505,,312.798
120505,,308.701
120505,,308.6713
120505,,296.8127
120505,,291.0689
120505,,288.9723
120505,,293.4291
120505,,293.8457
120505,,287.5033
120505,,281.5756
120505,,282.3128
120505,,285.4344
120505,,280.1501
120505,,281.8522
120505,,286.5692
120505,,293.3159
120505,,294.6797
120505,,296.6727
120505,,289.3892
120505,,309.9296
120505,,306.3103
120505,,311.9829
120505,,309.8774
120505,,315.8381
120505,,321.0017
120505,,323.5878
120505,,330.9727
120505,,340.1644
120505,,339.6808
120505,,336.6354
120505,,329.4293
120505,,335.8478
120505,,338.4816
120505,,338.5017
120505,,341.2846
120505,,340.3274
120505,,337.8568
120505,,335.7316
120505,,344.2824
120505,,345.4445
120505,,337.5667
120505,,335.6978
120505,,336.3141
120505,,344.057
120505,,336.7412
120505,,337.8348
120505,,334.3421
120505,,336.3851
120505,,337.3758
120505,,340.1219
120505,,345.3144
120505,,344.3504
120505,,340.9732
120505,,344.6006
120505,,348.1605
120505,,348.8158
120505,,358.268
120505,,356.8141
120505,,353.6573
120505,,358.8895
120505,,354.6422
120505,,351.9504
120505,,354.6267
120505,,358.8742
120505,,364.4008
120505,,361.4001
120505,,364.233
120505,,362.4511
120505,,360.076
120505,,365.5455
120505,,363.3941
120505,,357.4534
120505,,356.1718
120505,,357.9598
120505,,358.4344
120505,,361.9666
120505,,355.6876
120505,,363.0349
120505,,365.5705
120505,,371.8193
120505,,375.9839
120505,,376.1853
120505,,370.6974
120505,,371.5492
120505,,376.233
120505,,378.5007
120505,,370.68
120505,,369.4185
120505,,380.0041
120505,,381.9675
120505,,383.9117
120505,,385.8273
120505,,388.0119
120505,,377.3554
120505,,376.5291
120505,,376.6123
120505,,382.6914
120505,,377.0895
120505,,380.2093
120505,,382.6261
120505,,383.3489
120505,,386.8209
120505,,376.0365
120505,,376.7909
120505,,372.359
120505,,377.8328
120505,,377.4224
120505,,377.8171
120505,,371.3224
120505,,376.1228
120505,,375.086
120505,,376.0892
120505,,385.3923
120505,,375.0194
120505,,371.6282
120505,,370.0977
120505,,374.1718
120505,,378.3692
120505,,374.7203
120505,,379.4788
120505,,377.9063
120505,,383.6853
120505,,389.6599
120505,,390.9094
120505,,389.2199
120505,,387.8557
120505,,388.2368
120505,,389.6611
120505,,389.2378
120505,,389.59
120505,,382.8371
120505,,386.1677
120505,,387.2669
120505,,392.2031
120505,,392.4686
120505,,384.6464
120505,,383.2582
120505,,372.367
120505,,370.8013
120505,,367.9087
120505,,371.1816
120505,,368.1791
120505,,364.4675
120505,,372.513
120505,,377.0756
120505,,369.016
120505,,365.9004
120505,,367.2114
120505,,368.8859
120505,,397.793
120505,,394.9092
120505,,397.5674
120505,,400.1117
120505,,393.8065
120505,,393.498
120505,,395.0157
120505,,393.2235
120505,,394.9738
120505,,399.0711
120505,,399.1943
120505,,400.5389
120505,,407.5011
120505,,402.839
120505,,406.676
120505,,404.1826
120505,,406.5753
120505,,407.4063
120505,,406.8679
120505,,406.6732
120505,,402.7543
120505,,402.95
120505,,400.4109
120505,,398.8999
120505,,397.6258
120505,,396.816
120505,,401.4908
120505,,437.965
120505,,436.3771
120505,,441.3789
120505,,442.1606
120505,,441.8973
120505,,439.6824
120505,,440.8542
120505,,446.4446
120505,,451.5245
120505,,453.7443
120505,,457.321
120505,,441.4784
120505,,444.8977
120505,,449.0613
120505,,445.8729
120505,,445.458
120505,,441.1273
120505,,438.5371
120505,,440.2335
120505,,437.8935
120505,,436.9101
120505,,429.6071
120505,,435.7662
120505,,438.7306
120505,,450.9951
120505,,456.7137
120505,,467.2968
120505,,467.2749
120505,,461.9669
120505,,461.5113
120505,,449.6769
120505,,449.7764
120505,,454.5242
120505,,454.6363
120505,,453.3986
120505,,456.5785
120505,,460.2016
120505,,451.4534
120505,,475.5704
120505,,471.6494
120505,,471.5485
120505,,470.2882
120505,,471.241
120505,,467.354
120505,,460.5779
120505,,460.661
120505,,470.5325
120505,,471.3135
120505,,469.7635
120505,,474.3424
120505,,473.764
120506,,202.0343
120506,,202.6866
120506,,204.008
120506,,203.8763
120506,,204.5441
120506,,204.5844
120506,,204.8888
120506,,204.6147
120506,,204.7632
120506,,210.1673
120506,,210.9042
120506,,212.312
120506,,213.3111
120506,,212.6892
120506,,212.1669
120506,,209.4323
120506,,215.2159
120506,,211.9963
120506,,212.1338
120506,,214.5571
120506,,216.789
120506,,218.6614
120506,,218.1281
120506,,221.0535
120506,,225.5022
120506,,225.5579
120506,,225.8204
120506,,227.9765
120506,,226.4983
120506,,224.819
120506,,227.5878
120506,,226.721
120506,,224.1558
120506,,223.2546
120506,,222.6831
120506,,226.1047
120506,,228.216
120506,,230.8322
120506,,235.9895
120506,,233.5877
120506,,234.8248
120506,,232.2002
120506,,232.5361
120506,,234.2986
120506,,233.9542
120506,,235.3064
120506,,233.3117
120506,,229.8003
120506,,231.1414
120506,,235.1126
120506,,233.0396
120506,,222.9962
120506,,223.1067
120506,,222.1759
120506,,222.7238
120506,,225.0484
120506,,226.0136
120506,,225.8801
120506,,227.9963
120506,,226.0633
120506,,225.7087
120506,,225.4055
120506,,222.9101
120506,,222.1508
120506,,226.3625
120506,,227.915
120506,,229.7173
120506,,229.0464
120506,,228.1358
120506,,224.8499
120506,,226.0899
120506,,228.541
120506,,232.1865
120506,,232.9864
120506,,231.4336
120506,,227.8785
120506,,230.2604
120506,,226.5109
120506,,218.4614
120506,,217.4393
120506,,213.1706
120506,,211.6545
120506,,210.6344
120506,,213.136
120506,,213.6511
120506,,214.4667
120506,,216.9944
120506,,216.9178
120506,,218.5906
120506,,220.1299
120506,,217.5911
120506,,226.3848
120506,,226.9223
120506,,226.3626
120506,,225.335
120506,,223.4814
120506,,222.2832
120506,,221.671
120506,,220.7745
120506,,219.5277
120506,,224.0493
120506,,222.0024
120506,,222.4338
120506,,223.8069
120506,,219.9134
120506,,218.6529
120506,,218.8431
120506,,219.7082
120506,,223.5599
120506,,222.5512
120506,,224.3107
120506,,225.0851
120506,,227.9851
120506,,229.3572
120506,,227.3082
120506,,223.7616
120506,,224.5454
120506,,223.5511
120506,,222.4443
120506,,220.2775
120506,,220.445
120506,,219.8568
120506,,221.8432
120506,,219.7582
120506,,220.6939
120506,,219.0713
120506,,218.137
120506,,210.8884
120506,,215.2184
120506,,216.4612
120506,,215.0167
120506,,217.4757
120506,,217.8556
120506,,219.0227
120506,,218.3159
120506,,221.1362
120506,,220.4258
120506,,216.5029
120506,,215.8238
120506,,213.9801
120506,,213.5309
120506,,213.1271
120506,,215.6721
120506,,217.2143
120506,,213.7097
120506,,213.6601
120506,,217.2113
120506,,219.8784
120506,,222.0043
120506,,223.7238
120506,,221.1357
120506,,222.6491
120506,,223.5664
120506,,224.9761
120506,,226.1514
120506,,227.2472
120506,,233.2509
120506,,233.2125
120506,,243.4316
120506,,243.9802
120506,,247.0997
120506,,245.696
120506,,243.1974
120506,,244.042
120506,,243.9996
120506,,245.3907
120506,,245.4635
120506,,244.8121
120506,,244.7748
120506,,244.9776
120506,,244.4084
120506,,258.4797
120506,,261.0543
120506,,262.6648
120506,,264.3625
120506,,265.8516
120506,,263.2437
120506,,264.3063
120506,,261.1632
120506,,260.8781
120506,,259.2395
120506,,260.2612
120506,,261.2293
120506,,258.8053
120506,,261.5193
120506,,264.6857
120506,,262.5289
120506,,263.4386
120506,,268.1937
120506,,269.3979
120506,,273.1926
120506,,275.9362
120506,,273.7252
120506,,273.3861
120506,,273.6279
120506,,274.0494
120506,,276.5862
120506,,277.8107
120506,,265.5503
120506,,262.5653
120506,,259.097
120506,,259.2406
120506,,263.8137
120506,,268.234
120506,,269.8156
120506,,268.1098
120506,,270.5162
120506,,269.5119
120506,,267.7131
120506,,262.49
120506,,254.121
120506,,254.4361
120506,,256.4966
120506,,249.2441
120506,,248.3309
120506,,248.4158
120506,,248.0932
120506,,251.6725
120506,,249.1523
120506,,247.8318
120506,,243.5209
120506,,247.1583
120506,,246.7208
120506,,253.1066
120506,,249.6788
120506,,249.9117
120506,,251.9086
120506,,250.592
120506,,248.8257
120506,,252.5558
120506,,249.313
120506,,244.6248
120506,,242.1088
120506,,238.7428
120506,,239.7489
120506,,239.0659
120506,,238.7027
120506,,244.8
120506,,241.1571
120506,,240.4007
120506,,238.5223
120506,,237.4925
120506,,237.1321
120506,,238.8836
120506,,238.0974
120506,,236.3824
120506,,235.7294
120506,,234.1525
120506,,232.224
120506,,228.8385
120506,,222.7329
120506,,226.1389
120506,,226.6306
120506,,227.0431
120506,,223.5571
120506,,224.4408
120506,,227.035
120506,,229.642
120506,,231.2252
120506,,228.8977
120506,,229.7035
120506,,231.2855
120506,,227.5233
120506,,225.2505
120506,,232.3204
120506,,231.6791
120506,,231.8467
120506,,230.5584
120506,,234.3149
120506,,234.1789
120506,,232.2765
120506,,230.8389
120506,,231.244
120506,,233.0254
120506,,230.2304
120506,,234.4154
120506,,235.2308
120506,,238.7306
120506,,241.6249
120506,,239.862
120506,,239.2595
120506,,238.681
120506,,238.0163
120506,,239.78
120506,,239.1964
120506,,242.5025
120506,,240.768
120506,,241.2876
120506,,239.6584
120506,,240.7474
120506,,238.4031
120506,,238.3505
120506,,242.6074
120506,,242.9736
120506,,246.9395
120506,,247.5916
120506,,246.8248
120506,,250.5804
120506,,251.7571
120506,,250.3718
120506,,251.6274
120506,,251.0721
120506,,246.5343
120506,,248.8625
120506,,265.2483
120506,,263.6073
120506,,265.0967
120506,,261.3919
120506,,263.4621
120506,,265.0768
120506,,266.6944
120506,,267.1914
120506,,271.2405
120506,,273.6367
120506,,272.2227
120506,,270.8618
120506,,268.769
120506,,274.0155
120506,,273.4795
120506,,270.0338
120506,,268.9482
120506,,270.1875
120506,,269.6268
120506,,265.8677
120506,,273.3388
120506,,274.1794
120506,,274.6215
120506,,271.9382
120506,,272.7604
120506,,272.4888
120506,,279.3407
120506,,283.922
120506,,287.5939
120506,,284.8688
120506,,284.8468
120506,,285.7535
120506,,285.2116
120506,,286.4178
120506,,288.8077
120506,,291.7193
120506,,296.5683
120506,,295.8109
120506,,292.185
120506,,294.0409
120506,,291.1295
120506,,290.219
120506,,293.4071
120506,,293.2842
120506,,292.0115
120506,,289.7243
120506,,291.69
120506,,295.6223
120506,,298.7737
120506,,300.6569
120506,,296.6586
120506,,295.8388
120506,,289.1702
120506,,288.9657
120506,,289.1015
120506,,286.856
120506,,286.4188
120506,,281.8583
120506,,282.845
120506,,275.4664
120506,,274.8665
120506,,277.4184
120506,,274.8079
120506,,276.8283
120506,,263.9358
120506,,261.9723
120506,,265.7726
120506,,261.4465
120506,,258.5711
120506,,253.1541
120506,,257.6423
120506,,258.5963
120506,,260.3572
120506,,261.2438
120506,,262.81
120506,,263.1501
120506,,263.9712
120506,,264.3866
120506,,263.0166
120506,,258.8557
120506,,255.4192
120506,,253.5321
120506,,253.1401
120506,,251.6939
120506,,254.9317
120506,,255.5065
120506,,260.1541
120506,,261.2952
120506,,255.5479
120506,,258.2542
120506,,254.7381
120506,,260.1146
120506,,260.2482
120506,,263.4479
120506,,264.6621
120506,,262.881
120506,,264.6435
120506,,263.8241
120506,,266.201
120506,,272.7853
120506,,272.0131
120506,,274.2335
120506,,272.4601
120506,,272.3225
120506,,278.1076
120506,,271.7396
120506,,271.7914
120506,,271.9866
120506,,274.006
120506,,279.4175
120506,,278.5705
120506,,276.4792
120506,,273.5994
120506,,274.2643
120506,,275.6625
120506,,274.3972
120506,,276.5772
120506,,277.9505
120506,,272.8696
120506,,273.1468
120506,,269.696
120506,,268.3616
120506,,268.6388
120506,,266.9256
120506,,269.2535
120506,,267.7317
120506,,268.4286
120506,,268.8737
120506,,270.9269
120506,,273.3946
120506,,267.0975
120506,,266.3513
120506,,264.0955
120506,,262.4174
120506,,262.5359
120506,,260.7769
120506,,262.2653
120506,,264.1067
120506,,270.2646
120506,,273.3065
120506,,274.0872
120506,,272.6369
120506,,273.5467
120506,,274.5446
120506,,270.0299
120506,,273.1935
120506,,270.7285
120506,,271.6945
120506,,272.9101
120506,,270.6251
120506,,270.9626
120506,,268.7929
120506,,272.5006
120506,,269.7339
120506,,268.2213
120506,,265.2838
120506,,262.0478
120506,,267.8658
120506,,270.2112
120506,,271.892
120506,,269.3582
120506,,268.3727
120506,,268.9202
120506,,266.919
120506,,270.5495
120506,,264.6252
120506,,262.8311
120506,,261.714
120506,,254.9163
120506,,251.715
120506,,254.2625
120506,,254.6459
120506,,256.2748
120506,,257.12
120506,,255.1025
120506,,257.5152
120506,,261.2929
120506,,263.7656
120506,,266.3916
120506,,265.1349
120506,,267.993
120506,,268.5115
120506,,269.9625
120506,,271.0468
120506,,270.8863
120506,,277.3538
120506,,281.4946
120506,,282.8088
120506,,282.9235
120506,,280.7159
120506,,280.6378
120506,,280.2536
120506,,277.0951
120506,,276.6796
120506,,274.7387
120506,,276.4177
120506,,280.0062
120506,,277.162
120506,,279.2197
120506,,278.6201
120506,,275.0161
120506,,276.6055
120506,,273.6243
120506,,270.8091
120506,,274.0304
120506,,271.1006
120506,,265.3786
120506,,267.0934
120506,,266.4756
120506,,266.0759
120506,,266.2597
120506,,263.925
120506,,262.5622
120506,,264.92
120506,,265.1542
120506,,260.8344
120506,,265.3234
120506,,264.1446
120506,,263.2875
120506,,264.0713
120506,,265.7833
120506,,270.9048
120506,,266.8367
120506,,270.2782
120506,,269.7603
120506,,274.8645
120506,,274.2174
120506,,274.287
120506,,278.1783
120506,,277.5442
120506,,274.6234
120506,,273.6948
120506,,277.417
120506,,277.7571
120506,,283.0279
120506,,285.1667
120506,,283.592
120506,,309.9443
120506,,315.5349
120506,,311.3286
120506,,308.2519
120506,,305.5117
120506,,302.9671
120506,,304.0634
120506,,302.6073
120506,,308.7635
120506,,314.5455
120506,,314.7011
120506,,320.7477
120506,,316.0051
120506,,317.412
120506,,316.2719
120506,,317.0462
120506,,320.1052
120506,,316.599
120506,,315.934
120506,,315.7557
120506,,314.3997
120506,,317.2605
120506,,315.2834
120506,,313.8074
120506,,311.8826
120506,,315.2926
120506,,336.3231
120506,,332.4413
120506,,330.1833
120506,,328.4846
120506,,335.6998
120506,,333.3172
120506,,330.905
120506,,327.839
120506,,329.761
120506,,330.3892
120506,,333.9849
120506,,336.2968
120506,,332.1232
120506,,331.9583
120506,,327.1893
120506,,327.3174
120506,,325.689
120506,,323.8795
120506,,324.466
120506,,322.9621
120506,,327.3895
120506,,331.2695
120506,,335.1758
120506,,333.7974
120506,,330.9592
120506,,333.1081
120506,,329.3508
120506,,330.785
120506,,328.7016
120506,,325.1134
120506,,323.9793
120506,,327.4494
120506,,326.4807
120506,,331.5301
120506,,333.4392
120506,,332.3845
120506,,336.2347
120506,,337.8404
120506,,335.0625
120506,,341.1891
120506,,352.7159
120506,,350.6888
120506,,346.2169
120506,,348.3175
120506,,343.3682
120506,,344.0528
120506,,342.7923
120506,,346.9552
120506,,345.8617
120506,,349.6936
120506,,348.192
120506,,351.693
120506,,362.0102
120506,,360.7876
120506,,365.1303
120506,,364.1044
120506,,361.9266
120506,,365.1489
120506,,362.4254
120506,,358.4629
120506,,359.5936
120506,,359.1721
120506,,355.1732
120506,,357.5159
120506,,359.288
120506,,370.9991
120506,,368.019
120506,,366.6178
120506,,368.0119
120506,,374.5981
120506,,373.0959
120506,,376.1529
120506,,375.1971
120506,,375.7976
120506,,381.4293
120506,,384.4074
120506,,380.1361
120506,,378.2954
120506,,383.0254
120506,,392.9902
120506,,389.603
120506,,391.057
120506,,389.4714
120506,,395.8999
120506,,401.6464
120506,,404.2808
120506,,400.0241
120506,,397.7121
120506,,402.6828
120506,,400.7686
120506,,406.7114
120506,,409.4935
120506,,406.219
120506,,401.4197
120506,,404.2088
120506,,398.6739
120506,,403.7683
120506,,403.3979
120506,,397.763
120506,,396.1814
120506,,397.8242
120506,,396.0467
120506,,396.3418
120506,,404.8667
120506,,408.6439
120506,,406.7498
120506,,400.2323
120506,,402.6725
120506,,399.3299
120506,,394.3446
120506,,389.6789
120506,,392.1156
120506,,392.8508
120506,,395.9861
120506,,398.719
120506,,397.3569
120506,,397.3131
120506,,401.5591
120506,,395.3819
120506,,388.9033
120506,,389.6497
120506,,392.7864
120506,,390.5194
120506,,396.9515
120506,,399.9398
120506,,396.7422
120506,,397.0784
120506,,406.7074
120506,,402.1835
120506,,404.4207
120507,,286.8032
120507,,286.879
120507,,286.937
120507,,287.0831
120507,,287.2661
120507,,287.3303
120507,,287.5433
120507,,287.7561
120507,,287.9071
120507,,287.9346
120507,,287.9534
120507,,287.954
120507,,288.1144
120507,,289.29
120507,,289.259
120507,,289.2377
120507,,289.1223
120507,,289.0981
120507,,289.179
120507,,289.2026
120507,,289.2608
120507,,289.3803
120507,,289.4273
120507,,289.3997
120507,,290.2668
120507,,290.4471
120507,,290.4772
120507,,290.6353
120507,,290.8209
120507,,290.825
120507,,290.8381
120507,,290.9784
120507,,291.0674
120507,,291.0796
120507,,291.1224
120507,,291.191
120507,,291.1226
120507,,291.268
120507,,291.5613
120507,,291.5649
120507,,291.6869
120507,,291.6666
120507,,291.6079
120507,,291.8418
120507,,291.9704
120507,,292.0214
120507,,292.0964
120507,,292.2183
120507,,292.3833
120507,,292.3891
120507,,292.4983
120507,,293.1866
120507,,293.1836
120507,,293.24
120507,,293.2661
120507,,293.2906
120507,,293.3827
120507,,293.5879
120507,,293.7058
120507,,293.7072
120507,,294.0379
120507,,294.121
120507,,294.1434
120507,,294.3502
120507,,295.5263
120507,,295.4714
120507,,295.4501
120507,,295.4516
120507,,295.5747
120507,,295.654
120507,,295.7147
120507,,295.8046
120507,,295.936
120507,,296.0747
120507,,296.2532
120507,,296.4995
120507,,296.574
120507,,296.6018
120507,,297.1188
120507,,297.3011
120507,,297.3881
120507,,297.6531
120507,,297.7201
120507,,297.7839
120507,,297.62
120507,,297.6548
120507,,297.8115
120507,,298.0351
120507,,298.034
120507,,298.1543
120507,,298.3296
120507,,298.8411
120507,,298.9989
120507,,299.0426
120507,,299.1119
120507,,299.2425
120507,,299.4108
120507,,299.5185
120507,,299.7001
120507,,299.7494
120507,,299.7326
120507,,299.8038
120507,,299.9005
120507,,299.8644
120507,,300.4847
120507,,300.6427
120507,,300.7773
120507,,300.851
120507,,300.8208
120507,,300.8337
120507,,300.8623
120507,,300.9662
120507,,301.2054
120507,,301.2179
120507,,301.1983
120507,,301.2657
120507,,301.4414
120507,,301.3817
120507,,301.9332
120507,,301.9648
120507,,302.0331
120507,,302.0473
120507,,301.9793
120507,,302.3169
120507,,302.265
120507,,302.3603
120507,,302.2695
120507,,302.1574
120507,,302.2446
120507,,302.3392
120507,,302.5374
120507,,303.4229
120507,,303.5807
120507,,303.6408
120507,,303.6922
120507,,303.914
120507,,304.0818
120507,,304.1671
120507,,304.0895
120507,,304.2009
120507,,304.3463
120507,,304.1608
120507,,304.2634
120507,,304.302
120507,,305.0658
120507,,305.1783
120507,,305.2577
120507,,305.3982
120507,,305.23
120507,,305.1723
120507,,305.2911
120507,,305.1734
120507,,305.2011
120507,,305.2746
120507,,305.2737
120507,,305.286
120507,,305.3908
120507,,305.5667
120507,,305.9033
120507,,306.0622
120507,,306.1561
120507,,306.2629
120507,,306.4521
120507,,306.4598
120507,,306.5177
120507,,306.7546
120507,,306.8147
120507,,306.7714
120507,,306.7859
120507,,306.7743
120507,,306.888
120507,,307.2174
120507,,307.3355
120507,,307.5619
120507,,307.6424
120507,,307.7629
120507,,307.8111
120507,,307.7408
120507,,307.914
120507,,308.0816
120507,,308.2301
120507,,308.2919
120507,,308.4295
120507,,309.6075
120507,,309.6781
120507,,309.963
120507,,309.8712
120507,,309.9921
120507,,309.9941
120507,,309.8879
120507,,309.9481
120507,,309.8858
120507,,309.95
120507,,310.0333
120507,,310.2226
120507,,310.1553
120507,,310.3241
120507,,310.4137
120507,,311.0151
120507,,310.9461
120507,,311.044
120507,,311.1897
120507,,311.1281
120507,,311.1884
120507,,311.3388
120507,,311.1315
120507,,311.3427
120507,,311.4577
120507,,311.6084
120507,,311.6483
120507,,312.7525
120507,,312.9333
120507,,312.8695
120507,,312.951
120507,,313.1905
120507,,313.2476
120507,,313.4203
120507,,313.5498
120507,,313.7251
120507,,313.7261
120507,,313.7274
120507,,313.8103
120507,,313.7398
120507,,314.99
120507,,315.0634
120507,,315.2555
120507,,315.4326
120507,,315.3671
120507,,315.4793
120507,,315.5753
120507,,315.6895
120507,,315.6959
120507,,315.6663
120507,,315.7004
120507,,315.7721
120507,,315.9715
120507,,316.234
120507,,317.1941
120507,,317.3784
120507,,317.3699
120507,,317.545
120507,,317.5574
120507,,317.5452
120507,,317.6803
120507,,317.884
120507,,318.0149
120507,,318.099
120507,,318.2121
120507,,318.3079
120507,,318.2771
120507,,319.2552
120507,,319.5731
120507,,319.691
120507,,319.7519
120507,,319.7438
120507,,319.681
120507,,319.6636
120507,,319.6575
120507,,319.7798
120507,,319.8092
120507,,319.9106
120507,,320.1223
120507,,320.1961
120507,,320.4885
120507,,320.9358
120507,,320.8819
120507,,320.8437
120507,,321.0956
120507,,321.1156
120507,,321.1031
120507,,321.3354
120507,,321.5207
120507,,321.7327
120507,,321.7194
120507,,321.6479
120507,,321.7443
120507,,321.8613
120507,,322.4268
120507,,322.514
120507,,322.5187
120507,,322.6818
120507,,322.8302
120507,,323.0852
120507,,323.2058
120507,,323.3422
120507,,323.5683
120507,,323.5878
120507,,323.5196
120507,,323.6234
120507,,323.5619
120507,,324.6564
120507,,324.6593
120507,,324.5942
120507,,324.8291
120507,,325.0988
120507,,325.039
120507,,325.2551
120507,,325.4365
120507,,325.3596
120507,,325.4035
120507,,325.428
120507,,325.5886
120507,,325.5466
120507,,325.6204
120507,,326.3756
120507,,326.445
120507,,326.3837
120507,,326.6974
120507,,326.7454
120507,,326.7908
120507,,326.8916
120507,,327.1541
120507,,327.0654
120507,,327.1783
120507,,327.4779
120507,,327.5756
120507,,327.5327
120507,,328.4469
120507,,328.5604
120507,,328.76
120507,,328.7816
120507,,328.9377
120507,,328.9365
120507,,329.2269
120507,,329.2289
120507,,329.2223
120507,,329.3642
120507,,329.4575
120507,,329.5764
120507,,329.685
120507,,330.9876
120507,,331.0931
120507,,331.0203
120507,,331.2913
120507,,331.4348
120507,,331.4568
120507,,331.5847
120507,,331.5125
120507,,331.7082
120507,,331.6401
120507,,331.7026
120507,,331.8137
120507,,332.0079
120507,,332.6084
120507,,332.6681
120507,,332.7376
120507,,332.7896
120507,,332.7849
120507,,332.819
120507,,332.8727
120507,,332.9591
120507,,333.0863
120507,,333.1533
120507,,333.1312
120507,,333.0704
120507,,333.429
120507,,334.4392
120507,,334.5231
120507,,334.6078
120507,,334.8067
120507,,334.9945
120507,,335.2481
120507,,335.1492
120507,,335.3312
120507,,335.4813
120507,,335.4742
120507,,335.5874
120507,,335.7851
120507,,336.3283
120507,,336.5
120507,,336.6551
120507,,336.6506
120507,,336.8066
120507,,336.8048
120507,,336.7209
120507,,336.7688
120507,,336.9749
120507,,337.1314
120507,,337.2182
120507,,337.261
120507,,337.3065
120507,,337.4051
120507,,337.3786
120507,,337.9523
120507,,337.9502
120507,,338.0642
120507,,338.0995
120507,,338.1905
120507,,338.3265
120507,,338.2678
120507,,338.3544
120507,,338.5686
120507,,338.8439
120507,,338.9174
120507,,339.0093
120507,,340.3056
120507,,340.5501
120507,,340.6115
120507,,340.6553
120507,,340.7346
120507,,340.8432
120507,,340.8205
120507,,340.8477
120507,,340.8693
120507,,341.048
120507,,341.0408
120507,,340.9402
120507,,340.8169
120507,,341.8369
120507,,342.0758
120507,,342.2309
120507,,342.2526
120507,,342.2873
120507,,342.2972
120507,,342.5168
120507,,342.5614
120507,,342.5637
120507,,342.6865
120507,,342.7645
120507,,342.8847
120507,,343.1773
120507,,343.3646
120507,,344.2181
120507,,344.1814
120507,,344.505
120507,,344.7369
120507,,344.9327
120507,,344.8706
120507,,344.9819
120507,,345.2024
120507,,345.3559
120507,,345.336
120507,,345.3544
120507,,345.3943
120507,,345.9182
120507,,345.8769
120507,,346.077
120507,,346.3005
120507,,346.4012
120507,,346.7127
120507,,346.8919
120507,,347.056
120507,,347.0577
120507,,347.2159
120507,,347.3291
120507,,347.4756
120507,,347.4903
120507,,347.594
120507,,348.1042
120507,,348.2457
120507,,348.4162
120507,,348.6964
120507,,348.8121
120507,,348.9091
120507,,348.8994
120507,,349.0374
120507,,349.2008
120507,,349.2697
120507,,349.4198
120507,,349.4777
120507,,349.6418
120507,,350.8629
120507,,350.8458
120507,,350.8615
120507,,350.7219
120507,,350.962
120507,,350.806
120507,,350.8674
120507,,350.8277
120507,,350.8204
120507,,351.0631
120507,,351.1759
120507,,351.1597
120507,,351.1851
120507,,352.0339
120507,,352.1902
120507,,352.3194
120507,,352.3068
120507,,352.5322
120507,,352.7118
120507,,352.9045
120507,,353.1361
120507,,353.2737
120507,,353.5297
120507,,353.663
120507,,353.7298
120507,,353.8203
120507,,353.9089
120507,,353.9423
120507,,354.9663
120507,,355.0853
120507,,355.1248
120507,,355.1561
120507,,355.2636
120507,,355.2991
120507,,355.4255
120507,,355.6419
120507,,355.8095
120507,,356.0001
120507,,356.2138
120507,,356.3374
120507,,357.1882
120507,,357.2323
120507,,357.2006
120507,,357.2434
120507,,357.6152
120507,,357.6637
120507,,357.7194
120507,,357.79
120507,,357.8656
120507,,357.8698
120507,,357.9782
120507,,358.1919
120507,,358.3198
120507,,359.5132
120507,,359.8278
120507,,359.9761
120507,,359.8438
120507,,360.031
120507,,359.9434
120507,,360.0875
120507,,359.986
120507,,360.0259
120507,,360.0775
120507,,360.0831
120507,,360.1364
120507,,360.3465
120507,,360.9914
120507,,361.0755
120507,,361.1166
120507,,361.2275
120507,,361.327
120507,,361.4479
120507,,361.2533
120507,,361.2248
120507,,361.2219
120507,,361.3322
120507,,361.4466
120507,,361.6123
120507,,361.7349
120507,,361.68
120507,,363.2504
120507,,363.3053
120507,,363.4198
120507,,363.6693
120507,,363.758
120507,,363.7503
120507,,363.6586
120507,,363.8112
120507,,363.9334
120507,,363.9532
120507,,364.1648
120507,,364.2103
120507,,365.3153
120507,,365.4152
120507,,365.5648
120507,,365.7416
120507,,365.7778
120507,,365.9066
120507,,365.9721
120507,,366.0512
120507,,366.1085
120507,,366.2573
120507,,366.3612
120507,,366.5013
120507,,366.5938
120507,,366.5031
120507,,367.2149
120507,,367.3089
120507,,367.3517
120507,,367.3344
120507,,367.484
120507,,367.509
120507,,367.6228
120507,,367.7651
120507,,367.792
120507,,367.7474
120507,,368.1235
120507,,368.1572
120507,,368.3245
120507,,369.4974
120507,,369.6068
120507,,369.7271
120507,,369.7267
120507,,369.6516
120507,,369.8591
120507,,369.9594
120507,,370.1606
120507,,370.2111
120507,,370.279
120507,,370.4577
120507,,370.6388
120507,,371.8427
120507,,371.9317
120507,,371.8119
120507,,372.0401
120507,,371.813
120507,,371.6765
120507,,371.8342
120507,,371.9918
120507,,372.0131
120507,,372.1264
120507,,371.9257
120507,,372.1045
120507,,372.2298
120507,,372.3204
120507,,372.4189
120507,,373.4256
120507,,373.268
120507,,373.3056
120507,,373.1949
120507,,373.2577
120507,,373.2984
120507,,373.4041
120507,,373.4292
120507,,373.4372
120507,,373.6065
120507,,373.7564
120507,,373.9177
120507,,374.398
120507,,374.7057
120507,,374.8039
120507,,374.8643
120507,,374.963
120507,,375.1016
120507,,375.2762
120507,,375.346
120507,,375.4931
120507,,375.7883
120507,,376.0044
120507,,376.3788
120507,,376.398
120507,,377.6792
120507,,377.6119
120507,,377.9402
120507,,378.1569
120507,,378.2438
120507,,378.2934
120507,,378.3305
120507,,378.4119
120507,,378.5038
120507,,378.7511
120507,,379.0838
120507,,379.2054
120507,,379.2022
120507,,379.2349
120507,,379.8449
120507,,380.1409
120507,,380.2087
120507,,380.0144
120507,,380.2574
120507,,380.3188
120507,,380.1953
120507,,380.2555
120507,,380.416
120507,,380.5626
120507,,380.8764
120507,,381.5379
120507,,381.6409
120507,,381.879
120507,,382.171
120507,,382.3654
120507,,382.4675
120507,,382.5987
120507,,382.6988
120507,,382.6739
120507,,382.7756
120507,,382.7134
120507,,382.7971
120507,,383.0932
120507,,384.5042
120507,,384.6281
120507,,384.8093
120507,,384.8841
120507,,384.8467
120507,,385.1043
120507,,385.3261
120507,,385.3962
120507,,385.5289
120507,,385.7791
120507,,385.9815
120507,,385.9032
120507,,386.0324
120507,,386.1116
120507,,387.1424
120507,,387.1755
120507,,387.4937
120507,,387.6299
120507,,387.7494
120507,,387.8044
120507,,388.0988
120507,,388.2428
120507,,388.293
120507,,388.296
120507,,388.3872
120507,,388.3678
120507,,388.5939
118632,,43.2007
118632,,43.3999
118632,,43.1645
118632,,43.6453
118632,,43.7012
118632,,44.0112
118632,,44.6318
118632,,45.0971
118632,,45.5683
118632,,45.6693
118632,,46.0139
118632,,46.1245
118632,,45.6587
118632,,46.3298
118632,,46.5826
118632,,46.8501
118632,,46.2954
118632,,46.6572
118632,,46.8062
118632,,46.5687
118632,,46.2857
118632,,46.1734
118632,,45.6711
118632,,46.394
118632,,47.5081
118632,,47.1117
118632,,47.0335
118632,,46.4146
118632,,46.8963
118632,,47.2764
118632,,47.0617
118632,,47.6203
118632,,48.2578
118632,,48.2345
118632,,48.068
118632,,49.0608
118632,,49.3993
118632,,49.5366
118632,,50.1503
118632,,50.865
118632,,51.5302
118632,,51.527
118632,,51.2958
118632,,51.1923
118632,,52.4366
118632,,53.3382
118632,,53.4247
118632,,53.1664
118632,,53.2488
118632,,53.3909
118632,,52.8359
118632,,54.2367
118632,,54.118
118632,,53.8519
118632,,54.2127
118632,,54.6482
118632,,54.6453
118632,,54.0217
118632,,54.2421
118632,,54.4725
118632,,54.3965
118632,,55.3282
118632,,54.5985
118632,,53.5689
118632,,53.8607
118632,,53.7087
118632,,54.1215
118632,,53.511
118632,,52.5364
118632,,52.363
118632,,52.8219
118632,,52.9684
118632,,53.398
118632,,52.4839
118632,,52.6573
118632,,52.9891
118632,,52.3886
118632,,52.8157
118632,,53.4977
118632,,54.3444
118632,,55.0585
118632,,54.6199
118632,,55.1955
118632,,55.4149
118632,,55.1243
118632,,55.0498
118632,,54.7345
118632,,54.7806
118632,,54.4573
118632,,53.9937
118632,,54.2503
118632,,53.3822
118632,,52.8378
118632,,52.2461
118632,,51.7947
118632,,51.5711
118632,,51.3769
118632,,51.7054
118632,,51.8336
118632,,50.9981
118632,,51.0619
118632,,51.2319
118632,,51.11
118632,,51.1089
118632,,53.7104
118632,,54.6548
118632,,54.6208
118632,,54.1837
118632,,54.0826
118632,,55.6087
118632,,54.8726
118632,,54.6736
118632,,54.0245
118632,,54.1119
118632,,53.5686
118632,,53.5449
118632,,52.659
118632,,52.9739
118632,,54.1053
118632,,53.9857
118632,,54.4448
118632,,53.7942
118632,,52.8946
118632,,53.0276
118632,,53.2877
118632,,52.9767
118632,,52.7342
118632,,52.4089
118632,,52.0366
118632,,52.3828
118632,,51.867
118632,,51.6803
118632,,50.8135
118632,,50.7497
118632,,50.9608
118632,,50.7108
118632,,51.1186
118632,,50.7555
118632,,50.8506
118632,,50.6431
118632,,51.2171
118632,,50.9388
118632,,50.8072
118632,,51.2591
118632,,49.2288
118632,,49.613
118632,,49.7331
118632,,49.9503
118632,,50.526
118632,,50.6949
118632,,51.4141
118632,,51.8557
118632,,51.6435
118632,,52.2628
118632,,52.4116
118632,,52.2564
118632,,52.4119
118632,,52.9559
118632,,55.2659
118632,,55.3532
118632,,55.7347
118632,,55.3428
118632,,56.2056
118632,,55.2284
118632,,55.9707
118632,,55.9773
118632,,56.5036
118632,,56.7144
118632,,56.9171
118632,,57.2256
118632,,57.6651
118632,,59.1786
118632,,58.8606
118632,,59.8077
118632,,59.7939
118632,,59.0179
118632,,58.4295
118632,,58.4821
118632,,58.5845
118632,,59.6418
118632,,59.1286
118632,,59.1797
118632,,58.6596
118632,,59.9953
118632,,61.0539
118632,,61.1108
118632,,62.463
118632,,62.2757
118632,,62.5282
118632,,63.3555
118632,,63.1321
118632,,62.3998
118632,,61.5509
118632,,62.7121
118632,,62.4524
118632,,62.3824
118632,,61.805
118632,,62.3563
118632,,62.6243
118632,,62.442
118632,,63.5838
118632,,63.1625
118632,,63.3128
118632,,63.4098
118632,,64.0094
118632,,64.6685
118632,,64.6837
118632,,64.8831
118632,,65.105
118632,,63.8463
118632,,60.0956
118632,,60.1601
118632,,60.3197
118632,,59.5241
118632,,59.673
118632,,59.1579
118632,,58.7659
118632,,59.1696
118632,,60.2611
118632,,60.3195
118632,,59.9173
118632,,60.0481
118632,,60.5787
118632,,63.8669
118632,,65.5498
118632,,65.992
118632,,65.8122
118632,,65.2627
118632,,66.5866
118632,,67.0505
118632,,66.5853
118632,,66.5004
118632,,66.7169
118632,,67.0723
118632,,66.5766
118632,,66.2511
118632,,65.326
118632,,68.1047
118632,,68.3269
118632,,68.0347
118632,,68.7018
118632,,69.4872
118632,,68.7073
118632,,69.6784
118632,,69.9389
118632,,70.15
118632,,70.8121
118632,,70.4952
118632,,71.1276
118632,,70.9283
118632,,71.5916
118632,,72.2604
118632,,72.5402
118632,,72.9417
118632,,74.0741
118632,,73.7173
118632,,73.6733
118632,,73.924
118632,,73.3545
118632,,73.271
118632,,73.6282
118632,,73.4551
118632,,74.3464
118632,,73.4001
118632,,73.4621
118632,,73.0993
118632,,73.5946
118632,,73.1681
118632,,72.5851
118632,,72.554
118632,,72.167
118632,,71.2284
118632,,71.1507
118632,,71.2542
118632,,72.0929
118632,,72.7285
118632,,73.5532
118632,,75.646
118632,,75.9722
118632,,76.7937
118632,,76.7349
118632,,76.7187
118632,,77.2249
118632,,76.5014
118632,,77.6336
118632,,77.0738
118632,,75.8197
118632,,75.8656
118632,,77.0503
118632,,77.4898
118632,,77.3797
118632,,78.5085
118632,,78.7771
118632,,78.7326
118632,,78.2066
118632,,79.6549
118632,,80.067
118632,,79.4444
118632,,78.6687
118632,,79.5839
118632,,78.8998
118632,,80.2417
118632,,78.355
118632,,79.3852
118632,,80.165
118632,,79.1384
118632,,79.1406
118632,,78.7816
118632,,78.8287
118632,,79.376
118632,,80.4692
118632,,81.1587
118632,,80.6856
118632,,80.9903
118632,,81.0772
118632,,80.1716
118632,,80.4952
118632,,80.8063
118632,,80.2992
118632,,79.3634
118632,,80.2057
118632,,79.9748
118632,,80.1341
118632,,80.3774
118632,,80.6476
118632,,79.8582
118632,,78.7272
118632,,78.36
118632,,78.6745
118632,,78.2113
118632,,79.6511
118632,,79.4478
118632,,79.6238
118632,,79.2038
118632,,78.5368
118632,,78.4986
118632,,77.842
118632,,77.8895
118632,,78.1736
118632,,78.8046
118632,,79.6335
118632,,79.39
118632,,79.7816
118632,,75.9884
118632,,75.4417
118632,,76.2143
118632,,76.7177
118632,,76.3833
118632,,76.9158
118632,,77.5603
118632,,77.4905
118632,,76.5896
118632,,76.4888
118632,,76.4622
118632,,75.6746
118632,,75.9592
118632,,77.0308
118632,,76.6499
118632,,76.1839
118632,,76.3992
118632,,75.441
118632,,74.9387
118632,,74.418
118632,,74.3112
118632,,73.8241
118632,,74.9126
118632,,76.1485
118632,,74.8412
118632,,74.2345
118632,,73.2949
118632,,73.2034
118632,,72.4391
118632,,72.6088
118632,,72.2123
118632,,72.4349
118632,,73.1669
118632,,74.238
118632,,72.6387
118632,,72.1434
118632,,71.988
118632,,72.3181
118632,,71.31
118632,,70.7315
118632,,71.0919
118632,,72.104
118632,,70.7522
118632,,70.1182
118632,,70.0142
118632,,70.4671
118632,,68.6655
118632,,68.6839
118632,,69.2012
118632,,69.8469
118632,,69.4544
118632,,69.3062
118632,,68.5923
118632,,68.1125
118632,,68.0088
118632,,68.0303
118632,,67.6643
118632,,68.2459
118632,,69.4839
118632,,69.634
118632,,69.7218
118632,,70.2823
118632,,69.1709
118632,,69.224
118632,,69.8603
118632,,68.5613
118632,,69.1481
118632,,69.1944
118632,,69.5273
118632,,69.0305
118632,,69.9783
118632,,70.3621
118632,,71.0519
118632,,71.3178
118632,,71.8756
118632,,71.3611
118632,,71.0892
118632,,71.9755
118632,,73.0101
118632,,73.1858
118632,,73.4901
118632,,74.4392
118632,,73.1257
118632,,73.6797
118632,,72.7239
118632,,73.5539
118632,,73.1796
118632,,72.4353
118632,,72.9184
118632,,73.1907
118632,,72.586
118632,,71.271
118632,,72.5883
118632,,71.869
118632,,72.6655
118632,,73.3929
118632,,73.9861
118632,,74.8724
118632,,75.0966
118632,,74.7501
118632,,75.5141
118632,,76.3117
118632,,77.099
118632,,77.169
118632,,76.7227
118632,,78.2591
118632,,77.5099
118632,,78.2585
118632,,78.5214
118632,,78.0224
118632,,78.5401
118632,,78.1726
118632,,78.7316
118632,,78.5821
118632,,77.4383
118632,,76.8099
118632,,76.5583
118632,,77.5277
118632,,77.4018
118632,,77.4184
118632,,78.9173
118632,,78.6041
118632,,78.7799
118632,,79.4533
118632,,79.691
118632,,79.9381
118632,,79.7241
118632,,79.6023
118632,,78.9719
118632,,79.6044
118632,,78.4316
118632,,79.309
118632,,77.7668
118632,,76.906
118632,,77.8277
118632,,77.7144
118632,,76.488
118632,,76.0572
118632,,75.4793
118632,,75.4078
118632,,75.2004
118632,,75.358
118632,,75.3508
118632,,76.2991
118632,,76.6249
118632,,76.9745
118632,,77.7383
118632,,78.4568
118632,,79.0418
118632,,79.6375
118632,,80.0795
118632,,80.2138
118632,,80.1312
118632,,81.0329
118632,,80.8079
118632,,81.1138
118632,,80.5823
118632,,80.1564
118632,,78.1819
118632,,78.5185
118632,,78.4176
118632,,78.9278
118632,,78.8925
118632,,78.9427
118632,,79.1589
118632,,79.8499
118632,,79.4164
118632,,79.117
118632,,78.6922
118632,,78.5025
118632,,79.5372
118632,,80.3187
118632,,79.842
118632,,79.2586
118632,,79.1067
118632,,78.3912
118632,,78.5154
118632,,78.4136
118632,,78.704
118632,,79.7207
118632,,80.339
118632,,80.728
118632,,79.3812
118632,,79.7334
118632,,81.0332
118632,,80.4033
118632,,80.5474
118632,,81.212
118632,,80.977
118632,,80.8116
118632,,82.8908
118632,,83.7262
118632,,84.6234
118632,,83.5837
118632,,83.1069
118632,,83.2046
118632,,82.5157
118632,,83.7318
118632,,91.2421
118632,,91.1757
118632,,91.6373
118632,,91.027
118632,,91.1962
118632,,90.355
118632,,88.9929
118632,,89.0784
118632,,90.1221
118632,,90.9078
118632,,90.889
118632,,92.3478
118632,,89.4637
118632,,89.9363
118632,,89.3022
118632,,90.4218
118632,,90.2392
118632,,89.9807
118632,,91.7194
118632,,92.1908
118632,,92.9941
118632,,94.1606
118632,,93.6702
118632,,94.7573
118632,,94.3875
118632,,93.9837
118632,,94.2746
118632,,94.7096
118632,,95.0848
118632,,94.8296
118632,,95.59
118632,,95.4519
118632,,94.9511
118632,,93.7781
118632,,94.6436
118632,,94.7028
118632,,94.928
118632,,95.857
118632,,95.5035
118632,,94.4044
118632,,93.602
118632,,93.2319
118632,,93.1398
118632,,93.5233
118632,,94.1007
118632,,94.8935
118632,,95.6281
118632,,95.8911
118632,,96.2931
118632,,95.4205
118632,,94.8395
118632,,98.8692
118632,,97.6018
118632,,99.1827
118632,,98.9181
118632,,98.6384
118632,,98.8591
118632,,98.3039
118632,,98.2919
118632,,97.7049
118632,,97.1528
118632,,97.6212
118632,,96.8981
118632,,96.2935
118632,,95.1838
118632,,94.8106
118632,,97.7209
118632,,98.5718
118632,,98.8258
118632,,98.7364
118632,,100.5665
118632,,100.5299
118632,,100.1908
118632,,99.6731
118632,,98.2174
118632,,98.9827
118632,,97.0041
118632,,97.0492
118632,,93.4854
118632,,93.5124
118632,,93.0666
118632,,93.9529
118632,,95.4679
118632,,95.2387
118632,,96.4637
118632,,96.2448
118632,,95.4775
118632,,97.009
118632,,97.5059
118632,,97.56
118632,,98.2037
118632,,98.2408
118632,,97.1546
118632,,97.0701
118632,,96.6722
118632,,97.0094
118632,,96.4466
118632,,95.9741
118632,,96.9196
118632,,97.0964
118632,,96.5463
118632,,96.6112
118632,,97.8437
118632,,98.1481
118632,,98.7136
118632,,99.5896
118632,,100.1679
118632,,99.8605
118632,,100.4486
118632,,101.538
118632,,101.8059
118632,,101.8333
118632,,102.6338
118632,,101.9144
118632,,101.112
118632,,100.9267
118632,,104.0706
118632,,104.5623
118632,,103.4175
118632,,105.0878
118632,,105.5511
118632,,104.8415
118632,,104.6726
118632,,104.46
118632,,104.9991
118632,,106.023
118632,,105.009
118632,,106.7808
118632,,108.3595
118632,,113.8605
118632,,114.0926
118632,,114.4
118632,,113.9307
118632,,114.4343
118632,,113.2338
118632,,112.6292
118632,,113.4434
118632,,111.7588
118632,,112.7107
118632,,110.7855
118632,,109.1631
118632,,108.7398
118632,,109.0715
118632,,109.326
118632,,108.6093
118632,,108.8236
118632,,109.0321
118632,,110.2251
118632,,108.7314
118632,,108.7145
118632,,108.0438
118632,,108.9319
118632,,109.7152
118632,,110.2646
118632,,109.6388
118632,,110.5554
118633,,45.1516
118633,,45.2152
118633,,45.6765
118633,,45.9423
118633,,46.4137
118633,,45.8815
118633,,45.7378
118633,,45.3898
118633,,46.1063
118633,,46.391
118633,,47.5951
118633,,47.4236
118633,,47.1458
118633,,47.4535
118633,,47.8747
118633,,48.649
118633,,48.3147
118633,,48.1728
118633,,47.8482
118633,,47.952
118633,,47.7495
118633,,47.8752
118633,,48.3684
118633,,47.3273
118633,,48.2913
118633,,48.6379
118633,,48.3346
118633,,48.9801
118633,,48.8657
118633,,49.1078
118633,,50.0512
118633,,49.7661
118633,,49.822
118633,,50.3133
118633,,50.7634
118633,,50.643
118633,,50.4387
118633,,50.3611
118633,,49.584
118633,,49.2472
118633,,49.6188
118633,,50.2274
118633,,50.5581
118633,,50.8322
118633,,50.8017
118633,,51.1765
118633,,51.3323
118633,,52.1827
118633,,52.1643
118633,,52.813
118633,,53.2492
118633,,51.1482
118633,,51.3947
118633,,51.818
118633,,51.9318
118633,,52.4887
118633,,52.4758
118633,,52.4777
118633,,52.0818
118633,,51.3966
118633,,52.2712
118633,,52.8225
118633,,52.2047
118633,,52.3034
118633,,53.2362
118633,,53.4818
118633,,53.5437
118633,,53.5544
118633,,53.7454
118633,,53.5515
118633,,53.9687
118633,,53.4867
118633,,53.3205
118633,,53.6363
118633,,53.1304
118633,,52.4255
118633,,52.4818
118633,,51.7291
118633,,51.7414
118633,,52.0018
118633,,51.2954
118633,,51.3048
118633,,51.5063
118633,,51.2654
118633,,50.6268
118633,,50.7774
118633,,51.8041
118633,,51.6542
118633,,52.4011
118633,,52.0815
118633,,52.2075
118633,,54.7449
118633,,54.2229
118633,,53.3842
118633,,53.5833
118633,,53.9214
118633,,53.7608
118633,,53.7814
118633,,53.2566
118633,,53.3466
118633,,53.6012
118633,,53.3764
118633,,54.206
118633,,53.8351
118633,,54.9679
118633,,54.6924
118633,,54.6253
118633,,55.3005
118633,,54.7866
118633,,55.8533
118633,,55.5162
118633,,54.97
118633,,55.0626
118633,,56.1745
118633,,55.2642
118633,,55.224
118633,,55.4851
118633,,55.5302
118633,,54.4292
118633,,53.5899
118633,,53.5093
118633,,54.6423
118633,,54.1494
118633,,54.795
118633,,54.8497
118633,,54.587
118633,,53.9827
118633,,54.0772
118633,,54.803
118633,,54.6434
118633,,54.6326
118633,,53.4682
118633,,52.7094
118633,,53.1921
118633,,52.8769
118633,,52.4825
118633,,52.4931
118633,,52.2226
118633,,52.2957
118633,,52.2292
118633,,51.706
118633,,51.5
118633,,51.7282
118633,,51.774
118633,,53.7541
118633,,53.8874
118633,,53.9916
118633,,54.0108
118633,,55.4572
118633,,55.1606
118633,,54.8612
118633,,55.2265
118633,,54.9657
118633,,54.853
118633,,54.3579
118633,,54.6223
118633,,54.894
118633,,54.7699
118633,,53.2293
118633,,53.6022
118633,,53.9318
118633,,54.5427
118633,,54.4025
118633,,53.5741
118633,,53.6349
118633,,53.1849
118633,,52.8739
118633,,52.7609
118633,,52.6306
118633,,52.7235
118633,,53.0788
118633,,53.04
118633,,52.6559
118633,,53.0448
118633,,52.5676
118633,,52.4469
118633,,52.9459
118633,,52.8087
118633,,53.2236
118633,,52.9742
118633,,52.5124
118633,,51.8057
118633,,52.436
118633,,52.9826
118633,,53.3744
118633,,53.1324
118633,,54.0999
118633,,54.1842
118633,,53.6334
118633,,53.5414
118633,,53.0034
118633,,53.7801
118633,,53.4954
118633,,53.756
118633,,53.5609
118633,,53.2985
118633,,52.4352
118633,,52.7397
118633,,51.8093
118633,,51.3636
118633,,51.0707
118633,,51.2568
118633,,50.1963
118633,,50.9549
118633,,51.0009
118633,,50.4486
118633,,50.0239
118633,,50.4893
118633,,50.7838
118633,,51.4353
118633,,51.461
118633,,51.9937
118633,,51.5005
118633,,51.3876
118633,,51.9813
118633,,52.1588
118633,,52.3422
118633,,51.8267
118633,,51.3782
118633,,51.8332
118633,,51.5912
118633,,51.393
118633,,51.8585
118633,,50.6936
118633,,51.155
118633,,51.0801
118633,,50.6316
118633,,50.5516
118633,,50.3948
118633,,50.8715
118633,,50.7324
118633,,50.6351
118633,,51.2958
118633,,51.5528
118633,,52.3413
118633,,52.9531
118633,,52.5675
118633,,54.1548
118633,,54.8282
118633,,54.7196
118633,,55.3749
118633,,54.805
118633,,55.3593
118633,,55.1467
118633,,54.5537
118633,,55.3707
118633,,55.9429
118633,,56.0764
118633,,56.1222
118633,,56.3692
118633,,58.5896
118633,,58.3345
118633,,59.4825
118633,,60.4688
118633,,60.8995
118633,,60.4169
118633,,60.9261
118633,,60.8294
118633,,59.716
118633,,59.8983
118633,,59.4859
118633,,59.094
118633,,58.994
118633,,58.7656
118633,,58.322
118633,,58.4909
118633,,58.8141
118633,,58.9871
118633,,59.1382
118633,,59.3305
118633,,58.3579
118633,,58.2595
118633,,58.8901
118633,,61.005
118633,,60.3917
118633,,60.6487
118633,,60.3752
118633,,60.8125
118633,,60.9904
118633,,61.5398
118633,,60.8791
118633,,61.3475
118633,,61.0719
118633,,61.6969
118633,,61.9111
118633,,61.8287
118633,,61.5395
118633,,62.02
118633,,62.7459
118633,,62.4839
118633,,57.943
118633,,58.3024
118633,,57.682
118633,,57.5388
118633,,58.5654
118633,,58.5702
118633,,58.7777
118633,,58.3194
118633,,59.4735
118633,,59.2208
118633,,59.1323
118633,,59.854
118633,,59.789
118633,,59.8451
118633,,57.7113
118633,,57.8926
118633,,58.4039
118633,,58.8847
118633,,57.6903
118633,,57.5955
118633,,57.0678
118633,,57.1697
118633,,56.9888
118633,,57.3167
118633,,57.3366
118633,,56.4149
118633,,55.9646
118633,,52.2744
118633,,52.3078
118633,,52.0034
118633,,52.0627
118633,,51.9151
118633,,52.0187
118633,,52.4503
118633,,52.8672
118633,,53.4988
118633,,53.9235
118633,,54.065
118633,,53.8865
118633,,53.7303
118633,,52.7121
118633,,52.424
118633,,52.6844
118633,,52.6666
118633,,52.4951
118633,,52.6434
118633,,52.4784
118633,,53.0297
118633,,52.6033
118633,,52.5437
118633,,51.9236
118633,,51.7917
118633,,51.0565
118633,,53.0114
118633,,52.7981
118633,,53.4668
118633,,53.1678
118633,,53.3027
118633,,53.9698
118633,,53.6009
118633,,54.0222
118633,,54.2987
118633,,54.3078
118633,,53.8619
118633,,53.5465
118633,,53.711
118633,,54.4199
118633,,54.5781
118633,,54.6168
118633,,54.7807
118633,,54.7651
118633,,54.9216
118633,,54.7272
118633,,54.5924
118633,,54.3438
118633,,55.299
118633,,56.0465
118633,,56.3507
118633,,55.6603
118633,,55.8486
118633,,55.3051
118633,,54.9708
118633,,55.5653
118633,,55.1653
118633,,55.277
118633,,55.213
118633,,55.4888
118633,,55.0998
118633,,55.1721
118633,,55.2827
118633,,55.4237
118633,,55.4909
118633,,55.6886
118633,,57.9473
118633,,58.5573
118633,,59.2468
118633,,58.5569
118633,,58.1667
118633,,58.1426
118633,,58.2231
118633,,58.1372
118633,,58.3903
118633,,58.9359
118633,,59.8691
118633,,60.2066
118633,,62.5664
118633,,62.0792
118633,,62.1562
118633,,61.7618
118633,,62.3668
118633,,62.4801
118633,,61.9988
118633,,62.4923
118633,,62.6237
118633,,63.1848
118633,,62.5808
118633,,62.817
118633,,63.2796
118633,,62.4729
118633,,62.7518
118633,,62.726
118633,,62.3429
118633,,62.9855
118633,,63.0961
118633,,63.3715
118633,,62.4469
118633,,61.1575
118633,,60.4182
118633,,60.1938
118633,,60.5317
118633,,59.3248
118633,,60.1951
118633,,61.9874
118633,,62.1521
118633,,61.1574
118633,,61.5692
118633,,62.6721
118633,,62.02
118633,,62.002
118633,,62.5176
118633,,62.5672
118633,,62.6907
118633,,62.5071
118633,,62.3037
118633,,60.677
118633,,60.7829
118633,,60.4345
118633,,60.1335
118633,,60.246
118633,,59.4675
118633,,58.5913
118633,,58.9694
118633,,58.0037
118633,,57.5359
118633,,56.6591
118633,,56.4458
118633,,56.6885
118633,,56.774
118633,,60.1682
118633,,59.4175
118633,,59.5306
118633,,59.5987
118633,,59.1559
118633,,58.906
118633,,59.7292
118633,,59.6941
118633,,60.8258
118633,,59.9301
118633,,59.6856
118633,,58.907
118633,,58.3121
118633,,57.286
118633,,57.1526
118633,,57.2571
118633,,56.7061
118633,,57.1168
118633,,56.6461
118633,,56.3734
118633,,56.7262
118633,,57.3613
118633,,58.1992
118633,,58.7739
118633,,58.6364
118633,,57.8747
118633,,61.5441
118633,,62.5598
118633,,62.3366
118633,,62.5919
118633,,62.0912
118633,,62.5874
118633,,63.1181
118633,,64.4999
118633,,64.8081
118633,,65.2569
118633,,65.0201
118633,,65.365
118633,,65.18
118633,,65.2803
118633,,65.4145
118633,,65.4419
118633,,65.7826
118633,,65.5858
118633,,66.8374
118633,,65.5354
118633,,66.0243
118633,,66.475
118633,,66.8277
118633,,66.9662
118633,,67.3269
118633,,67.8794
118633,,67.481
118633,,66.2393
118633,,66.363
118633,,67.2117
118633,,66.8522
118633,,67.4044
118633,,69.1494
118633,,69.4026
118633,,69.9681
118633,,70.4337
118633,,69.5918
118633,,69.9883
118633,,70.214
118633,,70.0895
118633,,70.8243
118633,,70.7883
118633,,70.4897
118633,,70.8372
118633,,70.5483
118633,,69.8792
118633,,69.795
118633,,69.6469
118633,,69.3198
118633,,69.0268
118633,,69.7877
118633,,69.6271
118633,,68.9698
118633,,70.5321
118633,,70.0331
118633,,69.5875
118633,,69.7195
118633,,70.6085
118633,,71.3042
118633,,71.9135
118633,,71.753
118633,,71.5829
118633,,71.8387
118633,,71.7934
118633,,72.396
118633,,72.9656
118633,,73.385
118633,,70.9524
118633,,71.881
118633,,72.5558
118633,,72.7836
118633,,72.6843
118633,,73.2705
118633,,73.5626
118633,,73.7555
118633,,74.4754
118633,,75.4572
118633,,74.6669
118633,,74.0166
118633,,74.704
118633,,74.6614
118633,,76.0696
118633,,75.8088
118633,,77.1963
118633,,76.575
118633,,76.965
118633,,76.5696
118633,,77.3692
118633,,77.0834
118633,,77.3212
118633,,76.9186
118633,,77.597
118633,,77.1893
118633,,76.181
118633,,77.0754
118633,,77.8004
118633,,77.9998
118633,,78.8094
118633,,78.1167
118633,,77.933
118633,,78.2458
118633,,78.1962
118633,,78.0665
118633,,77.2841
118633,,75.9176
118633,,76.5066
118633,,77.0699
118633,,77.9482
118633,,78.1314
118633,,79.3848
118633,,78.4873
118633,,78.6178
118633,,78.7829
118633,,79.2558
118633,,78.73
118633,,79.9495
118633,,79.9999
118633,,79.2775
118633,,81.4077
118633,,81.9129
118633,,81.9753
118633,,81.0747
118633,,81.7487
118633,,83.4273
118633,,83.8812
118633,,84.7429
118633,,86.1465
118633,,85.5621
118633,,84.2153
118633,,84.7483
118633,,84.607
118633,,83.631
118633,,83.6165
118633,,81.6616
118633,,80.5867
118633,,81.3516
118633,,81.1004
118633,,80.7546
118633,,81.0063
118633,,80.4315
118633,,80.6711
118633,,80.1932
118633,,79.8416
118633,,80.1689
118633,,79.4089
118633,,78.7342
118633,,78.7748
118633,,79.4788
118633,,79.2777
118633,,79.278
118633,,79.0024
118633,,80.781
118633,,81.0034
118633,,80.6638
118633,,79.5385
118633,,80.9769
118633,,80.9021
118633,,81.4768
118633,,82.8779
118633,,83.3885
118633,,82.294
118633,,81.9126
118633,,81.7207
118633,,81.1655
118633,,81.5152
118633,,82.4154
118633,,83.442
118633,,83.2357
118633,,83.4933
118633,,83.8654
118633,,84.3696
118633,,83.762
118633,,86.3503
118633,,86.364
118633,,87.331
118633,,87.0246
118633,,86.8761
118633,,86.9378
118633,,85.5825
118633,,85.426
118633,,83.6168
118633,,83.229
118633,,83.9024
118633,,86.4641
118633,,85.8991
118633,,86.2184
118633,,85.8645
118633,,86.5966
118633,,87.849
118633,,88.1525
118633,,88.2772
118633,,87.0232
118633,,87.6441
118633,,86.8093
118633,,86.5345
118633,,87.3149
118633,,85.4962
118633,,85.9643
118633,,85.2877
118633,,84.4371
118633,,84.5205
118633,,84.612
118633,,84.5458
118633,,84.3737
118633,,85.7006
118633,,86.0675
118633,,87.6216
118633,,88.6535
118633,,90.0417
118633,,89.2385
118633,,87.1135
118633,,86.9882
118633,,88.3718
118633,,87.8994
118633,,89.2411
118633,,89.9581
118633,,90.3196
118633,,90.9644
118633,,91.0223
118633,,92.108
118633,,92.6175
118633,,91.3148
118633,,91.601
118634,,62.2671
118634,,61.6708
118634,,60.9849
118634,,60.7675
118634,,59.0682
118634,,59.497
118634,,58.3669
118634,,59.469
118634,,58.9409
118634,,58.9037
118634,,58.9586
118634,,59.2375
118634,,59.3238
118634,,61.8651
118634,,61.1346
118634,,61.4971
118634,,62.4714
118634,,65.3303
118634,,66.4063
118634,,65.2504
118634,,64.523
118634,,66.9387
118634,,66.7714
118634,,66.8797
118634,,68.3243
118634,,67.8009
118634,,67.6894
118634,,67.1635
118634,,67.0844
118634,,67.1604
118634,,66.2752
118634,,66.9952
118634,,66.6637
118634,,65.8431
118634,,65.5367
118634,,65.8447
118634,,65.9885
118634,,66.4866
118634,,71.9103
118634,,72.9527
118634,,73.3056
118634,,73.7938
118634,,72.0233
118634,,72.0023
118634,,71.0721
118634,,71.4501
118634,,71.4454
118634,,73.7341
118634,,74.8716
118634,,75.2735
118634,,75.0232
118634,,75.7531
118634,,76.2362
118634,,75.4421
118634,,73.8116
118634,,74.7944
118634,,74.1941
118634,,75.0149
118634,,75.5428
118634,,76.1805
118634,,76.2874
118634,,76.8167
118634,,76.7393
118634,,76.0417
118634,,75.5529
118634,,77.5179
118634,,76.3961
118634,,75.565
118634,,74.6285
118634,,72.9705
118634,,71.9644
118634,,72.1444
118634,,71.402
118634,,67.2534
118634,,68.4606
118634,,66.727
118634,,67.4079
118634,,67.4999
118634,,69.8245
118634,,70.2757
118634,,70.5473
118634,,71.1194
118634,,71.3375
118634,,71.871
118634,,72.0396
118634,,71.3576
118634,,71.4245
118634,,70.6871
118634,,69.8846
118634,,69.5764
118634,,69.5063
118634,,71.2277
118634,,73.5349
118634,,72.8515
118634,,71.0249
118634,,72.0565
118634,,71.9892
118634,,71.709
118634,,71.1576
118634,,73.3503
118634,,73.8255
118634,,74.5325
118634,,74.7889
118634,,75.1732
118634,,77.3142
118634,,77.2214
118634,,76.5722
118634,,78.0879
118634,,76.437
118634,,79.4018
118634,,80.5768
118634,,78.4203
118634,,78.2122
118634,,78.073
118634,,78.625
118634,,77.477
118634,,77.5838
118634,,77.5036
118634,,77.9681
118634,,77.1748
118634,,76.5138
118634,,75.9853
118634,,77.4603
118634,,79.122
118634,,77.4692
118634,,78.7753
118634,,79.8675
118634,,81.9172
118634,,82.4875
118634,,82.5021
118634,,84.0769
118634,,86.9406
118634,,88.428
118634,,88.977
118634,,88.4912
118634,,88.6908
118634,,89.4307
118634,,89.7053
118634,,89.9969
118634,,88.9912
118634,,88.4636
118634,,91.7467
118634,,93.6207
118634,,91.5526
118634,,91.1557
118634,,90.8243
118634,,91.8682
118634,,91.9029
118634,,94.7902
118634,,95.9154
118634,,96.9545
118634,,96.9636
118634,,98.3945
118634,,97.9813
118634,,98.504
118634,,97.1776
118634,,98.8677
118634,,99.408
118634,,111.6479
118634,,110.1306
118634,,109.8171
118634,,111.3438
118634,,112.4191
118634,,110.9413
118634,,112.369
118634,,110.3596
118634,,109.0083
118634,,108.9053
118634,,108.0545
118634,,109.6752
118634,,110.2672
118634,,117.2043
118634,,119.005
118634,,120.9069
118634,,117.4249
118634,,116.3067
118634,,115.334
118634,,113.9157
118634,,117.1863
118634,,117.2669
118634,,117.3017
118634,,118.4293
118634,,119.6002
118634,,108.7453
118634,,111.2832
118634,,112.6485
118634,,110.4004
118634,,112.7103
118634,,114.1023
118634,,113.9914
118634,,110.5099
118634,,112.28
118634,,111.3349
118634,,112.0413
118634,,112.26
118634,,115.1134
118634,,114.9867
118634,,115.0598
118634,,123.6143
118634,,123.1493
118634,,121.3553
118634,,120.8531
118634,,118.7288
118634,,118.4263
118634,,117.8937
118634,,119.3563
118634,,115.3817
118634,,114.156
118634,,112.9577
118634,,115.1898
118634,,111.8827
118634,,109.8258
118634,,110.3594
118634,,111.0473
118634,,109.4238
118634,,108.5337
118634,,105.5317
118634,,107.9399
118634,,105.8451
118634,,106.8461
118634,,106.8805
118634,,109.1686
118634,,107.9092
118634,,102.2827
118634,,99.8428
118634,,100.735
118634,,102.9769
118634,,101.9975
118634,,100.8033
118634,,100.0607
118634,,101.0537
118634,,103.1179
118634,,101.2127
118634,,98.9388
118634,,102.7425
118634,,102.5454
118634,,103.0446
118634,,108.72
118634,,109.2063
118634,,107.113
118634,,107.7355
118634,,107.196
118634,,106.3125
118634,,106.4598
118634,,104.9514
118634,,103.1815
118634,,99.1043
118634,,101.9582
118634,,102.9443
118634,,102.8449
118634,,104.1518
118634,,103.6133
118634,,102.2747
118634,,100.7555
118634,,99.167
118634,,100.2892
118634,,99.2095
118634,,97.6938
118634,,98.8844
118634,,99.4832
118634,,101.091
118634,,101.9994
118634,,100.8849
118634,,101.0941
118634,,103.0169
118634,,104.5828
118634,,106.2563
118634,,107.0006
118634,,109.4425
118634,,110.1927
118634,,113.3057
118634,,110.5481
118634,,111.2533
118634,,111.8484
118634,,110.3071
118634,,111.4158
118634,,108.9267
118634,,111.5946
118634,,111.5663
118634,,109.3333
118634,,106.8457
118634,,105.3366
118634,,108.4958
118634,,112.4423
118634,,112.9044
118634,,113.2684
118634,,112.7684
118634,,111.218
118634,,113.7522
118634,,117.2609
118634,,116.4862
118634,,118.2392
118634,,118.618
118634,,121.0192
118634,,118.2558
118634,,117.7107
118634,,117.6804
118634,,112.9293
118634,,111.1113
118634,,109.7926
118634,,111.5417
118634,,110.4033
118634,,109.0852
118634,,110.5952
118634,,105.3883
118634,,107.5624
118634,,104.1073
118634,,104.9399
118634,,104.1592
118634,,103.0303
118634,,104.0344
118634,,101.3262
118634,,98.6562
118634,,99.7325
118634,,100.5894
118634,,100.8942
118634,,99.5927
118634,,103.134
118634,,102.2838
118634,,97.8118
118634,,99.7535
118634,,102.7028
118634,,101.8059
118634,,100.1974
118634,,100.0687
118634,,99.8607
118634,,101.5273
118634,,101.7034
118634,,100.5295
118634,,98.5498
118634,,98.7997
118634,,101.3471
118634,,102.7725
118634,,101.9812
118634,,101.2396
118634,,101.4888
118634,,102.4032
118634,,104.5329
118634,,103.8751
118634,,101.3601
118634,,101.6997
118634,,101.0579
118634,,99.0954
118634,,98.8403
118634,,100.157
118634,,101.9595
118634,,104.3516
118634,,110.5401
118634,,110.7091
118634,,113.3124
118634,,115.2345
118634,,117.1585
118634,,120.5835
118634,,119.8945
118634,,119.0605
118634,,119.766
118634,,121.8633
118634,,119.7719
118634,,117.7078
118634,,117.8667
118634,,114.1758
118634,,113.4776
118634,,110.5135
118634,,113.0208
118634,,111.7572
118634,,114.8046
118634,,116.9377
118634,,115.8545
118634,,113.4311
118634,,113.2001
118634,,111.8507
118634,,112.0515
118634,,112.3003
118634,,112.8626
118634,,116.1474
118634,,116.0066
118634,,117.9595
118634,,118.4901
118634,,118.1495
118634,,118.031
118634,,118.0247
118634,,118.6494
118634,,116.9724
118634,,122.4295
118634,,120.4377
118634,,119.8075
118634,,119.8794
118634,,119.5278
118634,,116.1482
118634,,119.4448
118634,,119.0342
118634,,119.4627
118634,,121.9336
118634,,117.6154
118634,,116.7733
118634,,113.4915
118634,,113.6475
118634,,113.3709
118634,,112.8132
118634,,116.5462
118634,,115.1461
118634,,116.943
118634,,117.0486
118634,,117.0385
118634,,119.3316
118634,,122.2187
118634,,121.8648
118634,,123.5161
118634,,121.6019
118634,,120.3293
118634,,114.5168
118634,,113.7277
118634,,113.8946
118634,,113.7499
118634,,117.4555
118634,,118.6273
118634,,119.7269
118634,,116.7701
118634,,116.2029
118634,,115.4164
118634,,114.096
118634,,112.7661
118634,,110.2291
118634,,109.2558
118634,,109.9625
118634,,113.3884
118634,,116.0718
118634,,117.2444
118634,,117.627
118634,,120.3562
118634,,121.9784
118634,,117.7537
118634,,115.9165
118634,,116.6373
118634,,108.0832
118634,,109.9369
118634,,108.8754
118634,,107.1209
118634,,107.5749
118634,,106.3762
118634,,105.5909
118634,,106.1142
118634,,105.6622
118634,,109.6753
118634,,109.6418
118634,,110.8106
118634,,107.5672
118634,,106.2118
118634,,110.6174
118634,,110.9498
118634,,112.7017
118634,,113.4117
118634,,114.8694
118634,,112.8804
118634,,112.1138
118634,,112.9128
118634,,115.1901
118634,,113.8148
118634,,110.3243
118634,,109.5575
118634,,111.4115
118634,,108.5597
118634,,106.8433
118634,,108.3766
118634,,107.836
118634,,106.0016
118634,,105.2672
118634,,106.2672
118634,,106.3485
118634,,108.3329
118634,,110.9071
118634,,108.955
118634,,106.9139
118634,,104.8308
118634,,107.5407
118634,,108.1398
118634,,109.8393
118634,,110.3248
118634,,111.6918
118634,,112.4198
118634,,110.3513
118634,,108.9169
118634,,108.4621
118634,,110.3936
118634,,109.1654
118634,,110.048
118634,,110.6722
118634,,113.5707
118634,,113.5953
118634,,115.571
118634,,114.4711
118634,,114.2855
118634,,113.8159
118634,,116.7627
118634,,115.0124
118634,,117.2732
118634,,117.6015
118634,,119.9631
118634,,123.098
118634,,123.3702
118634,,122.8668
118634,,115.0461
118634,,114.0296
118634,,113.3145
118634,,114.2887
118634,,113.4626
118634,,114.5434
118634,,114.8155
118634,,114.7637
118634,,112.0538
118634,,110.7132
118634,,111.8664
118634,,110.7679
118634,,112.9893
118634,,121.7711
118634,,121.4606
118634,,119.6607
118634,,122.9646
118634,,123.492
118634,,125.5059
118634,,125.0261
118634,,122.9084
118634,,120.505
118634,,118.8978
118634,,119.6548
118634,,120.7438
118634,,122.0027
118634,,125.5776
118634,,125.3653
118634,,124.8509
118634,,124.5492
118634,,123.1734
118634,,123.772
118634,,121.6788
118634,,118.2142
118634,,118.7273
118634,,118.8708
118634,,117.9092
118634,,115.6522
118634,,116.2826
118634,,114.5834
118634,,110.7087
118634,,111.5945
118634,,112.1556
118634,,112.1382
118634,,111.0717
118634,,112.076
118634,,114.9094
118634,,114.1055
118634,,112.384
118634,,110.4892
118634,,109.0865
118634,,109.5307
118634,,106.6372
118634,,106.1919
118634,,104.6519
118634,,103.0037
118634,,104.2947
118634,,104.4345
118634,,105.5741
118634,,106.6915
118634,,103.4414
118634,,101.6895
118634,,100.1554
118634,,98.9628
118634,,98.3957
118634,,100.0436
118634,,100.1102
118634,,99.9572
118634,,102.2492
118634,,101.6348
118634,,103.5651
118634,,103.1565
118634,,103.5314
118634,,101.7831
118634,,100.1236
118634,,101.3626
118634,,102.8698
118634,,103.0025
118634,,101.1187
118634,,105.4121
118634,,107.7006
118634,,107.5417
118634,,105.8958
118634,,103.3695
118634,,102.2093
118634,,101.6399
118634,,103.0509
118634,,101.3363
118634,,103.9372
118634,,101.8602
118634,,105.7621
118634,,102.0862
118634,,101.8482
118634,,101.0184
118634,,104.4703
118634,,103.6831
118634,,104.4967
118634,,104.828
118634,,105.504
118634,,106.3121
118634,,107.8922
118634,,108.4405
118634,,108.9203
118634,,109.1159
118634,,108.9734
118634,,107.5136
118634,,108.3809
118634,,108.7844
118634,,110.6091
118634,,109.4759
118634,,110.606
118634,,110.7605
118634,,114.4427
118634,,114.1531
118634,,115.5105
118634,,115.6393
118634,,113.2373
118634,,112.4106
118634,,114.1913
118634,,112.4265
118634,,111.319
118634,,109.8017
118634,,107.6591
118634,,110.096
118634,,106.621
118634,,109.0418
118634,,111.2999
118634,,112.2773
118634,,110.4202
118634,,107.797
118634,,106.9633
118634,,108.4486
118634,,109.4194
118634,,110.1287
118634,,109.3472
118634,,108.971
118634,,108.3007
118634,,107.921
118634,,108.7376
118634,,105.5121
118634,,105.4806
118634,,106.1562
118634,,105.2987
118634,,104.598
118634,,103.9495
118634,,100.9545
118634,,101.7024
118634,,98.7116
118634,,97.5161
118634,,98.5145
118634,,97.1392
118634,,99.3445
118634,,98.7231
118634,,97.4197
118634,,98.4463
118634,,101.0588
118634,,109.6306
118634,,110.7154
118634,,111.3341
118634,,112.327
118634,,112.5346
118634,,112.5244
118634,,115.2105
118634,,118.1846
118634,,118.0242
118634,,118.5702
118634,,118.8264
118634,,115.9495
118634,,115.4376
118634,,126.5916
118634,,125.4818
118634,,127.7079
118634,,125.0773
118634,,122.8465
118634,,126.6912
118634,,126.7782
118634,,125.8174
118634,,128.6591
118634,,131.3229
118634,,133.3573
118634,,132.2812
118634,,131.7999
118634,,132.564
118634,,133.6435
118634,,134.9623
118634,,137.0583
118634,,137.3976
118634,,136.9381
118634,,137.2071
118634,,137.7795
118634,,136.5167
118634,,134.0385
118634,,129.8933
118634,,132.6273
118634,,133.7849
118634,,134.6683
118635,,164.3293
118635,,163.9658
118635,,160.8029
118635,,160.1086
118635,,159.2699
118635,,160.0808
118635,,159.956
118635,,160.878
118635,,157.6352
118635,,156.6365
118635,,157.4325
118635,,157.1158
118635,,158.2891
118635,,163.3977
118635,,163.6717
118635,,163.2739
118635,,166.0953
118635,,167.6914
118635,,167.5186
118635,,168.8144
118635,,167.2057
118635,,167.6352
118635,,166.4384
118635,,164.2374
118635,,165.7279
118635,,163.5899
118635,,162.7478
118635,,161.8743
118635,,158.6347
118635,,159.4541
118635,,159.2151
118635,,159.1497
118635,,160.9966
118635,,161.1962
118635,,160.7115
118635,,161.5495
118635,,163.0405
118635,,163.5211
118635,,170.0749
118635,,168.3287
118635,,166.4686
118635,,164.9383
118635,,165.2051
118635,,161.5319
118635,,160.8378
118635,,162.7859
118635,,164.1855
118635,,163.5868
118635,,163.0914
118635,,163.9353
118635,,165.281
118635,,162.6144
118635,,161.6782
118635,,159.1552
118635,,159.8479
118635,,159.063
118635,,157.9885
118635,,156.4511
118635,,156.1793
118635,,158.2914
118635,,157.7189
118635,,156.3983
118635,,157.3166
118635,,157.6207
118635,,152.0103
118635,,153.8324
118635,,154.9622
118635,,157.2184
118635,,158.8012
118635,,158.3597
118635,,158.5281
118635,,157.4855
118635,,157.2695
118635,,157.4303
118635,,157.4021
118635,,159.2239
118635,,158.8759
118635,,157.7492
118635,,156.7552
118635,,155.739
118635,,155.5705
118635,,155.997
118635,,157.2941
118635,,157.4946
118635,,159.3312
118635,,161.5228
118635,,162.662
118635,,164.3868
118635,,163.1426
118635,,161.6979
118635,,162.469
118635,,161.6454
118635,,161.8461
118635,,160.8268
118635,,159.9546
118635,,159.061
118635,,157.0456
118635,,157.5671
118635,,158.8077
118635,,159.9292
118635,,159.6681
118635,,158.693
118635,,159.7456
118635,,160.6665
118635,,162.4532
118635,,165.0073
118635,,164.565
118635,,161.5274
118635,,162.2487
118635,,162.5544
118635,,161.6656
118635,,162.2761
118635,,163.4084
118635,,162.2303
118635,,161.9139
118635,,163.9685
118635,,163.0865
118635,,163.2597
118635,,157.8928
118635,,158.5317
118635,,157.7666
118635,,158.1366
118635,,158.3076
118635,,158.063
118635,,158.7646
118635,,158.9033
118635,,158.8125
118635,,158.4313
118635,,158.6138
118635,,158.9845
118635,,157.7833
118635,,157.2348
118635,,156.3805
118635,,155.0678
118635,,156.237
118635,,157.4775
118635,,157.2906
118635,,158.3623
118635,,154.6429
118635,,156.4139
118635,,156.2936
118635,,156.5559
118635,,156.2261
118635,,158.1035
118635,,161.9904
118635,,161.817
118635,,161.3456
118635,,163.2744
118635,,165.9365
118635,,166.0348
118635,,165.0996
118635,,166.2848
118635,,166.0249
118635,,166.9278
118635,,166.6597
118635,,168.8951
118635,,168.017
118635,,168.7666
118635,,173.7045
118635,,170.0071
118635,,169.7161
118635,,169.4921
118635,,170.5115
118635,,170.5062
118635,,171.6019
118635,,170.1805
118635,,170.6313
118635,,171.9826
118635,,170.0062
118635,,173.6316
118635,,175.4237
118635,,175.9763
118635,,175.4718
118635,,176.1048
118635,,177.1959
118635,,176.1971
118635,,175.6529
118635,,177.8582
118635,,179.6512
118635,,180.051
118635,,176.8744
118635,,180.6425
118635,,180.7062
118635,,184.3868
118635,,184.2215
118635,,182.9008
118635,,183.7549
118635,,185.4086
118635,,186.8376
118635,,186.5383
118635,,187.1875
118635,,189.8655
118635,,191.6368
118635,,190.5083
118635,,186.6737
118635,,187.2245
118635,,188.5501
118635,,186.9722
118635,,187.0744
118635,,189.1502
118635,,190.79
118635,,193.0734
118635,,192.9229
118635,,192.2398
118635,,192.4714
118635,,192.4376
118635,,191.5104
118635,,190.7425
118635,,190.2692
118635,,188.5521
118635,,188.303
118635,,189.4586
118635,,188.3684
118635,,188.4219
118635,,186.7533
118635,,189.665
118635,,188.3576
118635,,187.6493
118635,,186.6277
118635,,186.847
118635,,189.0531
118635,,191.9428
118635,,191.4153
118635,,202.5358
118635,,203.182
118635,,205.8198
118635,,204.3366
118635,,207.2635
118635,,206.9885
118635,,209.6973
118635,,209.7965
118635,,210.4859
118635,,210.5353
118635,,209.7285
118635,,209.3732
118635,,211.8605
118635,,207.9906
118635,,207.9786
118635,,211.7682
118635,,210.6929
118635,,210.3497
118635,,209.7196
118635,,207.9919
118635,,211.406
118635,,212.886
118635,,215.1265
118635,,213.0914
118635,,213.5175
118635,,214.5412
118635,,215.1283
118635,,217.2159
118635,,215.08
118635,,214.3468
118635,,212.9521
118635,,214.787
118635,,217.2433
118635,,217.6386
118635,,216.2551
118635,,215.5835
118635,,214.584
118635,,212.9833
118635,,212.9152
118635,,214.0302
118635,,215.0022
118635,,210.1716
118635,,210.6726
118635,,212.2495
118635,,210.7129
118635,,210.9808
118635,,207.9831
118635,,210.7185
118635,,208.4938
118635,,207.7237
118635,,210.1214
118635,,209.8264
118635,,207.8862
118635,,209.2116
118635,,205.392
118635,,203.5157
118635,,204.644
118635,,206.7771
118635,,208.8932
118635,,206.8758
118635,,207.8314
118635,,210.3946
118635,,211.3835
118635,,212.3228
118635,,211.6135
118635,,212.1046
118635,,214.3736
118635,,219.9592
118635,,222.361
118635,,225.1196
118635,,224.5751
118635,,223.7725
118635,,223.6015
118635,,223.7876
118635,,226.5424
118635,,228.8338
118635,,229.9637
118635,,227.4014
118635,,224.3953
118635,,224.9536
118635,,226.698
118635,,221.7435
118635,,223.4837
118635,,220.3995
118635,,218.5872
118635,,215.813
118635,,216.2909
118635,,216.7325
118635,,220.2744
118635,,222.0435
118635,,224.7964
118635,,225.4446
118635,,223.7636
118635,,224.1141
118635,,220.9042
118635,,219.1633
118635,,218.3727
118635,,218.6136
118635,,219.169
118635,,218.3874
118635,,219.9126
118635,,221.0925
118635,,223.2811
118635,,223.2471
118635,,222.4262
118635,,221.3004
118635,,221.972
118635,,217.7835
118635,,221.3527
118635,,221.4988
118635,,218.7976
118635,,218.4069
118635,,218.6317
118635,,219.5503
118635,,219.201
118635,,217.5048
118635,,215.6744
118635,,214.6338
118635,,213.7659
118635,,211.8975
118635,,222.2299
118635,,221.58
118635,,221.2969
118635,,221.5347
118635,,222.948
118635,,223.8377
118635,,223.6566
118635,,223.8738
118635,,224.7858
118635,,226.1344
118635,,223.4541
118635,,221.6055
118635,,223.7396
118635,,224.725
118635,,223.7889
118635,,222.1841
118635,,226.817
118635,,226.3748
118635,,226.1498
118635,,227.526
118635,,230.6384
118635,,229.7306
118635,,227.9768
118635,,225.786
118635,,228.869
118635,,224.3868
118635,,226.2217
118635,,227.8721
118635,,227.8015
118635,,227.0998
118635,,227.6806
118635,,228.1126
118635,,227.1696
118635,,227.5287
118635,,226.3331
118635,,226.1321
118635,,225.6285
118635,,223.4113
118635,,219.2639
118635,,217.6965
118635,,219.5405
118635,,222.7251
118635,,222.3762
118635,,224.9918
118635,,228.9625
118635,,228.8755
118635,,227.9846
118635,,225.6538
118635,,225.1996
118635,,225.4669
118635,,229.3665
118635,,227.0641
118635,,223.4643
118635,,222.5809
118635,,222.4504
118635,,224.8624
118635,,224.7931
118635,,224.5474
118635,,225.3737
118635,,224.9919
118635,,226.6072
118635,,230.4291
118635,,234.7215
118635,,235.0294
118635,,235.8003
118635,,235.7321
118635,,239.7598
118635,,242.3776
118635,,242.8765
118635,,244.0139
118635,,244.9326
118635,,247.8529
118635,,246.9294
118635,,248.5428
118635,,250.8749
118635,,253.5149
118635,,248.9958
118635,,247.9047
118635,,245.9711
118635,,246.9835
118635,,247.4889
118635,,248.0782
118635,,246.0874
118635,,248.8027
118635,,248.0242
118635,,250.2284
118635,,250.5933
118635,,254.0992
118635,,252.0715
118635,,249.9711
118635,,248.2519
118635,,249.437
118635,,249.7162
118635,,248.2452
118635,,249.253
118635,,248.9094
118635,,250.9424
118635,,250.8384
118635,,249.2044
118635,,246.2166
118635,,242.6117
118635,,245.3601
118635,,244.5681
118635,,245.3737
118635,,249.1117
118635,,258.7159
118635,,259.4843
118635,,258.978
118635,,256.388
118635,,259.0617
118635,,260.3265
118635,,260.4994
118635,,260.6285
118635,,257.5663
118635,,255.6446
118635,,256.4816
118635,,255.5045
118635,,255.1809
118635,,245.6635
118635,,248.6695
118635,,248.0132
118635,,247.9355
118635,,247.736
118635,,244.2954
118635,,246.449
118635,,244.6543
118635,,244.3068
118635,,245.6322
118635,,248.7168
118635,,246.6541
118635,,245.8807
118635,,242.7657
118635,,245.5997
118635,,245.8456
118635,,248.7563
118635,,249.2498
118635,,247.8216
118635,,250.5573
118635,,251.1229
118635,,253.2393
118635,,251.163
118635,,253.4394
118635,,255.7995
118635,,256.5395
118635,,254.9814
118635,,255.0168
118635,,258.4674
118635,,256.3353
118635,,258.6196
118635,,261.6373
118635,,261.7729
118635,,262.0383
118635,,260.5308
118635,,259.5094
118635,,258.7765
118635,,261.9876
118635,,261.9686
118635,,259.2811
118635,,261.0481
118635,,261.9033
118635,,258.2854
118635,,260.5936
118635,,262.6724
118635,,263.8966
118635,,262.5754
118635,,263.0773
118635,,262.1088
118635,,260.0396
118635,,259.4531
118635,,261.0756
118635,,261.3041
118635,,262.0626
118635,,263.2202
118635,,265.5371
118635,,262.2142
118635,,262.4741
118635,,264.6968
118635,,268.1204
118635,,264.8794
118635,,264.2543
118635,,266.6395
118635,,266.3573
118635,,264.5152
118635,,261.3137
118635,,255.2075
118635,,256.1481
118635,,256.1656
118635,,255.9695
118635,,254.9573
118635,,255.2702
118635,,256.4704
118635,,261.6759
118635,,262.0519
118635,,265.4519
118635,,266.3681
118635,,266.2884
118635,,266.7501
118635,,264.2309
118635,,265.0752
118635,,266.0925
118635,,264.4309
118635,,264.1953
118635,,263.3399
118635,,264.4168
118635,,265.7481
118635,,267.8326
118635,,268.736
118635,,269.2529
118635,,273.5132
118635,,270.2595
118635,,285.3794
118635,,288.343
118635,,290.7052
118635,,290.0157
118635,,288.6837
118635,,288.1715
118635,,290.8848
118635,,288.6835
118635,,286.3169
118635,,287.7331
118635,,288.6351
118635,,286.9681
118635,,284.5619
118635,,288.081
118635,,285.9616
118635,,289.4697
118635,,292.7975
118635,,293.8108
118635,,299.6696
118635,,301.324
118635,,304.0649
118635,,304.3325
118635,,302.5484
118635,,300.5427
118635,,301.1453
118635,,300.7793
118635,,296.6074
118635,,291.1683
118635,,292.7266
118635,,292.3401
118635,,292.3124
118635,,290.9994
118635,,292.3523
118635,,291.7832
118635,,291.488
118635,,289.6125
118635,,291.9573
118635,,291.5795
118635,,293.1858
118635,,291.0944
118635,,290.8044
118635,,292.2412
118635,,290.7365
118635,,285.5894
118635,,288.0442
118635,,290.505
118635,,296.6757
118635,,291.5117
118635,,293.461
118635,,288.9168
118635,,293.254
118635,,294.5798
118635,,292.4432
118635,,294.4696
118635,,302.9881
118635,,301.421
118635,,307.4016
118635,,308.4629
118635,,311.1592
118635,,310.7797
118635,,309.5682
118635,,309.7971
118635,,309.2822
118635,,305.6808
118635,,303.3359
118635,,305.2569
118635,,310.5185
118635,,315.0756
118635,,314.9824
118635,,316.3952
118635,,318.588
118635,,316.0868
118635,,321.0351
118635,,322.5173
118635,,324.0594
118635,,319.8436
118635,,322.0976
118635,,323.6031
118635,,328.1052
118635,,325.406
118635,,320.7693
118635,,322.7691
118635,,327.3381
118635,,325.8025
118635,,325.659
118635,,326.9879
118635,,331.8094
118635,,332.5242
118635,,333.2287
118635,,333.8906
118635,,330.187
118635,,326.4664
118635,,324.4807
118635,,331.5667
118635,,330.3746
118635,,327.3636
118635,,326.1915
118635,,326.7042
118635,,328.7203
118635,,331.613
118635,,328.955
118635,,326.5719
118635,,325.8765
118635,,327.8775
118635,,325.7584
118635,,321.0572
118635,,320.0183
118635,,319.1776
118635,,321.4085
118635,,321.6189
118635,,320.4954
118635,,320.3563
118635,,317.806
118635,,320.6513
118635,,318.7586
118635,,315.9598
118635,,318.2473
118635,,319.0981
118635,,318.1545
118635,,319.395
118635,,319.2502
118635,,324.1723
118635,,325.9009
118635,,323.6126
118635,,322.5157
118635,,322.8095
118635,,326.4314
118635,,330.3958
118635,,329.4957
118635,,327.1548
118635,,324.4905
118635,,324.1663
118635,,326.15
118635,,329.2489
118635,,330.836
118635,,325.7517
118635,,323.11
118635,,322.8585
118635,,323.4149
118635,,325.8726
118635,,326.156
118635,,326.4599
118635,,327.265
118635,,326.7508
118636,,30.3188
118636,,30.2775
118636,,30.3431
118636,,30.4306
118636,,30.3319
118636,,30.2571
118636,,30.287
118636,,30.4751
118636,,30.5797
118636,,30.5693
118636,,30.3922
118636,,30.4072
118636,,30.4436
118636,,30.6417
118636,,30.7773
118636,,30.8536
118636,,30.8782
118636,,30.959
118636,,31.0105
118636,,31.0503
118636,,31.136
118636,,31.1855
118636,,31.262
118636,,31.2837
118636,,31.0751
118636,,31.1054
118636,,31.239
118636,,31.2027
118636,,31.1941
118636,,31.1946
118636,,31.293
118636,,31.4082
118636,,31.4547
118636,,31.5616
118636,,31.5848
118636,,31.5801
118636,,31.6831
118636,,31.7311
118636,,31.8765
118636,,31.9166
118636,,32.0345
118636,,31.9665
118636,,32.0119
118636,,31.9542
118636,,32.0457
118636,,32.1367
118636,,32.1172
118636,,32.3057
118636,,32.4052
118636,,32.4722
118636,,32.5348
118636,,32.6744
118636,,32.5369
118636,,32.6102
118636,,32.6174
118636,,32.6306
118636,,32.5589
118636,,32.553
118636,,32.6524
118636,,32.6618
118636,,32.6735
118636,,32.6999
118636,,32.6075
118636,,32.6682
118636,,32.5189
118636,,32.514
118636,,32.4841
118636,,32.446
118636,,32.4299
118636,,32.3249
118636,,32.256
118636,,32.3353
118636,,32.3691
118636,,32.512
118636,,32.4967
118636,,32.4764
118636,,32.4523
118636,,32.4355
118636,,32.9118
118636,,33.0756
118636,,33.1484
118636,,33.1091
118636,,33.1513
118636,,33.2131
118636,,33.1394
118636,,33.1251
118636,,33.2266
118636,,33.0837
118636,,32.9891
118636,,32.9838
118636,,33.0227
118636,,33.0022
118636,,33.142
118636,,33.0744
118636,,33.1618
118636,,33.1313
118636,,33.1405
118636,,33.1746
118636,,33.0089
118636,,32.8969
118636,,32.9134
118636,,32.8628
118636,,32.9548
118636,,32.8311
118636,,32.7573
118636,,32.7998
118636,,32.8205
118636,,32.9521
118636,,32.9737
118636,,33.0014
118636,,33.0218
118636,,33.0782
118636,,33.0466
118636,,33.0382
118636,,33.1152
118636,,33.1478
118636,,33.1477
118636,,33.0404
118636,,33.4076
118636,,33.4765
118636,,33.3377
118636,,33.3052
118636,,33.208
118636,,33.1862
118636,,33.2351
118636,,33.194
118636,,33.2759
118636,,33.2136
118636,,33.2973
118636,,33.4169
118636,,33.5119
118636,,33.3914
118636,,33.3708
118636,,33.4346
118636,,33.582
118636,,33.5666
118636,,33.5556
118636,,33.6178
118636,,33.7053
118636,,33.7041
118636,,33.6878
118636,,33.5097
118636,,33.4536
118636,,33.3672
118636,,33.8288
118636,,33.8359
118636,,33.9836
118636,,33.935
118636,,33.8703
118636,,33.8287
118636,,33.8829
118636,,33.8276
118636,,33.824
118636,,33.6974
118636,,33.7479
118636,,33.6288
118636,,33.5595
118636,,33.6722
118636,,33.6003
118636,,33.743
118636,,33.8043
118636,,33.873
118636,,33.8411
118636,,33.8506
118636,,33.9139
118636,,33.9366
118636,,34.0836
118636,,34.0759
118636,,34.0423
118636,,34.1065
118636,,34.0077
118636,,34.0141
118636,,33.9615
118636,,33.8093
118636,,33.9152
118636,,33.9343
118636,,33.847
118636,,33.9811
118636,,33.9308
118636,,33.9619
118636,,33.9011
118636,,33.7387
118636,,33.6326
118636,,33.8412
118636,,33.9574
118636,,34.0661
118636,,34.0546
118636,,33.9783
118636,,34.0728
118636,,33.9655
118636,,34.1423
118636,,34.1545
118636,,34.0731
118636,,33.9772
118636,,33.8776
118636,,33.8993
118636,,33.9084
118636,,33.8127
118636,,33.623
118636,,33.6467
118636,,33.7236
118636,,33.6921
118636,,33.5441
118636,,33.6375
118636,,33.5679
118636,,33.484
118636,,33.4899
118636,,33.525
118636,,33.4897
118636,,33.4539
118636,,33.4264
118636,,33.4978
118636,,33.4108
118636,,33.3811
118636,,33.441
118636,,33.5244
118636,,33.5177
118636,,33.4925
118636,,33.3907
118636,,33.4445
118636,,33.5654
118636,,33.7927
118636,,33.8353
118636,,34.1514
118636,,33.9532
118636,,34.0282
118636,,33.9883
118636,,33.9379
118636,,33.92
118636,,33.8991
118636,,33.8476
118636,,33.8584
118636,,33.8205
118636,,33.8387
118636,,33.7218
118636,,33.7132
118636,,33.6298
118636,,33.6078
118636,,33.5508
118636,,33.5774
118636,,33.4647
118636,,33.3059
118636,,33.2768
118636,,33.2751
118636,,33.2925
118636,,33.2505
118636,,33.3669
118636,,33.251
118636,,33.1652
118636,,33.2154
118636,,32.6295
118636,,32.625
118636,,32.5922
118636,,32.5846
118636,,32.5816
118636,,32.6068
118636,,32.5564
118636,,32.6678
118636,,32.5254
118636,,32.5161
118636,,32.594
118636,,32.6425
118636,,32.5717
118636,,32.5148
118636,,32.5806
118636,,32.5673
118636,,32.5668
118636,,32.3951
118636,,32.3462
118636,,32.3797
118636,,32.3455
118636,,32.4338
118636,,32.3159
118636,,32.3803
118636,,32.4643
118636,,32.5519
118636,,32.433
118636,,32.2075
118636,,32.2108
118636,,32.3018
118636,,32.3674
118636,,32.3808
118636,,32.3688
118636,,32.2337
118636,,32.348
118636,,32.3208
118636,,32.457
118636,,32.4823
118636,,32.6578
118636,,32.7171
118636,,32.3422
118636,,32.51
118636,,32.5245
118636,,32.4669
118636,,32.3431
118636,,32.3572
118636,,32.3452
118636,,32.4184
118636,,32.4159
118636,,32.3278
118636,,32.4735
118636,,32.5184
118636,,32.5069
118636,,32.5297
118636,,32.68
118636,,32.419
118636,,32.5229
118636,,32.5262
118636,,32.4775
118636,,32.4044
118636,,32.3362
118636,,32.2901
118636,,32.2077
118636,,32.1072
118636,,32.0322
118636,,32.0675
118636,,32.0807
118636,,32.0163
118636,,32.0271
118636,,32.1888
118636,,32.0493
118636,,31.9747
118636,,31.8968
118636,,31.7639
118636,,31.7154
118636,,31.7795
118636,,31.7412
118636,,31.7237
118636,,31.5953
118636,,31.541
118636,,31.5101
118636,,31.5882
118636,,31.4587
118636,,31.5879
118636,,31.5354
118636,,31.5039
118636,,31.4572
118636,,31.5413
118636,,31.5361
118636,,31.5834
118636,,31.5985
118636,,31.5999
118636,,31.5336
118636,,32.0833
118636,,32.0872
118636,,32.0103
118636,,31.9884
118636,,31.8925
118636,,31.9315
118636,,32.0264
118636,,32.0258
118636,,31.9044
118636,,31.9958
118636,,31.862
118636,,31.7472
118636,,31.742
118636,,32.1978
118636,,32.1523
118636,,32.1753
118636,,32.1465
118636,,32.0915
118636,,32.0616
118636,,32.1867
118636,,32.1848
118636,,32.0864
118636,,31.9736
118636,,32.1611
118636,,32.1521
118636,,32.4088
118636,,32.3844
118636,,32.3694
118636,,32.337
118636,,32.3089
118636,,32.1194
118636,,32.1207
118636,,32.1185
118636,,32.1673
118636,,32.1341
118636,,32.0809
118636,,32.0894
118636,,31.9684
118636,,31.9891
118636,,31.8485
118636,,31.7814
118636,,31.8783
118636,,31.8885
118636,,31.8414
118636,,31.9952
118636,,32.0508
118636,,31.7661
118636,,31.7362
118636,,31.6348
118636,,31.5801
118636,,31.5776
118636,,31.6148
118636,,31.9152
118636,,32.1612
118636,,32.1375
118636,,32.1539
118636,,32.2074
118636,,32.1273
118636,,32.1655
118636,,32.1775
118636,,32.1621
118636,,32.2665
118636,,32.2023
118636,,32.2338
118636,,32.3614
118636,,32.5555
118636,,32.4744
118636,,32.685
118636,,32.654
118636,,32.8394
118636,,32.7357
118636,,32.8298
118636,,32.8805
118636,,32.9594
118636,,33.0493
118636,,33.0174
118636,,32.918
118636,,32.9232
118636,,32.9511
118636,,32.8965
118636,,32.9118
118636,,33.0354
118636,,33.0609
118636,,33.1144
118636,,33.0991
118636,,33.102
118636,,33.1073
118636,,33.1413
118636,,33.1261
118636,,33.2476
118636,,33.2258
118636,,33.7583
118636,,33.6955
118636,,33.6836
118636,,33.7016
118636,,33.7022
118636,,33.656
118636,,33.7841
118636,,33.8748
118636,,33.912
118636,,33.8875
118636,,33.9883
118636,,33.9582
118636,,34.1026
118636,,34.1219
118636,,34.8296
118636,,34.8655
118636,,34.7953
118636,,34.8382
118636,,34.8868
118636,,34.7248
118636,,34.7381
118636,,34.7844
118636,,34.787
118636,,34.8284
118636,,34.7207
118636,,34.6628
118636,,34.7633
118636,,34.74
118636,,34.8793
118636,,34.889
118636,,34.7911
118636,,34.7827
118636,,34.7025
118636,,34.654
118636,,34.6373
118636,,34.5662
118636,,34.5083
118636,,34.5247
118636,,34.5533
118636,,34.4393
118636,,34.6389
118636,,34.6796
118636,,34.6731
118636,,34.5943
118636,,34.6828
118636,,34.6391
118636,,34.5009
118636,,34.261
118636,,34.1953
118636,,34.3239
118636,,34.4427
118636,,34.3902
118636,,34.3676
118636,,34.3372
118636,,34.2318
118636,,34.1794
118636,,34.0735
118636,,34.2223
118636,,34.0775
118636,,34.1329
118636,,34.1904
118636,,34.0935
118636,,34.1
118636,,33.9694
118636,,33.7362
118636,,33.6552
118636,,33.6125
118636,,33.4105
118636,,33.3718
118636,,33.3542
118636,,33.4222
118636,,33.3896
118636,,33.287
118636,,33.3439
118636,,33.3757
118636,,33.4129
118636,,33.4752
118636,,33.5234
118636,,33.5354
118636,,33.7477
118636,,34.105
118636,,34.0109
118636,,34.0747
118636,,34.0808
118636,,34.0384
118636,,33.8865
118636,,33.81
118636,,33.88
118636,,33.9593
118636,,33.951
118636,,34.0306
118636,,34.1215
118636,,34.1446
118636,,34.1224
118636,,34.1139
118636,,34.1607
118636,,34.0436
118636,,34.1738
118636,,34.0808
118636,,34.1572
118636,,34.1771
118636,,34.1705
118636,,34.157
118636,,34.1119
118636,,34.2332
118636,,34.2441
118636,,34.1445
118636,,34.162
118636,,34.1438
118636,,34.3263
118636,,34.3191
118636,,34.3942
118636,,34.4664
118636,,34.3739
118636,,34.2242
118636,,34.3049
118636,,34.2211
118636,,34.0877
118636,,34.1857
118636,,33.9418
118636,,33.974
118636,,34.0338
118636,,34.0318
118636,,34.0663
118636,,34.1563
118636,,34.0804
118636,,34.1129
118636,,34.1825
118636,,34.3256
118636,,34.5044
118636,,34.5203
118636,,34.6294
118636,,34.407
118636,,34.5988
118636,,34.7672
118636,,34.8234
118636,,35.0024
118636,,35.0887
118636,,34.9819
118636,,35.0488
118636,,34.972
118636,,34.9827
118636,,34.986
118636,,34.8536
118636,,34.7923
118636,,34.9961
118636,,34.8503
118636,,34.8742
118636,,34.8305
118636,,35.0304
118636,,34.9472
118636,,35.0808
118636,,35.1102
118636,,35.1917
118636,,35.268
118636,,35.0814
118636,,35.0905
118636,,35.0773
118636,,34.7913
118636,,34.8618
118636,,35.0158
118636,,35.2615
118636,,35.2059
118636,,35.0547
118636,,35.1142
118636,,35.267
118636,,35.3495
118636,,35.503
118636,,35.493
118636,,35.4486
118636,,35.4691
118636,,35.4497
118636,,35.5191
118636,,35.7979
118636,,35.8002
118636,,35.8494
118636,,35.8078
118636,,35.9201
118636,,35.9733
118636,,35.9972
118636,,35.9443
118636,,36.0285
118636,,36.0575
118636,,35.9992
118636,,36.0044
118636,,36.5319
118636,,36.5683
118636,,36.7753
118636,,36.7747
118636,,36.7612
118636,,36.7648
118636,,36.7668
118636,,36.7057
118636,,36.61
118636,,36.6668
118636,,36.7749
118636,,37.0127
118636,,36.9829
118636,,37.184
118636,,37.1119
118636,,36.9473
118636,,36.8765
118636,,36.951
118636,,37.1587
118636,,37.1291
118636,,37.3533
118636,,37.4422
118636,,37.3217
118636,,37.3525
118636,,37.4446
118636,,37.2271
118636,,37.2982
118636,,37.2528
118636,,37.1819
118636,,37.2638
118636,,37.3093
118636,,37.2693
118636,,37.3275
118636,,37.2955
118636,,37.3121
118636,,37.4146
118636,,37.3684
118636,,37.2688
118636,,37.183
118636,,37.3053
118636,,37.3035
118636,,37.3141
118636,,37.1771
118636,,37.3041
118636,,37.301
118636,,37.2172
118636,,37.2973
118636,,37.1036
118636,,37.0741
118636,,37.1697
118636,,37.1393
118636,,37.0081
118636,,37.0138
118636,,36.8976
118636,,36.9617
118636,,37.0187
118636,,37.0485
118636,,37.1596
118636,,37.1731
118636,,37.288
118636,,37.4311
118636,,37.4968
118636,,37.4369
118636,,37.4353
118636,,37.563
118636,,37.4599
118636,,37.3866
118636,,37.3302
118636,,37.3819
118636,,37.4812
118636,,37.4459
118636,,37.508
118636,,37.6686
118636,,37.56
118636,,37.6044
118636,,37.694
118636,,37.6957
118636,,37.8243
120841,,275.5387
120841,,275.2105
120841,,275.1457
120841,,273.1999
120841,,275.1173
120841,,279.3065
120841,,277.3693
120841,,274.1142
120841,,274.304
120841,,274.3762
120841,,277.3673
120841,,274.5184
120841,,273.36
120841,,269.7685
120841,,269.0816
120841,,266.9473
120841,,267.9864
120841,,265.2418
120841,,269.4348
120841,,272.9316
120841,,272.6773
120841,,270.6676
120841,,269.7923
120841,,269.2286
120841,,271.8197
120841,,269.2777
120841,,270.7211
120841,,270.6683
120841,,269.4723
120841,,269.367
120841,,272.0852
120841,,269.3782
120841,,268.5393
120841,,266.9025
120841,,266.9493
120841,,265.4792
120841,,261.5065
120841,,259.2181
120841,,262.2434
120841,,262.9665
120841,,257.4585
120841,,258.5332
120841,,255.4715
120841,,255.3869
120841,,252.8407
120841,,252.9775
120841,,254.4022
120841,,257.9294
120841,,254.5782
120841,,256.9103
120841,,257.3403
120841,,255.8855
120841,,255.5685
120841,,255.7735
120841,,255.3807
120841,,256.2715
120841,,255.3276
120841,,257.3563
120841,,254.8532
120841,,257.7813
120841,,261.4644
120841,,259.5012
120841,,257.5516
120841,,258.6195
120841,,263.5179
120841,,263.3365
120841,,263.4171
120841,,261.3962
120841,,262.1828
120841,,259.0794
120841,,257.5796
120841,,257.4425
120841,,252.4933
120841,,254.3427
120841,,249.9076
120841,,251.5174
120841,,248.7943
120841,,248.0354
120841,,249.1353
120841,,249.2782
120841,,248.5073
120841,,251.3293
120841,,253.0766
120841,,249.5999
120841,,252.5251
120841,,253.659
120841,,250.3503
120841,,250.6027
120841,,253.0308
120841,,250.4652
120841,,253.6575
120841,,251.1576
120841,,249.8503
120841,,253.6989
120841,,256.4042
120841,,258.9983
120841,,260.9532
120841,,262.2873
120841,,259.5585
120841,,261.1469
120841,,261.5451
120841,,264.612
120841,,266.6404
120841,,268.0761
120841,,263.1678
120841,,259.7989
120841,,258.0318
120841,,259.6629
120841,,256.9935
120841,,259.9666
120841,,262.3455
120841,,261.8607
120841,,269.0171
120841,,272.1229
120841,,269.9935
120841,,271.9163
120841,,272.2147
120841,,270.4959
120841,,260.5572
120841,,260.7306
120841,,259.1542
120841,,262.5146
120841,,269.5558
120841,,268.8417
120841,,264.9258
120841,,265.3359
120841,,264.9923
120841,,269.7788
120841,,273.9145
120841,,276.1554
120841,,274.872
120841,,275.3647
120841,,271.2894
120841,,273.3258
120841,,270.9364
120841,,266.199
120841,,270.6503
120841,,268.7485
120841,,267.1801
120841,,270.0061
120841,,274.5998
120841,,271.0521
120841,,268.9147
120841,,266.9672
120841,,270.6594
120841,,270.0474
120841,,271.1057
120841,,268.8472
120841,,266.8977
120841,,268.0686
120841,,271.4002
120841,,271.4856
120841,,272.835
120841,,274.8069
120841,,276.9699
120841,,274.7923
120841,,273.0565
120841,,271.5398
120841,,282.9947
120841,,282.2526
120841,,279.123
120841,,276.9279
120841,,273.9971
120841,,271.057
120841,,271.3417
120841,,270.5573
120841,,271.4956
120841,,275.6805
120841,,275.5079
120841,,270.2464
120841,,269.8095
120841,,282.1834
120841,,284.5982
120841,,285.8534
120841,,287.7115
120841,,287.4338
120841,,283.8957
120841,,284.1462
120841,,285.2101
120841,,282.3442
120841,,285.8143
120841,,288.5087
120841,,285.1865
120841,,287.3777
120841,,289.5343
120841,,287.3247
120841,,284.1205
120841,,284.8416
120841,,281.3334
120841,,282.241
120841,,281.5396
120841,,282.9159
120841,,279.6283
120841,,282.9941
120841,,282.6834
120841,,284.7402
120841,,287.309
120841,,284.5379
120841,,294.8133
120841,,294.9337
120841,,293.1505
120841,,290.9931
120841,,291.6928
120841,,289.1103
120841,,286.4799
120841,,287.6244
120841,,287.5314
120841,,290.0674
120841,,289.1315
120841,,287.8016
120841,,303.1767
120841,,307.1868
120841,,309.8646
120841,,306.4566
120841,,303.4238
120841,,304.5463
120841,,300.1743
120841,,301.9637
120841,,296.4844
120841,,299.6671
120841,,298.9723
120841,,299.4607
120841,,297.6443
120841,,304.8721
120841,,308.6582
120841,,310.2339
120841,,310.4709
120841,,308.5521
120841,,307.4113
120841,,309.7751
120841,,305.857
120841,,309.0137
120841,,308.4075
120841,,306.347
120841,,303.5495
120841,,305.5177
120841,,305.6359
120841,,310.3791
120841,,306.9898
120841,,308.0645
120841,,306.4699
120841,,307.7931
120841,,309.1256
120841,,306.6049
120841,,304.3348
120841,,305.8689
120841,,306.0899
120841,,305.6552
120841,,307.5927
120841,,309.7438
120841,,306.9594
120841,,311.2342
120841,,309.3021
120841,,309.8413
120841,,310.9011
120841,,311.6207
120841,,316.8114
120841,,317.2188
120841,,318.0472
120841,,320.1498
120841,,323.6941
120841,,326.5482
120841,,328.2708
120841,,323.9562
120841,,336.7367
120841,,336.788
120841,,343.3423
120841,,343.9138
120841,,342.153
120841,,343.5996
120841,,344.7604
120841,,348.4179
120841,,349.9779
120841,,357.8858
120841,,357.7188
120841,,357.5891
120841,,355.8733
120841,,361.5829
120841,,358.7778
120841,,358.706
120841,,365.573
120841,,368.9982
120841,,370.9862
120841,,374.3423
120841,,379.6589
120841,,376.0122
120841,,374.9078
120841,,373.3562
120841,,375.4881
120841,,376.2127
120841,,397.5798
120841,,403.9421
120841,,405.9853
120841,,403.5894
120841,,405.8793
120841,,405.9553
120841,,397.8406
120841,,399.671
120841,,400.2888
120841,,404.6008
120841,,402.1405
120841,,397.0405
120841,,397.8368
120841,,399.3789
120841,,406.4243
120841,,405.6709
120841,,407.8817
120841,,407.4919
120841,,413.6095
120841,,414.14
120841,,414.7794
120841,,414.4818
120841,,415.415
120841,,420.0496
120841,,423.4131
120841,,423.7365
120841,,430.3643
120841,,421.3599
120841,,419.2496
120841,,420.8243
120841,,423.9156
120841,,420.6018
120841,,417.8261
120841,,411.5311
120841,,412.5226
120841,,410.079
120841,,416.3525
120841,,418.0756
120841,,417.6594
120841,,415.5189
120841,,407.2169
120841,,401.1988
120841,,401.6118
120841,,401.0452
120841,,399.3081
120841,,397.0636
120841,,397.2441
120841,,396.6593
120841,,395.4948
120841,,391.1925
120841,,385.8487
120841,,385.0668
120841,,383.9017
120841,,378.0615
120841,,375.7941
120841,,376.0698
120841,,375.9247
120841,,374.5977
120841,,373.8552
120841,,371.6811
120841,,373.1927
120841,,380.2147
120841,,377.4871
120841,,378.9964
120841,,379.3423
120841,,381.7827
120841,,383.2304
120841,,388.4302
120841,,388.0243
120841,,388.935
120841,,388.1012
120841,,385.5287
120841,,382.4994
120841,,385.553
120841,,386.4624
120841,,393.0104
120841,,396.5985
120841,,394.2526
120841,,386.631
120841,,389.7642
120841,,396.1914
120841,,391.7728
120841,,396.3673
120841,,394.9046
120841,,396.3224
120841,,390.7843
120841,,392.7971
120841,,386.1106
120841,,387.3809
120841,,388.4611
120841,,389.3168
120841,,387.0013
120841,,389.082
120841,,396.286
120841,,392.1995
120841,,393.3584
120841,,397.7114
120841,,398.9678
120841,,400.2952
120841,,400.3528
120841,,403.179
120841,,402.7261
120841,,401.3242
120841,,405.4644
120841,,403.78
120841,,409.401
120841,,408.7424
120841,,413.1726
120841,,412.4495
120841,,408.1943
120841,,402.7769
120841,,404.2759
120841,,401.7801
120841,,404.3651
120841,,399.8518
120841,,398.1612
120841,,393.7194
120841,,395.4353
120841,,393.0869
120841,,388.1605
120841,,386.286
120841,,384.3416
120841,,391.8673
120841,,397.8715
120841,,400.6512
120841,,399.6469
120841,,404.1095
120841,,400.2965
120841,,404.3237
120841,,407.8566
120841,,407.5228
120841,,411.8501
120841,,424.9886
120841,,422.5918
120841,,419.2637
120841,,417.531
120841,,415.0348
120841,,416.1191
120841,,416.6219
120841,,417.8647
120841,,414.9916
120841,,414.9464
120841,,407.7017
120841,,408.4341
120841,,420.5491
120841,,418.1566
120841,,418.7367
120841,,417.5921
120841,,418.4064
120841,,417.0754
120841,,414.8073
120841,,415.7513
120841,,416.1706
120841,,420.3107
120841,,418.9915
120841,,411.9479
120841,,410.84
120841,,405.198
120841,,406.8632
120841,,409.8751
120841,,414.062
120841,,417.4455
120841,,413.2308
120841,,414.7577
120841,,418.0892
120841,,414.7911
120841,,412.8887
120841,,410.1859
120841,,413.2035
120841,,413.1642
120841,,412.2093
120841,,390.1171
120841,,389.6085
120841,,390.2258
120841,,391.3573
120841,,392.6227
120841,,390.2063
120841,,394.0688
120841,,392.7375
120841,,394.5032
120841,,394.1358
120841,,395.6476
120841,,395.1042
120841,,396.6828
120841,,388.799
120841,,389.2246
120841,,385.9284
120841,,383.1567
120841,,381.9961
120841,,383.6964
120841,,385.7673
120841,,387.9424
120841,,382.7444
120841,,382.9193
120841,,382.4526
120841,,377.5142
120841,,377.7622
120841,,377.1233
120841,,379.0239
120841,,363.5505
120841,,359.1996
120841,,367.0143
120841,,362.828
120841,,368.338
120841,,367.9688
120841,,366.4586
120841,,368.485
120841,,373.0467
120841,,369.4857
120841,,368.0165
120841,,370.9668
120841,,389.9796
120841,,390.9973
120841,,393.9278
120841,,397.4278
120841,,399.1382
120841,,401.1151
120841,,397.7621
120841,,396.0404
120841,,399.203
120841,,404.4553
120841,,397.7979
120841,,396.0149
120841,,396.3018
120841,,403.5716
120841,,403.8828
120841,,408.7939
120841,,406.68
120841,,407.098
120841,,402.975
120841,,406.399
120841,,406.177
120841,,407.671
120841,,406.7557
120841,,409.0758
120841,,410.724
120841,,407.3469
120841,,423.4671
120841,,423.5003
120841,,423.1038
120841,,419.2087
120841,,416.398
120841,,423.6917
120841,,420.2289
120841,,416.7237
120841,,414.3646
120841,,410.2207
120841,,410.4877
120841,,414.6626
120841,,412.6489
120841,,407.8916
120841,,401.6482
120841,,399.8567
120841,,402.5944
120841,,405.8339
120841,,404.3598
120841,,409.2316
120841,,409.3391
120841,,404.7466
120841,,399.097
120841,,403.6162
120841,,402.4982
120841,,398.4171
120841,,386.1491
120841,,388.0359
120841,,388.8499
120841,,386.832
120841,,387.1357
120841,,385.5026
120841,,382.7894
120841,,379.3562
120841,,382.1856
120841,,382.1792
120841,,383.4385
120841,,384.1499
120841,,385.8455
120841,,385.1784
120841,,367.2942
120841,,366.0223
120841,,373.6216
120841,,368.4199
120841,,371.7952
120841,,371.6216
120841,,374.3965
120841,,374.9498
120841,,368.9999
120841,,369.5012
120841,,370.7876
120841,,363.8762
120841,,370.3596
120841,,375.0784
120841,,372.4698
120841,,374.5224
120841,,371.9533
120841,,371.2851
120841,,373.5005
120841,,371.3809
120841,,373.7104
120841,,375.7312
120841,,375.0279
120841,,379.0857
120841,,379.5416
120841,,378.4045
120841,,380.5797
120841,,379.0551
120841,,381.6346
120841,,382.8411
120841,,389.3433
120841,,391.3497
120841,,395.4182
120841,,397.0269
120841,,398.3242
120841,,402.6445
120841,,405.2354
120841,,406.1963
120841,,407.1437
120841,,409.292
120841,,420.9542
120841,,424.5149
120841,,423.8332
120841,,425.2877
120841,,426.4546
120841,,423.4564
120841,,424.8539
120841,,429.7384
120841,,428.695
120841,,429.4938
120841,,430.4995
120841,,429.6416
120841,,439.7342
120841,,437.9262
120841,,439.232
120841,,431.1681
120841,,431.7143
120841,,432.5393
120841,,428.2691
120841,,429.514
120841,,429.764
120841,,425.4919
120841,,429.1779
120841,,432.584
120841,,431.7027
120841,,429.9181
120841,,430.1465
120841,,432.3072
120841,,434.4622
120841,,431.1769
120841,,431.17
120841,,431.53
120841,,432.7898
120841,,434.119
120841,,444.3682
120841,,440.0108
120841,,444.0596
120841,,448.9498
120841,,451.1378
120841,,443.1195
120841,,444.9832
120841,,444.3419
120841,,442.6526
120841,,448.4637
120841,,454.7242
120841,,453.2992
120841,,446.7457
120841,,438.5519
120841,,439.7052
120841,,442.4844
120841,,427.9786
120841,,429.6356
120841,,431.3952
120841,,437.2124
120841,,437.4719
120841,,430.963
120841,,430.2806
120841,,425.2711
120841,,420.9861
120841,,423.3654
120841,,424.3099
120841,,426.7344
120841,,425.6106
120841,,441.6464
120841,,441.868
120841,,441.1672
120841,,444.6893
120841,,447.7052
120841,,446.8557
120841,,442.5529
120841,,439.273
120841,,438.7865
120841,,444.2667
120841,,443.5164
120841,,441.4262
120841,,434.8489
120841,,440.9197
120841,,464.4666
120841,,467.3487
120841,,467.0616
120841,,467.163
120841,,470.6206
120841,,474.0969
120841,,479.2539
120841,,481.8373
120841,,484.6292
120841,,482.9748
120841,,480.7537
120841,,484.3247
120841,,482.127
120842,,64.5565
120842,,65.547
120842,,65.7339
120842,,65.3254
120842,,65.7453
120842,,66.5588
120842,,65.8053
120842,,65.6919
120842,,65.5424
120842,,65.9427
120842,,66.4882
120842,,66.0954
120842,,64.9688
120842,,68.6961
120842,,69.61
120842,,70.4597
120842,,71.707
120842,,72.0005
120842,,71.2861
120842,,72.1306
120842,,72.2813
120842,,72.1279
120842,,71.7664
120842,,72.685
120842,,69.0233
120842,,68.5374
120842,,67.5038
120842,,67.2307
120842,,66.7042
120842,,67.0499
120842,,67.5735
120842,,67.83
120842,,67.6848
120842,,67.518
120842,,66.8901
120842,,66.287
120842,,66.8927
120842,,65.5428
120842,,62.9003
120842,,63.3313
120842,,63.5126
120842,,63.9832
120842,,63.2046
120842,,62.0559
120842,,62.1606
120842,,61.294
120842,,60.7034
120842,,61.426
120842,,61.6067
120842,,61.2305
120842,,60.7621
120842,,61.1114
120842,,60.1178
120842,,59.1304
120842,,59.4376
120842,,60.5197
120842,,60.2746
120842,,59.9154
120842,,60.4584
120842,,60.0046
120842,,60.2427
120842,,60.3135
120842,,60.0591
120842,,60.0885
120842,,62.5173
120842,,61.4126
120842,,61.5496
120842,,61.9898
120842,,62.1443
120842,,62.1051
120842,,61.9016
120842,,63.7993
120842,,62.9451
120842,,63.6491
120842,,63.7038
120842,,63.0982
120842,,63.1042
120842,,62.1027
120842,,58.8619
120842,,59.2099
120842,,58.7192
120842,,58.5132
120842,,58.9774
120842,,59.4104
120842,,58.9681
120842,,58.0567
120842,,58.5301
120842,,58.9581
120842,,58.797
120842,,59.1487
120842,,58.8736
120842,,58.8609
120842,,59.277
120842,,59.8608
120842,,61.0316
120842,,61.4542
120842,,61.6999
120842,,61.4126
120842,,60.9692
120842,,61.723
120842,,62.4717
120842,,61.7132
120842,,62.2917
120842,,62.8208
120842,,62.5834
120842,,62.736
120842,,63.102
120842,,62.8119
120842,,63.5575
120842,,63.8757
120842,,64.1604
120842,,63.7259
120842,,62.5861
120842,,62.2536
120842,,62.5067
120842,,62.2168
120842,,62.4766
120842,,62.3451
120842,,60.8753
120842,,61.5007
120842,,63.2599
120842,,62.9302
120842,,62.4981
120842,,61.673
120842,,62.5629
120842,,61.9585
120842,,61.7259
120842,,60.4157
120842,,61.0995
120842,,61.9942
120842,,62.6672
120842,,60.8675
120842,,60.9798
120842,,60.3652
120842,,59.2819
120842,,60.4255
120842,,61.364
120842,,61.9264
120842,,61.4686
120842,,59.6847
120842,,60.2741
120842,,60.5801
120842,,60.3497
120842,,61.209
120842,,62.9037
120842,,63.3483
120842,,62.871
120842,,62.9742
120842,,62.376
120842,,63.5519
120842,,64.8422
120842,,65.4289
120842,,66.7043
120842,,66.8707
120842,,67.5301
120842,,68.5736
120842,,68.6151
120842,,68.7199
120842,,64.973
120842,,65.8293
120842,,66.2761
120842,,66.8248
120842,,67.3971
120842,,65.4569
120842,,65.5091
120842,,64.1588
120842,,64.5946
120842,,63.0389
120842,,62.9454
120842,,63.4022
120842,,62.6018
120842,,64.2511
120842,,63.3454
120842,,63.133
120842,,62.88
120842,,62.37
120842,,63.0518
120842,,62.2154
120842,,62.1297
120842,,63.0456
120842,,63.7784
120842,,64.7573
120842,,64.3444
120842,,62.9835
120842,,62.8885
120842,,63.0829
120842,,63.2493
120842,,63.3335
120842,,63.4466
120842,,63.2578
120842,,64.3843
120842,,65.017
120842,,65.0752
120842,,64.7716
120842,,64.7232
120842,,65.0914
120842,,66.3153
120842,,65.2784
120842,,64.5731
120842,,65.176
120842,,65.3991
120842,,65.6243
120842,,65.795
120842,,66.2921
120842,,66.1291
120842,,67.5346
120842,,66.5887
120842,,65.2713
120842,,63.9166
120842,,62.3874
120842,,67.6393
120842,,67.2556
120842,,66.4281
120842,,66.403
120842,,66.593
120842,,67.4933
120842,,66.6006
120842,,66.8737
120842,,65.7053
120842,,66.0939
120842,,66.0535
120842,,67.6481
120842,,66.4527
120842,,63.0079
120842,,63.0805
120842,,63.0006
120842,,64.4383
120842,,64.5945
120842,,65.2644
120842,,65.4203
120842,,64.6098
120842,,65.0803
120842,,64.6151
120842,,64.5883
120842,,64.8686
120842,,63.4214
120842,,62.2533
120842,,62.0901
120842,,62.2761
120842,,63.1479
120842,,62.7626
120842,,63.4967
120842,,63.5004
120842,,64.1043
120842,,64.2465
120842,,64.2642
120842,,64.5773
120842,,65.5664
120842,,65.7963
120842,,66.2189
120842,,67.996
120842,,69.3502
120842,,69.3079
120842,,69.3909
120842,,69.8708
120842,,69.6971
120842,,70.1766
120842,,70.1522
120842,,71.0545
120842,,71.7203
120842,,72.4681
120842,,72.339
120842,,74.0758
120842,,74.5564
120842,,71.9771
120842,,71.9091
120842,,71.6334
120842,,71.6638
120842,,72.6063
120842,,74.4622
120842,,75.1199
120842,,74.0681
120842,,73.8123
120842,,74.3909
120842,,74.8729
120842,,75.8141
120842,,75.7769
120842,,75.3903
120842,,74.2742
120842,,74.272
120842,,74.0751
120842,,73.6499
120842,,74.9558
120842,,74.0726
120842,,74.4036
120842,,75.5255
120842,,75.9223
120842,,77.1105
120842,,77.6849
120842,,78.1378
120842,,78.1957
120842,,78.3288
120842,,77.1264
120842,,75.8152
120842,,75.8475
120842,,75.208
120842,,75.5705
120842,,75.4774
120842,,74.9819
120842,,73.5169
120842,,72.8194
120842,,72.1602
120842,,71.1577
120842,,70.9258
120842,,68.5359
120842,,69.2979
120842,,70.6959
120842,,70.4254
120842,,70.3655
120842,,69.548
120842,,68.5584
120842,,68.7926
120842,,68.2027
120842,,69.2629
120842,,68.1071
120842,,68.5509
120842,,67.7764
120842,,66.9369
120842,,66.8213
120842,,67.1824
120842,,66.5369
120842,,67.4556
120842,,68.4657
120842,,69.011
120842,,69.1154
120842,,66.7302
120842,,67.1152
120842,,66.8467
120842,,66.6949
120842,,65.2414
120842,,65.1405
120842,,65.9939
120842,,66.7345
120842,,67.1549
120842,,66.8847
120842,,65.8161
120842,,65.5533
120842,,66.4751
120842,,66.6235
120842,,65.4406
120842,,64.6092
120842,,65.6298
120842,,66.0587
120842,,63.6189
120842,,64.2352
120842,,64.1642
120842,,64.0952
120842,,63.2572
120842,,63.0974
120842,,63.3242
120842,,64.2107
120842,,63.7788
120842,,63.677
120842,,63.0002
120842,,63.2129
120842,,63.8518
120842,,62.979
120842,,62.5816
120842,,61.888
120842,,61.6379
120842,,61.051
120842,,61.8056
120842,,61.1839
120842,,61.3148
120842,,61.3961
120842,,62.1369
120842,,62.9948
120842,,63.5646
120842,,63.4641
120842,,63.5313
120842,,63.5643
120842,,63.3581
120842,,62.9963
120842,,63.9391
120842,,64.0221
120842,,64.0754
120842,,63.5055
120842,,64.064
120842,,63.3406
120842,,63.7294
120842,,64.1416
120842,,63.8687
120842,,64.1553
120842,,64.0995
120842,,64.2175
120842,,64.9986
120842,,65.527
120842,,64.8916
120842,,64.806
120842,,64.6086
120842,,64.6488
120842,,64.6901
120842,,65.2093
120842,,65.392
120842,,66.407
120842,,66.6612
120842,,66.7639
120842,,65.5956
120842,,65.6335
120842,,65.1931
120842,,65.958
120842,,65.9822
120842,,65.0245
120842,,63.9109
120842,,63.9379
120842,,62.1543
120842,,61.8117
120842,,62.0247
120842,,61.8587
120842,,61.2717
120842,,62.1317
120842,,62.6262
120842,,62.4336
120842,,62.5821
120842,,61.6515
120842,,61.139
120842,,62.3283
120842,,62.4103
120842,,63.1515
120842,,63.3699
120842,,64.4181
120842,,62.9377
120842,,65.2027
120842,,65.1948
120842,,65.6368
120842,,65.7932
120842,,66.6002
120842,,67.4094
120842,,66.5998
120842,,66.8634
120842,,65.5853
120842,,65.7341
120842,,66.256
120842,,65.2663
120842,,62.5327
120842,,62.1574
120842,,61.087
120842,,60.8608
120842,,61.5842
120842,,62.5632
120842,,64.4602
120842,,65.8231
120842,,64.9306
120842,,64.6575
120842,,64.6835
120842,,64.6609
120842,,64.7584
120842,,66.6967
120842,,68.9571
120842,,68.2699
120842,,67.9114
120842,,68.3943
120842,,66.766
120842,,67.9535
120842,,68.2468
120842,,68.418
120842,,67.141
120842,,66.1596
120842,,65.8892
120842,,66.5739
120842,,64.9835
120842,,63.8943
120842,,63.674
120842,,62.3389
120842,,62.9495
120842,,62.0577
120842,,62.0495
120842,,62.2052
120842,,62.2619
120842,,63.1818
120842,,63.1842
120842,,63.5511
120842,,63.5514
120842,,64.0626
120842,,70.2051
120842,,70.7322
120842,,71.0139
120842,,71.4318
120842,,71.6987
120842,,72.0003
120842,,71.9121
120842,,71.7441
120842,,73.3237
120842,,73.7937
120842,,73.3386
120842,,73.1448
120842,,74.1254
120842,,73.5247
120842,,72.2807
120842,,67.4974
120842,,66.1529
120842,,65.9055
120842,,67.5999
120842,,68.1851
120842,,68.06
120842,,68.6774
120842,,68.2961
120842,,67.6904
120842,,69.1318
120842,,68.2391
120842,,67.9963
120842,,69.8718
120842,,71.0569
120842,,72.1119
120842,,73.7064
120842,,73.9099
120842,,73.265
120842,,75.1596
120842,,74.9097
120842,,74.2339
120842,,74.1154
120842,,73.2991
120842,,73.8119
120842,,73.3282
120842,,75.1023
120842,,75.5315
120842,,74.8294
120842,,74.3406
120842,,73.7398
120842,,73.2922
120842,,74.4803
120842,,75.181
120842,,74.2683
120842,,74.7086
120842,,74.4103
120842,,73.8549
120842,,72.6021
120842,,72.2778
120842,,72.3378
120842,,72.3491
120842,,71.9502
120842,,70.6544
120842,,69.7618
120842,,70.4118
120842,,70.2019
120842,,69.6932
120842,,68.5767
120842,,67.225
120842,,66.7065
120842,,67.4648
120842,,67.0617
120842,,69.6139
120842,,69.9147
120842,,70.2277
120842,,70.2416
120842,,70.6609
120842,,70.8851
120842,,70.6652
120842,,69.7084
120842,,69.3724
120842,,70.0867
120842,,70.1076
120842,,70.4075
120842,,69.8624
120842,,69.5994
120842,,70.0038
120842,,69.8536
120842,,69.3236
120842,,69.7657
120842,,69.5423
120842,,69.6521
120842,,70.5564
120842,,71.3782
120842,,70.9577
120842,,71.4198
120842,,70.5097
120842,,70.9387
120842,,73.4794
120842,,73.5774
120842,,73.1919
120842,,73.3651
120842,,73.6496
120842,,75.2952
120842,,74.5635
120842,,74.119
120842,,74.4222
120842,,74.2445
120842,,74.2057
120842,,75.2132
120842,,72.7658
120842,,72.9125
120842,,72.4992
120842,,72.9881
120842,,73.3145
120842,,73.4383
120842,,72.2987
120842,,72.4339
120842,,73.3209
120842,,72.9043
120842,,74.1107
120842,,73.3902
120842,,73.4454
120842,,78.7651
120842,,80.1974
120842,,80.22
120842,,81.2775
120842,,81.2848
120842,,80.4845
120842,,81.6298
120842,,83.298
120842,,82.3422
120842,,81.379
120842,,81.4729
120842,,82.4662
120842,,81.4096
120842,,81.6862
120842,,81.1657
120842,,79.237
120842,,77.6267
120842,,75.3251
120842,,73.2947
120842,,74.5184
120842,,74.5003
120842,,74.0769
120842,,74.9702
120842,,74.6585
120842,,74.9494
120842,,75.0231
120842,,74.6517
120842,,72.9905
120842,,73.6546
120842,,72.8915
120842,,73.2637
120842,,73.5484
120842,,73.4354
120842,,72.6731
120842,,73.2421
120842,,73.9112
120842,,74.0618
120842,,73.1684
120842,,72.757
120842,,72.7535
120842,,69.1003
120842,,69.0494
120842,,68.6499
120842,,69.1049
120842,,68.4226
120842,,68.5425
120842,,67.9283
120842,,67.4879
120842,,67.7742
120842,,68.0107
120842,,67.7178
120842,,67.5453
120842,,66.4251
120842,,67.5954
120842,,68.2509
120842,,68.3929
120842,,69.5313
120842,,69.3673
120842,,68.9446
120842,,67.4674
120842,,68.4344
120842,,68.4648
120842,,67.9155
120842,,68.1926
120842,,68.3637
120842,,73.0257
120842,,72.2643
120842,,71.4822
120842,,71.8931
120842,,71.1645
120842,,71.1595
120842,,72.1143
120842,,72.426
120842,,71.8511
120842,,73.1233
120842,,73.654
120842,,74.6071
120842,,72.6585
120842,,76.0814
120842,,75.8354
120842,,75.4427
120842,,76.0995
120842,,75.5924
120842,,75.447
120842,,76.2356
120842,,77.9055
120842,,78.4617
120842,,78.6402
120842,,78.2084
120842,,77.3202
120842,,78.4068
120842,,78.3157
120842,,80.1515
120842,,81.0178
120842,,79.8596
120842,,78.9604
120842,,78.7291
120842,,77.9702
120842,,79.6518
120842,,79.5148
120842,,80.4204
120842,,80.9709
120842,,81.282
120842,,81.3761
120842,,82.6457
120843,,49.6108
120843,,48.9512
120843,,48.4953
120843,,48.7685
120843,,48.8121
120843,,48.5024
120843,,49.1834
120843,,48.6113
120843,,48.4633
120843,,48.2456
120843,,48.5745
120843,,48.6271
120843,,48.603
120843,,47.6365
120843,,47.9737
120843,,47.845
120843,,48.4788
120843,,48.7267
120843,,48.8701
120843,,49.0105
120843,,49.2702
120843,,49.5515
120843,,50.6906
120843,,50.6212
120843,,50.2934
120843,,50.0732
120843,,49.5783
120843,,49.8533
120843,,49.8416
120843,,49.0896
120843,,48.1021
120843,,47.855
120843,,47.1231
120843,,46.2713
120843,,46.8287
120843,,46.8105
120843,,46.7132
120843,,46.6523
120843,,44.8104
120843,,44.862
120843,,44.8532
120843,,44.9844
120843,,45.4411
120843,,45.7407
120843,,46.2104
120843,,45.8446
120843,,45.6373
120843,,45.9663
120843,,46.306
120843,,46.0177
120843,,46.3298
120843,,47.4047
120843,,46.2367
120843,,46.2641
120843,,46.5871
120843,,47.0102
120843,,46.6608
120843,,47.1801
120843,,46.9549
120843,,46.9052
120843,,46.7286
120843,,46.224
120843,,46.9891
120843,,47.0398
120843,,48.683
120843,,49.1131
120843,,49.1072
120843,,49.7668
120843,,49.0087
120843,,48.6689
120843,,48.5742
120843,,49.7107
120843,,49.2065
120843,,48.3958
120843,,47.7248
120843,,48.1914
120843,,47.9321
120843,,47.8838
120843,,48.6605
120843,,47.2295
120843,,47.5824
120843,,48.058
120843,,48.1837
120843,,48.3429
120843,,48.0974
120843,,48.3693
120843,,48.816
120843,,48.8729
120843,,50.1455
120843,,49.3907
120843,,49.5014
120843,,48.0056
120843,,48.3674
120843,,48.2381
120843,,49.2979
120843,,49.5723
120843,,49.1197
120843,,49.2762
120843,,49.5724
120843,,49.2593
120843,,48.7685
120843,,48.8401
120843,,48.6921
120843,,49.4529
120843,,49.3934
120843,,49.2682
120843,,49.1358
120843,,49.3559
120843,,49.9529
120843,,49.741
120843,,51.0089
120843,,52.058
120843,,52.7915
120843,,53.1554
120843,,54.2745
120843,,54.1482
120843,,53.7277
120843,,53.4754
120843,,55.4238
120843,,55.5636
120843,,54.6987
120843,,53.7397
120843,,54.9125
120843,,54.6514
120843,,54.3451
120843,,54.5123
120843,,54.8481
120843,,55.2565
120843,,56.2871
120843,,57.179
120843,,56.7473
120843,,55.7374
120843,,56.5446
120843,,55.7376
120843,,55.365
120843,,55.499
120843,,55.7073
120843,,56.3639
120843,,56.8925
120843,,56.982
120843,,57.1906
120843,,57.4159
120843,,56.6053
120843,,56.5498
120843,,58.1202
120843,,58.1815
120843,,57.8186
120843,,58.1528
120843,,58.3019
120843,,57.8336
120843,,57.4851
120843,,57.7829
120843,,58.3638
120843,,58.2089
120843,,58.203
120843,,58.6314
120843,,58.5644
120843,,58.4228
120843,,60.3739
120843,,59.4723
120843,,59.537
120843,,59.3179
120843,,60.4956
120843,,60.3875
120843,,61.6233
120843,,61.3647
120843,,62.5961
120843,,62.9539
120843,,63.35
120843,,63.0616
120843,,63.4671
120843,,67.2671
120843,,67.5954
120843,,68.3691
120843,,68.2396
120843,,69.2287
120843,,69.5258
120843,,67.9003
120843,,68.5484
120843,,67.7153
120843,,68.3449
120843,,69.0098
120843,,69.2809
120843,,71.9396
120843,,71.2577
120843,,71.5586
120843,,71.6572
120843,,72.5321
120843,,72.3225
120843,,72.2678
120843,,72.4652
120843,,71.8812
120843,,71.4017
120843,,72.2525
120843,,71.8966
120843,,72.8019
120843,,73.2925
120843,,72.2012
120843,,73.4816
120843,,72.9769
120843,,72.3252
120843,,72.0949
120843,,71.6557
120843,,71.0421
120843,,71.6645
120843,,71.625
120843,,72.5779
120843,,71.9984
120843,,70.7977
120843,,70.9462
120843,,74.3493
120843,,74.2588
120843,,75.8846
120843,,75.6465
120843,,75.8208
120843,,75.5577
120843,,76.2021
120843,,76.3834
120843,,76.2135
120843,,74.7929
120843,,75.0212
120843,,74.832
120843,,74.8307
120843,,78.368
120843,,78.2028
120843,,78.8089
120843,,79.4594
120843,,79.9666
120843,,79.6921
120843,,79.2532
120843,,81.3523
120843,,81.3685
120843,,81.2843
120843,,80.7498
120843,,80.9974
120843,,81.2076
120843,,81.2426
120843,,80.605
120843,,80.7325
120843,,81.1312
120843,,82.7162
120843,,83.158
120843,,82.8313
120843,,81.7525
120843,,80.8004
120843,,79.7996
120843,,81.373
120843,,81.6579
120843,,81.2279
120843,,80.4937
120843,,81.5297
120843,,81.1928
120843,,80.2391
120843,,79.5084
120843,,78.8321
120843,,78.8847
120843,,79.0838
120843,,79.0124
120843,,79.0282
120843,,78.2423
120843,,78.5205
120843,,79.5878
120843,,79.5047
120843,,79.406
120843,,82.0849
120843,,82.4907
120843,,81.7653
120843,,82.1947
120843,,82.4788
120843,,82.3794
120843,,83.1484
120843,,82.7198
120843,,82.9949
120843,,82.9342
120843,,82.471
120843,,82.9394
120843,,82.8152
120843,,82.6008
120843,,82.8876
120843,,82.7436
120843,,82.7769
120843,,84.0528
120843,,85.0303
120843,,86.7714
120843,,87.0172
120843,,86.3029
120843,,85.9717
120843,,84.9992
120843,,85.7099
120843,,85.2559
120843,,83.961
120843,,85.4678
120843,,86.3181
120843,,87.1741
120843,,87.5498
120843,,88.1325
120843,,87.0966
120843,,87.2466
120843,,86.4851
120843,,85.3336
120843,,85.7388
120843,,86.7972
120843,,86.5139
120843,,86.3806
120843,,87.9942
120843,,87.8941
120843,,87.5694
120843,,88.6585
120843,,88.39
120843,,89.1101
120843,,89.0403
120843,,88.1576
120843,,89.6553
120843,,89.8173
120843,,89.2292
120843,,88.0395
120843,,86.954
120843,,83.8158
120843,,85.1542
120843,,85.3863
120843,,84.8482
120843,,85.0887
120843,,84.4254
120843,,82.2318
120843,,84.7697
120843,,84.9824
120843,,84.5297
120843,,82.9474
120843,,81.7562
120843,,83.1805
120843,,84.8976
120843,,84.5124
120843,,85.1131
120843,,83.9871
120843,,83.8887
120843,,83.7894
120843,,84.5118
120843,,85.1391
120843,,84.3268
120843,,85.6163
120843,,84.6688
120843,,85.657
120843,,85.2341
120843,,87.3551
120843,,86.9117
120843,,85.9966
120843,,85.7968
120843,,86.0066
120843,,86.2747
120843,,87.2498
120843,,88.4596
120843,,88.8128
120843,,89.3301
120843,,89.4692
120843,,90.2174
120843,,90.7153
120843,,94.21
120843,,94.6261
120843,,94.8125
120843,,93.8284
120843,,96.152
120843,,95.7222
120843,,96.1993
120843,,95.631
120843,,93.518
120843,,92.7058
120843,,91.4174
120843,,92.4838
120843,,91.8304
120843,,91.8924
120843,,91.9671
120843,,90.6752
120843,,90.6642
120843,,91.0127
120843,,92.2992
120843,,91.6569
120843,,93.8416
120843,,94.426
120843,,93.0463
120843,,92.312
120843,,93.6994
120843,,94.9373
120843,,95.0112
120843,,99.8321
120843,,100.1617
120843,,100.0444
120843,,100.0366
120843,,99.3493
120843,,98.6444
120843,,99.1442
120843,,99.0394
120843,,99.4261
120843,,98.0025
120843,,97.9694
120843,,99.0508
120843,,97.2789
120843,,96.6207
120843,,95.6456
120843,,96.345
120843,,97.2461
120843,,97.696
120843,,96.9417
120843,,97.3233
120843,,95.5219
120843,,96.8619
120843,,95.6597
120843,,94.6418
120843,,94.8082
120843,,92.3265
120843,,91.2909
120843,,92.7901
120843,,93.8191
120843,,95.0508
120843,,96.9337
120843,,97.0709
120843,,96.142
120843,,96.0995
120843,,95.609
120843,,94.9846
120843,,95.1858
120843,,94.9437
120843,,94.2827
120843,,93.4951
120843,,93.6235
120843,,92.8512
120843,,94.8098
120843,,95.6623
120843,,96.254
120843,,97.2917
120843,,97.5899
120843,,98.9222
120843,,99.0379
120843,,99.0986
120843,,99.7945
120843,,109.4834
120843,,110.2697
120843,,111.8829
120843,,112.7957
120843,,113.9096
120843,,113.531
120843,,115.3271
120843,,116.2078
120843,,116.4248
120843,,117.7941
120843,,120.979
120843,,119.6332
120843,,118.7386
120843,,122.0688
120843,,127.6987
120843,,129.3587
120843,,131.5677
120843,,132.6674
120843,,136.1603
120843,,135.4544
120843,,134.3998
120843,,136.4862
120843,,136.7367
120843,,134.9337
120843,,134.5847
120843,,135.0123
120843,,134.2156
120843,,130.5296
120843,,129.6877
120843,,129.3339
120843,,130.3439
120843,,130.7091
120843,,133.6431
120843,,132.641
120843,,130.867
120843,,133.3275
120843,,131.4968
120843,,132.4841
120843,,131.2618
120843,,128.629
120843,,131.1181
120843,,130.8509
120843,,131.478
120843,,130.6507
120843,,132.2042
120843,,133.7756
120843,,134.0185
120843,,134.4104
120843,,133.1434
120843,,131.4195
120843,,130.9995
120843,,130.9621
120843,,132.4511
120843,,133.7679
120843,,134.0971
120843,,136.5979
120843,,136.0517
120843,,135.6243
120843,,135.487
120843,,132.9625
120843,,129.9082
120843,,131.7021
120843,,130.6905
120843,,133.2366
120843,,135.1701
120843,,137.4039
120843,,136.5876
120843,,125.7324
120843,,126.2598
120843,,125.2058
120843,,125.6499
120843,,125.8982
120843,,126.0327
120843,,125.2818
120843,,123.6829
120843,,125.8908
120843,,126.7686
120843,,128.1364
120843,,128.1047
120843,,127.9692
120843,,128.3318
120843,,126.7842
120843,,127.0481
120843,,127.3104
120843,,127.368
120843,,126.0579
120843,,124.9723
120843,,125.3501
120843,,124.2353
120843,,124.509
120843,,124.2747
120843,,124.5264
120843,,123.409
120843,,127.2277
120843,,125.9563
120843,,127.1536
120843,,128.1908
120843,,127.106
120843,,128.4816
120843,,129.2047
120843,,131.768
120843,,132.1037
120843,,132.0378
120843,,131.4327
120843,,129.2203
120843,,128.8832
120843,,128.6019
120843,,124.1352
120843,,126.0931
120843,,126.3932
120843,,124.5313
120843,,125.0776
120843,,125.5874
120843,,127.2201
120843,,126.8992
120843,,126.9901
120843,,126.2451
120843,,127.0839
120843,,126.1593
120843,,127.5945
120843,,126.6616
120843,,127.4345
120843,,127.6569
120843,,126.8653
120843,,127.2483
120843,,128.4565
120843,,128.6456
120843,,128.8484
120843,,127.796
120843,,129.3553
120843,,130.8022
120843,,130.3396
120843,,130.2539
120843,,132.8391
120843,,132.6048
120843,,133.0355
120843,,132.4312
120843,,133.5267
120843,,133.3238
120843,,130.6337
120843,,131.4418
120843,,130.3554
120843,,129.9585
120843,,132.0875
120843,,134.5489
120843,,133.8504
120843,,130.8951
120843,,131.6699
120843,,129.7156
120843,,130.9844
120843,,130.5322
120843,,131.9188
120843,,133.7222
120843,,134.6679
120843,,133.6499
120843,,132.0541
120843,,130.2366
120843,,131.7708
120843,,135.9303
120843,,136.3146
120843,,136.3957
120843,,137.5171
120843,,138.101
120843,,136.962
120843,,137.776
120843,,138.202
120843,,139.1391
120843,,139.0758
120843,,140.3018
120843,,140.2985
120843,,141.41
120843,,140.8447
120843,,140.3796
120843,,148.7652
120843,,150.7464
120843,,150.1675
120843,,148.4165
120843,,147.5944
120843,,147.2637
120843,,149.8483
120843,,153.2917
120843,,153.9167
120843,,154.023
120843,,153.5721
120843,,154.9461
120843,,164.1561
120843,,162.8922
120843,,164.6632
120843,,163.8509
120843,,164.4917
120843,,163.4325
120843,,166.1845
120843,,163.4573
120843,,164.3409
120843,,162.3354
120843,,161.6004
120843,,162.033
120843,,162.5473
120843,,164.3444
120843,,164.7763
120843,,164.2397
120843,,162.6035
120843,,162.9531
120843,,165.0466
120843,,165.8853
120843,,164.622
120843,,166.0783
120843,,165.6168
120843,,166.9134
120843,,166.3931
120843,,167.0861
120843,,166.3142
120843,,167.194
120843,,168.1932
120843,,169.7841
120843,,169.0821
120843,,168.6788
120843,,169.6903
120843,,167.2262
120843,,165.5
120843,,163.9548
120843,,161.1089
120843,,162.9773
120843,,157.3064
120843,,158.2935
120843,,158.4683
120843,,159.7691
120843,,160.287
120843,,160.1647
120843,,159.7726
120843,,163.6583
120843,,166.3089
120843,,167.2411
120843,,167.4731
120843,,168.4842
120843,,169.9953
120843,,180.3571
120843,,180.7074
120843,,178.6406
120843,,179.9403
120843,,179.1545
120843,,178.4539
120843,,177.6795
120843,,178.5737
120843,,175.9363
120843,,175.6673
120843,,177.5172
120843,,175.4067
120843,,175.8173
120843,,174.8059
120843,,173.653
120843,,173.201
120843,,173.4961
120843,,173.3017
120843,,169.9431
120843,,169.2052
120843,,170.8409
120843,,168.3664
120843,,166.6261
120843,,166.0096
120843,,164.8981
120843,,164.9499
120843,,163.2397
120844,,3193.2798
120844,,3194.2437
120844,,3193.6857
120844,,3194.6011
120844,,3194.8097
120844,,3195.3576
120844,,3198.1808
120844,,3197.774
120844,,3198.9017
120844,,3198.8425
120844,,3199.3576
120844,,3200.9338
120844,,3202.0804
120844,,3216.6335
120844,,3216.4411
120844,,3216.594
120844,,3218.1999
120844,,3219.3301
120844,,3220.0101
120844,,3218.303
120844,,3218.6917
120844,,3218.3317
120844,,3219.6623
120844,,3220.299
120844,,3233.0526
120844,,3233.8074
120844,,3232.4304
120844,,3233.365
120844,,3235.0692
120844,,3236.1886
120844,,3237.98
120844,,3240.8203
120844,,3241.5098
120844,,3245.2146
120844,,3246.2692
120844,,3248.0775
120844,,3248.2902
120844,,3250.7857
120844,,3260.7102
120844,,3261.8786
120844,,3262.8635
120844,,3263.6404
120844,,3263.1027
120844,,3264.0327
120844,,3264.9805
120844,,3264.8266
120844,,3264.4484
120844,,3264.7953
120844,,3265.7043
120844,,3266.076
120844,,3265.8374
120844,,3275.1716
120844,,3274.3958
120844,,3274.4722
120844,,3277.4
120844,,3276.6884
120844,,3277.2742
120844,,3278.1028
120844,,3279.2794
120844,,3278.579
120844,,3279.6046
120844,,3278.709
120844,,3279.6554
120844,,3279.8275
120844,,3289.2224
120844,,3289.6791
120844,,3289.3368
120844,,3290.8141
120844,,3290.707
120844,,3292.0928
120844,,3294.9421
120844,,3296.8096
120844,,3299.1056
120844,,3299.2094
120844,,3300.8534
120844,,3300.5152
120844,,3301.1239
120844,,3303.787
120844,,3312.6431
120844,,3313.8816
120844,,3314.9728
120844,,3313.7502
120844,,3313.6808
120844,,3312.6255
120844,,3312.7221
120844,,3314.1499
120844,,3315.2089
120844,,3316.241
120844,,3316.0104
120844,,3318.0366
120844,,3318.8728
120844,,3329.8851
120844,,3331.5713
120844,,3332.4968
120844,,3334.5328
120844,,3336.0849
120844,,3335.0663
120844,,3334.4508
120844,,3336.5532
120844,,3337.1545
120844,,3338.188
120844,,3340.2476
120844,,3341.1025
120844,,3342.0037
120844,,3350.9783
120844,,3351.7891
120844,,3351.5074
120844,,3352.8821
120844,,3352.846
120844,,3355.3766
120844,,3356.7649
120844,,3357.3381
120844,,3358.3198
120844,,3360.142
120844,,3361.2057
120844,,3364.3208
120844,,3366.3928
120844,,3367.7784
120844,,3373.9428
120844,,3373.9577
120844,,3372.9153
120844,,3374.9418
120844,,3375.3399
120844,,3375.0746
120844,,3375.1427
120844,,3377.8394
120844,,3378.0116
120844,,3378.7518
120844,,3379.1477
120844,,3378.7074
120844,,3378.7884
120844,,3390.2189
120844,,3392.9578
120844,,3393.756
120844,,3394.1711
120844,,3396.2691
120844,,3397.1214
120844,,3396.7504
120844,,3397.6698
120844,,3397.71
120844,,3395.3667
120844,,3395.2995
120844,,3395.6109
120844,,3395.2508
120844,,3399.623
120844,,3402.3823
120844,,3403.8652
120844,,3405.5909
120844,,3407.5914
120844,,3408.5914
120844,,3409.6039
120844,,3411.8602
120844,,3412.8601
120844,,3412.9576
120844,,3414.4679
120844,,3413.0758
120844,,3415.3755
120844,,3417.6992
120844,,3428.0956
120844,,3427.0962
120844,,3427.9863
120844,,3428.3806
120844,,3429.1684
120844,,3431.2043
120844,,3432.3326
120844,,3434.0384
120844,,3435.4061
120844,,3435.95
120844,,3435.7521
120844,,3436.9249
120844,,3437.9024
120844,,3447.5167
120844,,3446.4027
120844,,3448.3618
120844,,3448.4949
120844,,3449.7756
120844,,3448.569
120844,,3448.1566
120844,,3449.5553
120844,,3449.6835
120844,,3449.6606
120844,,3452.0679
120844,,3455.3639
120844,,3465.7631
120844,,3465.6255
120844,,3467.6139
120844,,3467.9259
120844,,3469.0573
120844,,3468.4554
120844,,3469.9723
120844,,3471.4018
120844,,3470.9396
120844,,3472.9633
120844,,3474.4663
120844,,3476.1727
120844,,3476.6548
120844,,3477.7477
120844,,3478.7143
120844,,3490.8713
120844,,3492.3152
120844,,3492.2811
120844,,3492.7617
120844,,3494.4891
120844,,3494.8447
120844,,3496.8205
120844,,3499.1605
120844,,3501.3242
120844,,3504.4121
120844,,3505.2159
120844,,3506.3159
120844,,3514.0273
120844,,3516.1589
120844,,3516.8011
120844,,3515.543
120844,,3516.6996
120844,,3515.2046
120844,,3514.503
120844,,3514.4321
120844,,3514.2231
120844,,3514.5263
120844,,3514.2793
120844,,3513.6295
120844,,3516.2431
120844,,3518.0673
120844,,3520.2496
120844,,3521.7532
120844,,3519.9405
120844,,3519.6122
120844,,3520.5728
120844,,3521.2101
120844,,3521.7554
120844,,3521.5736
120844,,3520.923
120844,,3524.0592
120844,,3524.9984
120844,,3526.6209
120844,,3527.5376
120844,,3534.3871
120844,,3536.5603
120844,,3538.3251
120844,,3540.0081
120844,,3543.4308
120844,,3546.6274
120844,,3548.3133
120844,,3549.8606
120844,,3551.9863
120844,,3552.2491
120844,,3552.5279
120844,,3554.1981
120844,,3554.1561
120844,,3565.413
120844,,3566.7262
120844,,3566.4677
120844,,3566.49
120844,,3566.656
120844,,3568.104
120844,,3569.2046
120844,,3569.9742
120844,,3571.6722
120844,,3573.0199
120844,,3573.6152
120844,,3573.3718
120844,,3573.3709
120844,,3572.6418
120844,,3580.7496
120844,,3583.7917
120844,,3585.4982
120844,,3586.5393
120844,,3586.4574
120844,,3586.8877
120844,,3588.5017
120844,,3590.1421
120844,,3591.8243
120844,,3591.9266
120844,,3591.8011
120844,,3592.9486
120844,,3594.747
120844,,3608.3306
120844,,3608.9643
120844,,3609.7568
120844,,3611.3913
120844,,3613.4346
120844,,3614.5601
120844,,3616.8187
120844,,3616.3915
120844,,3616.4517
120844,,3618.7093
120844,,3619.6553
120844,,3619.1497
120844,,3618.5757
120844,,3630.0264
120844,,3631.5117
120844,,3632.9044
120844,,3634.0003
120844,,3635.6858
120844,,3637.1722
120844,,3637.5707
120844,,3640.0182
120844,,3641.1885
120844,,3641.6864
120844,,3645.4301
120844,,3646.237
120844,,3647.4705
120844,,3648.6131
120844,,3652.0552
120844,,3651.5807
120844,,3654.5251
120844,,3653.4053
120844,,3653.2478
120844,,3652.5123
120844,,3653.1391
120844,,3653.5797
120844,,3653.9689
120844,,3657.0489
120844,,3656.611
120844,,3657.4366
120844,,3658.7703
120844,,3670.4725
120844,,3673.606
120844,,3674.3583
120844,,3675.0531
120844,,3675.9086
120844,,3674.9181
120844,,3675.529
120844,,3678.4636
120844,,3679.2171
120844,,3678.9609
120844,,3680.4856
120844,,3680.6615
120844,,3681.534
120844,,3687.377
120844,,3689.2379
120844,,3690.1648
120844,,3691.2846
120844,,3692.2271
120844,,3693.7461
120844,,3693.7687
120844,,3695.7254
120844,,3697.0905
120844,,3697.7379
120844,,3698.1236
120844,,3700.0577
120844,,3700.8368
120844,,3709.4167
120844,,3711.4165
120844,,3711.8595
120844,,3712.6645
120844,,3714.6807
120844,,3716.7386
120844,,3717.5943
120844,,3718.4906
120844,,3719.7635
120844,,3722.3253
120844,,3724.5378
120844,,3726.3123
120844,,3726.0075
120844,,3736.7701
120844,,3735.8931
120844,,3737.2075
120844,,3736.4356
120844,,3736.3807
120844,,3737.3591
120844,,3735.4403
120844,,3735.9571
120844,,3735.5501
120844,,3734.7498
120844,,3734.7695
120844,,3734.4751
120844,,3737.1691
120844,,3740.0552
120844,,3740.2066
120844,,3737.7068
120844,,3737.9797
120844,,3737.0715
120844,,3738.1056
120844,,3739.013
120844,,3740.0434
120844,,3740.9602
120844,,3741.486
120844,,3740.7354
120844,,3741.6125
120844,,3743.779
120844,,3746.8846
120844,,3758.3264
120844,,3757.7677
120844,,3758.1155
120844,,3760.2156
120844,,3761.9156
120844,,3764.1141
120844,,3766.0914
120844,,3766.6582
120844,,3770.2406
120844,,3771.3758
120844,,3768.7197
120844,,3769.3567
120844,,3778.9878
120844,,3779.6385
120844,,3780.4322
120844,,3783.851
120844,,3784.3974
120844,,3783.068
120844,,3785.2548
120844,,3787.4335
120844,,3786.05
120844,,3786.1907
120844,,3787.6873
120844,,3789.29
120844,,3790.2619
120844,,3797.6233
120844,,3798.7866
120844,,3796.6151
120844,,3796.5978
120844,,3798.468
120844,,3800.2314
120844,,3800.0726
120844,,3799.1641
120844,,3800.2957
120844,,3797.7974
120844,,3797.403
120844,,3800.489
120844,,3803.2
120844,,3804.765
120844,,3811.4782
120844,,3810.7573
120844,,3810.7317
120844,,3810.8292
120844,,3811.879
120844,,3812.4481
120844,,3813.0553
120844,,3813.2403
120844,,3812.9378
120844,,3814.6532
120844,,3815.2313
120844,,3816.9597
120844,,3824.7228
120844,,3826.6216
120844,,3826.4921
120844,,3827.4536
120844,,3828.3759
120844,,3829.1137
120844,,3829.6319
120844,,3829.6281
120844,,3828.6656
120844,,3831.347
120844,,3831.7419
120844,,3832.5757
120844,,3833.4023
120844,,3835.7146
120844,,3839.5312
120844,,3841.0335
120844,,3841.7198
120844,,3844.0538
120844,,3843.7485
120844,,3843.7472
120844,,3842.3977
120844,,3844.3264
120844,,3844.3368
120844,,3845.3475
120844,,3847.5543
120844,,3850.209
120844,,3851.1668
120844,,3864.9883
120844,,3865.717
120844,,3867.8464
120844,,3869.265
120844,,3869.0918
120844,,3868.8843
120844,,3870.0638
120844,,3872.1687
120844,,3875.1682
120844,,3873.9987
120844,,3875.0294
120844,,3876.6268
120844,,3877.988
120844,,3885.1476
120844,,3886.9964
120844,,3887.5722
120844,,3888.7195
120844,,3891.0282
120844,,3890.5585
120844,,3891.0544
120844,,3891.4173
120844,,3892.8569
120844,,3894.8092
120844,,3893.998
120844,,3894.9957
120844,,3897.0674
120844,,3895.7961
120844,,3896.7221
120844,,3898.424
120844,,3901.2851
120844,,3904.5152
120844,,3904.7942
120844,,3907.1148
120844,,3908.561
120844,,3907.8287
120844,,3907.6943
120844,,3910.6124
120844,,3909.8638
120844,,3913.6832
120844,,3913.9883
120844,,3925.6024
120844,,3926.911
120844,,3926.9087
120844,,3929.2614
120844,,3929.5694
120844,,3928.4267
120844,,3931.1744
120844,,3932.4156
120844,,3933.4662
120844,,3935.8373
120844,,3937.9336
120844,,3938.0044
120844,,3938.4622
120844,,3948.2471
120844,,3950.4656
120844,,3950.031
120844,,3951.1641
120844,,3952.8301
120844,,3954.4013
120844,,3955.8809
120844,,3957.6479
120844,,3958.8942
120844,,3958.0913
120844,,3959.7446
120844,,3961.1213
120844,,3960.3344
120844,,3968.3286
120844,,3970.66
120844,,3972.4592
120844,,3973.5393
120844,,3975.7381
120844,,3976.4181
120844,,3976.5364
120844,,3979.0535
120844,,3980.478
120844,,3980.6471
120844,,3981.1501
120844,,3981.2536
120844,,3984.8178
120844,,3985.851
120844,,3994.9313
120844,,3995.5923
120844,,3994.0675
120844,,3995.854
120844,,3997.2788
120844,,3997.0624
120844,,3998.0734
120844,,4000.1208
120844,,3998.5032
120844,,3997.9308
120844,,3998.5401
120844,,3999.6015
120844,,4011.7248
120844,,4013.8373
120844,,4015.5851
120844,,4015.5817
120844,,4016.1768
120844,,4016.7935
120844,,4019.3833
120844,,4020.6776
120844,,4022.6355
120844,,4023.0482
120844,,4024.5104
120844,,4027.2015
120844,,4027.7823
120844,,4028.9675
120844,,4035.7428
120844,,4038.6739
120844,,4036.8405
120844,,4037.6323
120844,,4037.2998
120844,,4035.8473
120844,,4035.3696
120844,,4036.4325
120844,,4036.5514
120844,,4038.7332
120844,,4039.5029
120844,,4040.1318
120844,,4040.7663
120844,,4051.9421
120844,,4053.2146
120844,,4053.7094
120844,,4054.2357
120844,,4055.0239
120844,,4054.4965
120844,,4055.4923
120844,,4057.6785
120844,,4059.8457
120844,,4060.4059
120844,,4062.8149
120844,,4066.3032
120844,,4075.1655
120844,,4076.1795
120844,,4075.9429
120844,,4076.3282
120844,,4077.7064
120844,,4077.9389
120844,,4079.8533
120844,,4081.8203
120844,,4082.8797
120844,,4081.5853
120844,,4084.8439
120844,,4085.624
120844,,4090.1668
120844,,4092.0629
120844,,4092.8478
120844,,4105.6186
120844,,4107.173
120844,,4111.0049
120844,,4112.2862
120844,,4113.9319
120844,,4115.4186
120844,,4118.0628
120844,,4118.5773
120844,,4120.7016
120844,,4120.1671
120844,,4120.8607
120844,,4121.0972
120844,,4130.0591
120844,,4130.8243
120844,,4135.4891
120844,,4139.0297
120844,,4139.6864
120844,,4140.1647
120844,,4145.3204
120844,,4144.9811
120844,,4145.9785
120844,,4147.0774
120844,,4148.1441
120844,,4146.9426
120844,,4148.6612
120844,,4151.2717
120844,,4152.2895
120844,,4155.0517
120844,,4155.6264
120844,,4157.4921
120844,,4157.6144
120844,,4157.6478
120844,,4156.3359
120844,,4157.8478
120844,,4159.2637
120844,,4161.3554
120844,,4162.7107
120844,,4166.4427
120844,,4167.7485
120844,,4179.8064
120844,,4181.7082
120844,,4184.4757
120844,,4185.0482
120844,,4187.6523
120844,,4189.2572
120844,,4191.4625
120844,,4191.4389
120844,,4192.8032
120844,,4192.0252
120844,,4195.3674
120844,,4205.3313
120844,,4206.5768
120844,,4206.3012
120844,,4206.3903
120844,,4208.2978
120844,,4207.7408
120844,,4207.3243
120844,,4207.8814
120844,,4208.5633
120844,,4210.9884
120844,,4210.8801
120844,,4211.0109
120844,,4212.869
120844,,4225.2968
120844,,4226.6683
120844,,4228.7935
120844,,4226.1346
120844,,4227.1621
120844,,4227.1129
120844,,4230.2033
120844,,4232.1132
120844,,4233.5173
120844,,4234.0333
120844,,4235.6555
120844,,4235.5097
120844,,4236.4693
120844,,4236.7903
120844,,4254.5363
120844,,4255.9472
120844,,4254.6247
120844,,4254.6937
120844,,4256.2918
120844,,4258.9179
120844,,4259.278
120844,,4260.322
120844,,4259.2727
120844,,4262.3302
120844,,4264.9256
120844,,4266.9021
120844,,4268.5497
119092,,39.1525
119092,,39.4456
119092,,39.0646
119092,,39.3117
119092,,38.8427
119092,,38.19
119092,,38.4555
119092,,38.9651
119092,,38.8981
119092,,38.731
119092,,39.3401
119092,,39.2929
119092,,39.2903
119092,,39.6848
119092,,40.0066
119092,,40.2224
119092,,40.3833
119092,,40.3781
119092,,40.6167
119092,,40.2409
119092,,39.4362
119092,,39.863
119092,,40.1214
119092,,40.0971
119092,,38.7146
119092,,37.9864
119092,,38.2096
119092,,37.9981
119092,,37.6509
119092,,37.2426
119092,,37.1246
119092,,36.6297
119092,,37.2818
119092,,36.5248
119092,,36.3987
119092,,36.4518
119092,,36.2221
119092,,36.3086
119092,,35.6772
119092,,35.4959
119092,,35.3613
119092,,35.2596
119092,,35.8689
119092,,36.1067
119092,,36.7331
119092,,37.0256
119092,,37.0239
119092,,36.7115
119092,,36.7958
119092,,36.795
119092,,36.7836
119092,,36.8514
119092,,36.8182
119092,,36.703
119092,,36.5199
119092,,36.3066
119092,,36.3198
119092,,36.2716
119092,,36.0271
119092,,35.6839
119092,,35.6681
119092,,35.5501
119092,,35.2122
119092,,35.4894
119092,,36.7235
119092,,36.6033
119092,,37.3492
119092,,37.9424
119092,,37.9263
119092,,37.7059
119092,,37.7902
119092,,37.7497
119092,,37.6357
119092,,37.1084
119092,,36.9595
119092,,36.6182
119092,,36.8158
119092,,37.1581
119092,,38.0886
119092,,38.3955
119092,,38.6223
119092,,38.0616
119092,,38.1393
119092,,38.1068
119092,,38.0715
119092,,37.5696
119092,,37.2301
119092,,37.2269
119092,,37.614
119092,,37.4379
119092,,37.3254
119092,,37.8211
119092,,38.1304
119092,,38.4435
119092,,38.2475
119092,,38.4701
119092,,39.0518
119092,,38.8093
119092,,38.9121
119092,,39.0714
119092,,39.2761
119092,,39.5639
119092,,39.6424
119092,,39.8429
119092,,38.4832
119092,,38.7499
119092,,38.944
119092,,39.2702
119092,,39.7673
119092,,39.977
119092,,39.8515
119092,,39.9125
119092,,40.522
119092,,41.5435
119092,,41.735
119092,,41.9542
119092,,42.2454
119092,,42.2761
119092,,42.3849
119092,,42.6549
119092,,42.0785
119092,,42.2116
119092,,42.5487
119092,,42.7776
119092,,42.6525
119092,,42.2069
119092,,42.4478
119092,,42.9218
119092,,42.7276
119092,,42.9411
119092,,43.5667
119092,,43.0025
119092,,43.5604
119092,,44.2266
119092,,44.9554
119092,,45.4131
119092,,45.6238
119092,,45.0744
119092,,45.0231
119092,,45.9114
119092,,45.7589
119092,,46.398
119092,,46.4445
119092,,45.3837
119092,,46.4374
119092,,46.7239
119092,,46.2585
119092,,46.3694
119092,,46.6398
119092,,45.8988
119092,,45.9049
119092,,45.7928
119092,,45.5527
119092,,45.7771
119092,,45.3387
119092,,45.5292
119092,,45.778
119092,,46.2415
119092,,46.4627
119092,,46.4543
119092,,46.4461
119092,,46.5088
119092,,46.6237
119092,,45.9377
119092,,46.3019
119092,,45.9813
119092,,45.949
119092,,46.4971
119092,,47.2569
119092,,46.5775
119092,,46.614
119092,,46.9712
119092,,46.7829
119092,,46.6274
119092,,46.7422
119092,,46.7865
119092,,47.1857
119092,,47.0105
119092,,46.532
119092,,46.7038
119092,,46.5316
119092,,46.8785
119092,,46.9058
119092,,45.9472
119092,,45.4583
119092,,45.5345
119092,,45.5698
119092,,45.3959
119092,,45.3547
119092,,45.7705
119092,,46.0658
119092,,46.3277
119092,,45.8702
119092,,47.0772
119092,,47.5402
119092,,47.7821
119092,,47.3184
119092,,47.7402
119092,,47.5824
119092,,47.4365
119092,,47.582
119092,,47.9527
119092,,47.9795
119092,,48.5194
119092,,48.4524
119092,,48.0601
119092,,48.0805
119092,,48.1503
119092,,48.1403
119092,,48.7122
119092,,49.0037
119092,,49.5982
119092,,49.872
119092,,49.4776
119092,,49.8275
119092,,50.0842
119092,,49.8696
119092,,50.2452
119092,,50.2013
119092,,50.1291
119092,,50.045
119092,,49.01
119092,,48.808
119092,,49.4182
119092,,49.1094
119092,,49.1936
119092,,48.829
119092,,48.3231
119092,,48.5712
119092,,48.7703
119092,,49.2905
119092,,49.301
119092,,50.3019
119092,,50.4471
119092,,50.726
119092,,50.1478
119092,,49.9027
119092,,49.1755
119092,,49.2809
119092,,50.0801
119092,,50.4076
119092,,50.7344
119092,,50.3604
119092,,51.1787
119092,,51.8306
119092,,51.473
119092,,51.2843
119092,,51.8817
119092,,52.7373
119092,,52.1793
119092,,51.1081
119092,,51.8241
119092,,51.5783
119092,,51.9571
119092,,52.0996
119092,,52.0629
119092,,51.7279
119092,,51.9023
119092,,51.7277
119092,,51.4405
119092,,52.1399
119092,,52.4193
119092,,52.7449
119092,,52.5901
119092,,52.4055
119092,,51.4544
119092,,51.6164
119092,,51.2666
119092,,51.4884
119092,,51.1638
119092,,51.2504
119092,,51.106
119092,,51.9285
119092,,52.3926
119092,,53.0462
119092,,53.0848
119092,,53.4988
119092,,54.0711
119092,,53.9282
119092,,53.8438
119092,,54.2254
119092,,53.923
119092,,53.3822
119092,,52.8427
119092,,53.4086
119092,,53.0874
119092,,52.8568
119092,,53.1808
119092,,52.8813
119092,,52.119
119092,,52.0924
119092,,52.4739
119092,,52.1964
119092,,52.1138
119092,,52.1399
119092,,52.7751
119092,,52.9902
119092,,53.264
119092,,53.2128
119092,,53.6137
119092,,53.7846
119092,,53.8332
119092,,53.5092
119092,,53.4832
119092,,51.8093
119092,,52.0876
119092,,52.3869
119092,,52.3078
119092,,53.0478
119092,,52.7368
119092,,53.4532
119092,,53.3746
119092,,53.0065
119092,,52.8697
119092,,52.3866
119092,,52.7775
119092,,52.0636
119092,,51.6817
119092,,51.3652
119092,,51.9627
119092,,51.9927
119092,,51.6636
119092,,51.467
119092,,51.265
119092,,51.1613
119092,,50.7045
119092,,50.3678
119092,,50.7357
119092,,50.8449
119092,,50.8029
119092,,50.2065
119092,,50.5736
119092,,50.3279
119092,,50.3021
119092,,49.3995
119092,,49.8509
119092,,50.1897
119092,,50.7275
119092,,51.4235
119092,,50.8976
119092,,51.3242
119092,,52.025
119092,,51.3703
119092,,52.0565
119092,,51.0279
119092,,50.8813
119092,,51.2896
119092,,51.4469
119092,,50.7357
119092,,50.7894
119092,,50.45
119092,,50.0746
119092,,49.433
119092,,49.7291
119092,,50.2456
119092,,51.2203
119092,,50.6415
119092,,50.3164
119092,,50.9227
119092,,50.6215
119092,,50.6222
119092,,49.8923
119092,,50.4283
119092,,49.6103
119092,,48.922
119092,,49.4029
119092,,50.2725
119092,,50.1697
119092,,49.7095
119092,,49.2977
119092,,48.9329
119092,,49.2259
119092,,49.6358
119092,,49.5183
119092,,49.3553
119092,,49.0104
119092,,49.4425
119092,,49.4815
119092,,49.6679
119092,,49.8509
119092,,49.7415
119092,,49.2583
119092,,48.8526
119092,,48.517
119092,,49.0078
119092,,48.9673
119092,,49.5813
119092,,50.5839
119092,,51.071
119092,,51.14
119092,,51.4829
119092,,51.5164
119092,,50.7151
119092,,50.4492
119092,,50.0534
119092,,50.5024
119092,,49.6582
119092,,50.2684
119092,,49.8496
119092,,49.5614
119092,,50.0217
119092,,49.9129
119092,,49.8594
119092,,49.7963
119092,,49.975
119092,,49.9011
119092,,49.9771
119092,,49.7813
119092,,50.9988
119092,,49.909
119092,,49.8153
119092,,50.3148
119092,,50.0194
119092,,50.1233
119092,,49.9158
119092,,49.5645
119092,,50.0167
119092,,49.5834
119092,,49.7373
119092,,49.8985
119092,,49.5506
119092,,49.6443
119092,,50.3389
119092,,50.2176
119092,,50.6979
119092,,50.565
119092,,49.8252
119092,,49.7565
119092,,49.9817
119092,,49.3039
119092,,48.9458
119092,,48.4425
119092,,48.8049
119092,,49.5558
119092,,51.5
119092,,51.1396
119092,,50.6477
119092,,51.2367
119092,,50.8762
119092,,51.2012
119092,,50.9215
119092,,50.3818
119092,,50.6775
119092,,50.4224
119092,,50.6381
119092,,50.8878
119092,,51.1599
119092,,51.0654
119092,,48.7087
119092,,49.4476
119092,,49.4127
119092,,49.2809
119092,,49.2958
119092,,50.2783
119092,,50.6389
119092,,50.2496
119092,,50.288
119092,,50.4617
119092,,50.0196
119092,,50.3815
119092,,50.0453
119092,,48.4554
119092,,48.091
119092,,48.1826
119092,,47.9396
119092,,47.6651
119092,,47.4425
119092,,47.4366
119092,,47.7906
119092,,47.8151
119092,,47.8659
119092,,47.7957
119092,,47.6102
119092,,48.012
119092,,49.173
119092,,49.3501
119092,,48.9163
119092,,49.2793
119092,,48.7712
119092,,48.914
119092,,48.8539
119092,,48.923
119092,,48.7777
119092,,48.6227
119092,,48.7143
119092,,48.3105
119092,,47.9077
119092,,47.7811
119092,,47.6384
119092,,49.1323
119092,,49.1178
119092,,49.8432
119092,,50.017
119092,,50.0869
119092,,49.0202
119092,,48.667
119092,,48.7009
119092,,48.8115
119092,,48.3162
119092,,48.0315
119092,,48.2914
119092,,48.227
119092,,48.793
119092,,48.5559
119092,,48.4621
119092,,48.7081
119092,,48.7765
119092,,48.9661
119092,,48.6391
119092,,48.179
119092,,47.8287
119092,,47.6292
119092,,47.5576
119092,,48.0194
119092,,47.2457
119092,,47.4178
119092,,47.3673
119092,,47.4035
119092,,47.7969
119092,,47.6285
119092,,47.5361
119092,,47.5938
119092,,47.1088
119092,,47.07
119092,,47.0679
119092,,47.777
119092,,47.6761
119092,,50.179
119092,,50.2412
119092,,50.9036
119092,,51.5267
119092,,51.4006
119092,,51.5401
119092,,51.8297
119092,,51.8696
119092,,51.2636
119092,,50.8674
119092,,50.2877
119092,,50.5328
119092,,50.0336
119092,,50.1444
119092,,49.6066
119092,,49.425
119092,,49.3321
119092,,49.5126
119092,,49.4908
119092,,49.8715
119092,,50.087
119092,,49.9468
119092,,49.161
119092,,49.841
119092,,49.5659
119092,,49.7481
119092,,50.9736
119092,,50.9261
119092,,51.3472
119092,,52.2698
119092,,52.3664
119092,,52.2637
119092,,52.7778
119092,,53.4595
119092,,53.0721
119092,,52.8878
119092,,53.2312
119092,,53.1967
119092,,52.7781
119092,,53.0577
119092,,51.6408
119092,,51.7075
119092,,52.2821
119092,,52.1651
119092,,51.6217
119092,,51.5529
119092,,51.3224
119092,,51.5996
119092,,51.4726
119092,,50.2827
119092,,51.9735
119092,,52.0656
119092,,52.1335
119092,,49.1137
119092,,49.4992
119092,,48.8413
119092,,49.1331
119092,,48.5509
119092,,48.6335
119092,,49.061
119092,,48.9402
119092,,49.7007
119092,,50.5746
119092,,50.7067
119092,,50.9756
119092,,51.621
119092,,52.2262
119092,,51.909
119092,,52.2035
119092,,52.266
119092,,52.5056
119092,,52.377
119092,,51.9601
119092,,51.611
119092,,51.2819
119092,,51.307
119092,,50.6338
119092,,50.1057
119092,,50.1915
119092,,50.1609
119092,,52.2812
119092,,52.4912
119092,,52.3839
119092,,52.4622
119092,,53.2347
119092,,53.3765
119092,,52.9416
119092,,52.8199
119092,,51.8709
119092,,51.9606
119092,,52.5925
119092,,52.0008
119092,,52.9204
119092,,52.5157
119092,,53.2301
119092,,53.5818
119092,,54.0316
119092,,53.5469
119092,,54.1309
119092,,54.008
119092,,53.7454
119092,,54.0705
119092,,54.3774
119092,,54.0007
119092,,55.0173
119092,,55.7416
119092,,54.6113
119092,,54.1133
119092,,54.5832
119092,,55.4515
119092,,55.0205
119092,,55.1377
119092,,55.7031
119092,,55.4768
119092,,55.8374
119092,,55.8496
119092,,56.4681
119092,,55.8619
119092,,55.3489
119092,,54.9971
119092,,55.4006
119092,,55.6905
119092,,55.8284
119092,,55.6437
119092,,55.2548
119092,,54.7027
119092,,54.3967
119092,,54.4042
119092,,53.8806
119092,,53.9891
119092,,51.3804
119092,,50.6427
119092,,50.6973
119092,,50.5713
119092,,50.4732
119092,,50.3356
119092,,49.931
119092,,50.4579
119092,,50.6054
119092,,50.1053
119092,,49.8223
119092,,49.4661
119092,,50.1091
119092,,51.9304
119092,,51.4981
119092,,51.9207
119092,,52.2648
119092,,52.1514
119092,,53.0179
119092,,52.3209
119092,,52.3111
119092,,52.1128
119092,,52.5833
119092,,52.7748
119092,,52.0037
119092,,52.6025
119092,,52.8554
119092,,50.9155
119092,,50.0845
119092,,50.1241
119092,,49.3605
119092,,49.4079
119092,,49.4308
119092,,49.6325
119092,,50.0372
119092,,50.5277
119092,,49.841
119092,,49.8411
119092,,50.7591
119092,,50.8387
119093,,41.1872
119093,,40.6305
119093,,40.1474
119093,,39.7221
119093,,39.7221
119093,,39.5825
119093,,39.2693
119093,,39.154
119093,,39.4333
119093,,39.578
119093,,39.9498
119093,,39.89
119093,,40.4787
119093,,41.263
119093,,40.6777
119093,,41.1365
119093,,41.3787
119093,,41.4847
119093,,41.3363
119093,,41.5013
119093,,42.1199
119093,,42.2166
119093,,41.6943
119093,,40.4645
119093,,39.3717
119093,,39.0214
119093,,39.1723
119093,,39.558
119093,,39.9421
119093,,39.6108
119093,,39.9786
119093,,39.3775
119093,,39.3274
119093,,39.517
119093,,38.8192
119093,,39.5627
119093,,40.049
119093,,40.2989
119093,,39.2377
119093,,38.9326
119093,,38.7797
119093,,38.9758
119093,,38.7557
119093,,38.8186
119093,,38.604
119093,,38.4436
119093,,38.89
119093,,38.5174
119093,,38.7961
119093,,38.8158
119093,,38.6392
119093,,38.1112
119093,,37.6673
119093,,37.5931
119093,,38.0219
119093,,37.6025
119093,,37.6466
119093,,37.6093
119093,,37.4411
119093,,37.9897
119093,,38.0216
119093,,38.5516
119093,,38.5734
119093,,38.7503
119093,,38.7168
119093,,38.0735
119093,,38.1916
119093,,38.1736
119093,,38.4805
119093,,38.6421
119093,,38.4363
119093,,38.2163
119093,,38.0601
119093,,38.2751
119093,,37.5252
119093,,37.5967
119093,,37.3243
119093,,37.4064
119093,,35.9305
119093,,36.1252
119093,,36.107
119093,,36.1091
119093,,35.5884
119093,,35.5962
119093,,35.8142
119093,,35.2553
119093,,35.1073
119093,,34.6424
119093,,34.532
119093,,34.2764
119093,,34.4095
119093,,35.2289
119093,,35.6037
119093,,35.8046
119093,,36.4686
119093,,36.1178
119093,,36.4124
119093,,36.608
119093,,36.5166
119093,,36.9775
119093,,37.1281
119093,,36.8416
119093,,36.8222
119093,,36.5342
119093,,36.6864
119093,,36.6438
119093,,36.9724
119093,,37.1175
119093,,37.2957
119093,,37.1566
119093,,37.1764
119093,,37.5064
119093,,37.5043
119093,,37.5815
119093,,37.095
119093,,37.0917
119093,,36.4581
119093,,36.3113
119093,,36.0274
119093,,35.7866
119093,,36.0978
119093,,36.7192
119093,,36.4154
119093,,36.198
119093,,36.0764
119093,,35.9211
119093,,36.5577
119093,,36.4058
119093,,36.3002
119093,,36.8403
119093,,37.0473
119093,,36.4926
119093,,36.2951
119093,,36.5624
119093,,36.2999
119093,,36.3484
119093,,35.9501
119093,,35.923
119093,,35.7634
119093,,35.3984
119093,,35.6644
119093,,35.9502
119093,,35.6625
119093,,35.613
119093,,34.9411
119093,,34.9065
119093,,35.5009
119093,,35.1285
119093,,35.3314
119093,,35.5227
119093,,36.6082
119093,,36.2808
119093,,36.0996
119093,,36.3791
119093,,36.3336
119093,,36.2042
119093,,36.5301
119093,,36.4631
119093,,35.6731
119093,,35.8151
119093,,35.6732
119093,,35.0637
119093,,34.7115
119093,,34.6579
119093,,34.613
119093,,34.5566
119093,,34.4579
119093,,34.0298
119093,,33.7858
119093,,34.158
119093,,34.4894
119093,,34.6425
119093,,34.6012
119093,,35.1262
119093,,35.21
119093,,34.9877
119093,,34.6718
119093,,35.0026
119093,,35.0604
119093,,35.2882
119093,,34.4885
119093,,34.5808
119093,,34.4428
119093,,34.7963
119093,,35.0059
119093,,35.1148
119093,,35.1897
119093,,34.7243
119093,,34.633
119093,,34.2081
119093,,34.0487
119093,,34.3429
119093,,34.7357
119093,,34.8193
119093,,34.6625
119093,,35.1695
119093,,35.007
119093,,34.676
119093,,35.4064
119093,,35.4302
119093,,35.3013
119093,,35.243
119093,,35.2307
119093,,34.8024
119093,,34.6254
119093,,34.6631
119093,,34.2703
119093,,34.101
119093,,34.8437
119093,,34.5162
119093,,33.7781
119093,,33.3325
119093,,33.3488
119093,,33.932
119093,,33.4067
119093,,33.0339
119093,,33.271
119093,,33.1001
119093,,33.2964
119093,,33.0685
119093,,33.127
119093,,33.6579
119093,,33.3224
119093,,33.772
119093,,33.8614
119093,,34.1026
119093,,33.6637
119093,,34.0667
119093,,33.7388
119093,,33.9837
119093,,34.0251
119093,,33.6601
119093,,33.8347
119093,,33.5711
119093,,33.9065
119093,,33.712
119093,,33.2876
119093,,34.2351
119093,,34.1516
119093,,34.2374
119093,,34.74
119093,,34.748
119093,,35.056
119093,,34.4635
119093,,34.8248
119093,,34.3782
119093,,34.7035
119093,,34.8412
119093,,34.8297
119093,,34.8171
119093,,35.1762
119093,,35.333
119093,,35.616
119093,,35.3733
119093,,36.0072
119093,,36.5126
119093,,36.7085
119093,,36.3306
119093,,36.4783
119093,,36.588
119093,,36.7729
119093,,37.3116
119093,,37.2729
119093,,37.9718
119093,,39.3767
119093,,39.1141
119093,,38.557
119093,,38.6131
119093,,38.6808
119093,,38.881
119093,,38.7039
119093,,38.2688
119093,,37.9639
119093,,38.3388
119093,,38.1337
119093,,38.005
119093,,37.9199
119093,,38.1166
119093,,38.5138
119093,,38.2825
119093,,37.9478
119093,,37.4903
119093,,37.4096
119093,,37.7321
119093,,37.837
119093,,37.4571
119093,,38.1947
119093,,38.434
119093,,38.7184
119093,,39.1798
119093,,38.1268
119093,,38.3926
119093,,38.7914
119093,,39.1586
119093,,39.3193
119093,,39.4531
119093,,39.5617
119093,,39.3638
119093,,39.028
119093,,38.8114
119093,,38.72
119093,,38.5165
119093,,38.6773
119093,,38.7662
119093,,41.315
119093,,41.3741
119093,,41.431
119093,,41.2809
119093,,41.1191
119093,,41.4689
119093,,41.1392
119093,,41.7508
119093,,41.7165
119093,,42.8049
119093,,42.566
119093,,42.682
119093,,42.5718
119093,,41.8554
119093,,41.1327
119093,,41.7821
119093,,42.1796
119093,,41.7243
119093,,42.041
119093,,41.8503
119093,,42.2111
119093,,42.0485
119093,,41.9356
119093,,41.8507
119093,,41.6303
119093,,42.1689
119093,,41.9134
119093,,41.5439
119093,,41.7184
119093,,42.6427
119093,,43.1255
119093,,43.7521
119093,,43.9061
119093,,44.0577
119093,,43.6805
119093,,44.0714
119093,,44.0657
119093,,44.3586
119093,,44.3935
119093,,45.4804
119093,,45.0151
119093,,44.8786
119093,,44.3198
119093,,44.1279
119093,,44.59
119093,,44.608
119093,,44.4841
119093,,44.7215
119093,,44.4319
119093,,45.0838
119093,,45.11
119093,,44.9736
119093,,46.0296
119093,,46.3413
119093,,45.8604
119093,,45.1828
119093,,44.7649
119093,,44.4822
119093,,44.3863
119093,,44.8709
119093,,44.6777
119093,,45.3682
119093,,44.724
119093,,44.6097
119093,,45.9527
119093,,46.6686
119093,,46.3499
119093,,46.4328
119093,,45.9476
119093,,46.0132
119093,,45.6057
119093,,45.511
119093,,44.9018
119093,,45.243
119093,,45.4088
119093,,45.87
119093,,45.7531
119093,,46.2368
119093,,46.2767
119093,,47.1775
119093,,47.9294
119093,,47.9929
119093,,48.0786
119093,,48.4339
119093,,48.4903
119093,,48.9881
119093,,49.1396
119093,,49.2238
119093,,48.9464
119093,,48.5651
119093,,47.2551
119093,,45.2039
119093,,44.7118
119093,,45.4549
119093,,46.081
119093,,45.7596
119093,,44.992
119093,,45.0661
119093,,45.108
119093,,45.2576
119093,,45.578
119093,,45.7835
119093,,45.3583
119093,,45.4996
119093,,46.4528
119093,,46.0112
119093,,46.112
119093,,45.4777
119093,,44.9626
119093,,45.3434
119093,,45.7801
119093,,45.9005
119093,,46.2253
119093,,46.6773
119093,,46.4204
119093,,45.8749
119093,,45.893
119093,,45.6836
119093,,47.5137
119093,,48.2468
119093,,48.4115
119093,,48.1779
119093,,47.733
119093,,48.235
119093,,48.4122
119093,,49.1559
119093,,48.3088
119093,,48.7235
119093,,48.6365
119093,,48.5101
119093,,48.426
119093,,48.5309
119093,,48.6333
119093,,48.7921
119093,,49.2962
119093,,48.4797
119093,,48.4028
119093,,48.0353
119093,,47.5508
119093,,47.545
119093,,47.8649
119093,,48.0168
119093,,47.7512
119093,,47.7146
119093,,47.0043
119093,,47.4908
119093,,48.2833
119093,,48.4004
119093,,48.3827
119093,,47.8464
119093,,47.6585
119093,,48.3624
119093,,48.5375
119093,,48.5747
119093,,49.1654
119093,,49.4938
119093,,49.4548
119093,,48.1537
119093,,47.2022
119093,,46.9121
119093,,46.4834
119093,,46.3927
119093,,45.4927
119093,,45.5928
119093,,45.9837
119093,,45.9599
119093,,46.1863
119093,,46.0017
119093,,45.3987
119093,,45.4228
119093,,44.991
119093,,46.0116
119093,,45.9214
119093,,45.8072
119093,,46.0053
119093,,45.7061
119093,,44.7151
119093,,45.1493
119093,,44.929
119093,,45.3704
119093,,45.0902
119093,,45.1619
119093,,45.5272
119093,,45.9827
119093,,46.101
119093,,45.4199
119093,,45.6054
119093,,45.2273
119093,,45.2027
119093,,45.045
119093,,44.8268
119093,,45.2134
119093,,46.2495
119093,,46.7312
119093,,46.7442
119093,,47.2907
119093,,48.0353
119093,,50.1302
119093,,50.3804
119093,,50.8405
119093,,50.9093
119093,,51.1125
119093,,51.1787
119093,,50.9079
119093,,50.5664
119093,,49.9704
119093,,50.67
119093,,50.5964
119093,,49.1151
119093,,49.3126
119093,,48.8355
119093,,48.1163
119093,,47.88
119093,,48.0409
119093,,47.6715
119093,,48.5575
119093,,48.6309
119093,,48.3338
119093,,47.8822
119093,,48.3004
119093,,48.05
119093,,48.2361
119093,,47.7734
119093,,48.0935
119093,,48.4977
119093,,48.8622
119093,,48.2118
119093,,47.9583
119093,,48.4887
119093,,48.0153
119093,,48.0757
119093,,47.6507
119093,,47.2713
119093,,48.002
119093,,48.3324
119093,,48.7784
119093,,49.1421
119093,,49.5966
119093,,49.7575
119093,,49.9551
119093,,50.0212
119093,,50.2405
119093,,50.6103
119093,,50.8269
119093,,51.0773
119093,,51.4543
119093,,50.6798
119093,,50.7069
119093,,50.8698
119093,,50.4331
119093,,50.4237
119093,,50.3117
119093,,50.6708
119093,,51.6703
119093,,51.8823
119093,,51.7366
119093,,52.0823
119093,,51.3914
119093,,51.439
119093,,52.3785
119093,,52.4785
119093,,52.5555
119093,,52.5922
119093,,52.1992
119093,,52.5391
119093,,53.3809
119093,,53.6583
119093,,54.5089
119093,,54.9201
119093,,55.292
119093,,55.0684
119093,,55.2357
119093,,55.2498
119093,,55.2472
119093,,55.1521
119093,,55.2905
119093,,52.5391
119093,,53.2593
119093,,53.284
119093,,53.3394
119093,,52.4428
119093,,52.5369
119093,,52.5269
119093,,51.9553
119093,,52.0221
119093,,51.8666
119093,,51.7943
119093,,51.8328
119093,,52.1924
119093,,52.7811
119093,,53.4091
119093,,53.2174
119093,,53.3839
119093,,53.4472
119093,,53.7868
119093,,53.6774
119093,,53.7492
119093,,53.8112
119093,,54.0923
119093,,54.4341
119093,,54.5072
119093,,54.595
119093,,54.7321
119093,,55.2178
119093,,55.5535
119093,,55.5924
119093,,55.402
119093,,55.7691
119093,,56.1191
119093,,56.2545
119093,,57.1424
119093,,57.8448
119093,,58.3883
119093,,59.7557
119093,,59.7093
119093,,57.9675
119093,,57.1018
119093,,56.7565
119093,,57.0564
119093,,57.2315
119093,,57.2527
119093,,56.8371
119093,,57.0378
119093,,56.1689
119093,,55.0226
119093,,54.9331
119093,,54.6974
119093,,55.2168
119093,,56.6852
119093,,56.5071
119093,,56.4944
119093,,57.1569
119093,,56.0889
119093,,55.9535
119093,,55.8017
119093,,54.8171
119093,,54.6214
119093,,53.9121
119093,,52.8425
119093,,52.7476
119093,,52.6372
119093,,52.5507
119093,,52.4926
119093,,51.6749
119093,,52.037
119093,,52.3639
119093,,52.5035
119093,,52.3013
119093,,51.8171
119093,,51.8196
119093,,51.2484
119093,,50.9361
119093,,51.5325
119093,,50.8093
119093,,50.5235
119093,,50.5406
119093,,50.5945
119093,,50.3377
119093,,51.0853
119093,,51.442
119093,,51.877
119093,,51.8565
119093,,52.1177
119093,,51.7343
119093,,52.0661
119093,,51.9991
119093,,53.9866
119093,,53.1918
119093,,52.812
119093,,53.149
119093,,53.035
119093,,53.2385
119093,,52.3207
119093,,52.5575
119093,,53.0956
119093,,52.2975
119093,,52.4962
119093,,53.1494
119093,,53.9706
119093,,53.7592
119093,,55.9004
119093,,55.5867
119093,,55.5058
119093,,55.9083
119093,,56.959
119093,,55.9676
119093,,56.9811
119093,,56.88
119093,,57.3957
119093,,58.0164
119093,,58.8528
119093,,58.5063
119093,,58.4203
119094,,66.6465
119094,,66.1711
119094,,65.8971
119094,,65.7251
119094,,65.8803
119094,,66.3332
119094,,67.0225
119094,,68.9029
119094,,69.0514
119094,,69.7092
119094,,68.4433
119094,,68.1794
119094,,68.0049
119094,,71.6859
119094,,71.3619
119094,,71.2719
119094,,70.4913
119094,,70.1671
119094,,70.5173
119094,,70.8467
119094,,71.1099
119094,,71.1071
119094,,71.8919
119094,,71.7194
119094,,72.1348
119094,,71.7892
119094,,72.8117
119094,,71.2744
119094,,73.4408
119094,,72.715
119094,,74.0202
119094,,74.0088
119094,,73.3366
119094,,73.6193
119094,,74.582
119094,,73.2582
119094,,73.9258
119094,,73.9649
119094,,76.4718
119094,,77.8221
119094,,76.1451
119094,,74.0905
119094,,75.6807
119094,,74.526
119094,,73.613
119094,,73.4095
119094,,72.0191
119094,,71.7393
119094,,70.9777
119094,,70.8275
119094,,71.1131
119094,,73.4673
119094,,73.0107
119094,,74.3342
119094,,73.9393
119094,,72.3322
119094,,72.183
119094,,70.5396
119094,,69.7015
119094,,69.2602
119094,,69.4312
119094,,70.335
119094,,70.9696
119094,,70.0221
119094,,65.1305
119094,,64.1124
119094,,64.6852
119094,,65.1946
119094,,64.8154
119094,,65.6405
119094,,66.2717
119094,,66.0716
119094,,65.7833
119094,,66.6979
119094,,66.9285
119094,,67.8164
119094,,65.9492
119094,,66.0715
119094,,65.9149
119094,,65.904
119094,,66.0449
119094,,66.5818
119094,,66.5696
119094,,65.9659
119094,,65.9606
119094,,65.3322
119094,,65.4608
119094,,66.2913
119094,,65.4097
119094,,64.2643
119094,,64.3456
119094,,63.0951
119094,,63.8251
119094,,63.9836
119094,,64.5037
119094,,64.8705
119094,,65.1123
119094,,66.0254
119094,,66.1938
119094,,68.0752
119094,,68.9088
119094,,68.0212
119094,,67.9234
119094,,68.293
119094,,69.1765
119094,,69.0022
119094,,68.5026
119094,,68.2019
119094,,66.7975
119094,,66.1722
119094,,65.2417
119094,,65.0757
119094,,65.6394
119094,,66.1206
119094,,67.168
119094,,68.0503
119094,,67.6667
119094,,67.7278
119094,,64.9416
119094,,65.1244
119094,,65.6564
119094,,66.5451
119094,,66.4762
119094,,67.5202
119094,,66.8503
119094,,66.1425
119094,,66.5277
119094,,66.2794
119094,,66.5321
119094,,68.1842
119094,,68.5523
119094,,70.6652
119094,,70.857
119094,,69.6277
119094,,69.1511
119094,,68.9657
119094,,68.3118
119094,,68.5614
119094,,70.1956
119094,,71.5306
119094,,71.7881
119094,,72.5099
119094,,71.9288
119094,,73.2498
119094,,70.1099
119094,,71.1767
119094,,69.4055
119094,,70.9974
119094,,71.0351
119094,,71.3301
119094,,70.1313
119094,,71.2969
119094,,71.5162
119094,,72.5466
119094,,73.6641
119094,,74.901
119094,,74.3722
119094,,74.2374
119094,,77.8005
119094,,77.7378
119094,,78.366
119094,,78.071
119094,,78.5728
119094,,78.6892
119094,,78.3361
119094,,78.5675
119094,,81.209
119094,,80.5998
119094,,80.4132
119094,,79.8266
119094,,79.3438
119094,,82.3983
119094,,82.4758
119094,,82.0724
119094,,82.863
119094,,83.2655
119094,,83.0859
119094,,81.9314
119094,,83.0414
119094,,83.7012
119094,,84.0141
119094,,81.4395
119094,,81.4575
119094,,82.6263
119094,,82.0688
119094,,82.842
119094,,82.3814
119094,,83.7281
119094,,82.856
119094,,85.0548
119094,,87.2048
119094,,87.1647
119094,,88.4284
119094,,88.065
119094,,89.1997
119094,,89.072
119094,,87.7713
119094,,84.1942
119094,,84.8879
119094,,84.9584
119094,,84.6097
119094,,86.0569
119094,,85.5722
119094,,86.1611
119094,,87.1754
119094,,85.6897
119094,,85.6046
119094,,85.2209
119094,,86.2498
119094,,87.0082
119094,,84.1841
119094,,84.4015
119094,,83.7244
119094,,81.5647
119094,,81.8064
119094,,81.1269
119094,,81.295
119094,,81.2308
119094,,81.5422
119094,,83.1369
119094,,82.651
119094,,82.2439
119094,,80.6748
119094,,80.1014
119094,,79.6134
119094,,79.0446
119094,,79.2471
119094,,79.082
119094,,80.7855
119094,,81.6166
119094,,82.2062
119094,,82.0871
119094,,80.1745
119094,,79.4569
119094,,78.8969
119094,,78.6907
119094,,78.7124
119094,,83.7832
119094,,82.5261
119094,,82.4689
119094,,82.5108
119094,,84.7203
119094,,84.4435
119094,,83.5126
119094,,84.0085
119094,,84.5668
119094,,84.5491
119094,,84.3835
119094,,85.4049
119094,,84.5938
119094,,87.5406
119094,,89.1956
119094,,88.0848
119094,,88.9422
119094,,88.5313
119094,,88.3275
119094,,89.1582
119094,,89.0652
119094,,88.6628
119094,,88.1984
119094,,86.1844
119094,,87.034
119094,,86.0497
119094,,88.0445
119094,,89.2001
119094,,89.419
119094,,89.7941
119094,,89.468
119094,,91.2057
119094,,94.1616
119094,,94.3424
119094,,94.9198
119094,,95.0479
119094,,96.585
119094,,97.6141
119094,,96.4412
119094,,95.8011
119094,,100.5014
119094,,100.7028
119094,,99.6478
119094,,98.6154
119094,,99.1697
119094,,99.4703
119094,,100.1988
119094,,101.2202
119094,,103.1227
119094,,102.2384
119094,,103.082
119094,,104.0807
119094,,103.7626
119094,,106.355
119094,,107.4101
119094,,107.0959
119094,,106.0195
119094,,106.3198
119094,,105.7596
119094,,105.5501
119094,,104.036
119094,,104.3771
119094,,104.7442
119094,,106.1973
119094,,106.0774
119094,,105.726
119094,,103.8443
119094,,102.8561
119094,,103.4247
119094,,102.4602
119094,,101.8905
119094,,103.1521
119094,,104.1718
119094,,105.6148
119094,,105.6569
119094,,106.8515
119094,,106.1761
119094,,105.9207
119094,,105.5791
119094,,105.6805
119094,,105.7337
119094,,104.9971
119094,,104.4195
119094,,104.293
119094,,103.462
119094,,103.0411
119094,,103.5473
119094,,102.3879
119094,,105.7081
119094,,106.7373
119094,,105.1979
119094,,102.1927
119094,,101.4236
119094,,100.9184
119094,,100.0586
119094,,100.8609
119094,,101.8554
119094,,100.6156
119094,,99.6723
119094,,101.0238
119094,,99.9781
119094,,99.9767
119094,,102.517
119094,,103.7963
119094,,103.9724
119094,,105.0947
119094,,104.0876
119094,,103.504
119094,,103.0715
119094,,103.6121
119094,,102.9739
119094,,103.0035
119094,,104.7103
119094,,103.7463
119094,,103.2615
119094,,102.9516
119094,,106.9897
119094,,107.8442
119094,,109.3891
119094,,114.8069
119094,,110.949
119094,,110.4488
119094,,108.0934
119094,,108.4762
119094,,108.1594
119094,,110.0031
119094,,110.3507
119094,,109.7853
119094,,111.1005
119094,,110.7529
119094,,110.169
119094,,119.5945
119094,,118.3339
119094,,120.9268
119094,,118.9419
119094,,118.8497
119094,,119.177
119094,,118.0042
119094,,117.2091
119094,,118.4119
119094,,120.554
119094,,117.6204
119094,,117.954
119094,,117.8736
119094,,118.1049
119094,,117.7373
119094,,116.7063
119094,,116.978
119094,,116.936
119094,,117.2019
119094,,116.0894
119094,,115.4752
119094,,115.3234
119094,,116.3675
119094,,118.3837
119094,,118.1391
119094,,116.7497
119094,,116.8784
119094,,126.6347
119094,,124.9248
119094,,125.1088
119094,,125.5557
119094,,127.5605
119094,,127.3463
119094,,126.8099
119094,,124.8299
119094,,125.7352
119094,,130.9646
119094,,130.7043
119094,,131.502
119094,,130.7307
119094,,129.7736
119094,,130.5647
119094,,131.2818
119094,,133.0605
119094,,135.2306
119094,,138.6095
119094,,137.3207
119094,,136.4735
119094,,137.1573
119094,,135.9759
119094,,135.0649
119094,,135.927
119094,,137.4932
119094,,139.7033
119094,,135.3589
119094,,137.8301
119094,,133.3857
119094,,133.0159
119094,,134.1857
119094,,131.3774
119094,,131.1308
119094,,129.4419
119094,,127.9772
119094,,127.4482
119094,,125.8313
119094,,124.1112
119094,,135.0076
119094,,135.9423
119094,,140.1037
119094,,141.6139
119094,,141.1759
119094,,141.1461
119094,,139.4705
119094,,143.5407
119094,,146.4216
119094,,146.6664
119094,,150.6467
119094,,151.8937
119094,,151.2144
119094,,152.9671
119094,,166.2498
119094,,167.3747
119094,,165.667
119094,,164.6309
119094,,160.8679
119094,,160.3582
119094,,156.5611
119094,,158.7069
119094,,159.554
119094,,155.8363
119094,,155.5875
119094,,159.4026
119094,,159.2705
119094,,148.7559
119094,,146.343
119094,,145.1229
119094,,146.9885
119094,,147.7515
119094,,149.0696
119094,,153.0593
119094,,153.0533
119094,,153.1959
119094,,152.8151
119094,,152.1088
119094,,150.3814
119094,,150.6344
119094,,152.2079
119094,,151.0415
119094,,149.4781
119094,,148.8334
119094,,148.4384
119094,,151.4803
119094,,150.9884
119094,,155.9283
119094,,156.1525
119094,,160.1527
119094,,161.9847
119094,,162.796
119094,,166.0115
119094,,168.37
119094,,169.7683
119094,,171.3455
119094,,169.3943
119094,,168.5094
119094,,166.5085
119094,,163.4417
119094,,167.2803
119094,,166.029
119094,,168.9741
119094,,168.6407
119094,,166.4859
119094,,167.6164
119094,,166.9463
119094,,166.3126
119094,,166.2461
119094,,166.5298
119094,,166.7523
119094,,165.5077
119094,,163.6619
119094,,161.8447
119094,,162.6691
119094,,164.2622
119094,,165.9646
119094,,165.3258
119094,,167.6165
119094,,168.3478
119094,,153.7906
119094,,152.5917
119094,,153.6851
119094,,156.3864
119094,,155.3981
119094,,157.9839
119094,,158.1803
119094,,158.735
119094,,158.7209
119094,,158.4534
119094,,159.3962
119094,,160.9234
119094,,159.336
119094,,169.444
119094,,164.8257
119094,,163.4891
119094,,161.6562
119094,,161.5257
119094,,159.8595
119094,,161.244
119094,,161.6861
119094,,163.5263
119094,,165.5139
119094,,166.9772
119094,,166.4197
119094,,166.74
119094,,165.9347
119094,,156.2123
119094,,157.799
119094,,159.3365
119094,,160.5987
119094,,160.641
119094,,164.0973
119094,,165.5894
119094,,166.1422
119094,,167.3856
119094,,166.7005
119094,,166.6987
119094,,162.7058
119094,,166.3166
119094,,164.7685
119094,,166.7218
119094,,165.8185
119094,,164.3006
119094,,164.1896
119094,,165.0205
119094,,162.7628
119094,,161.8597
119094,,162.1729
119094,,164.9028
119094,,160.0946
119094,,161.3866
119094,,160.7558
119094,,163.4057
119094,,165.8613
119094,,168.6486
119094,,166.4328
119094,,165.1518
119094,,166.5234
119094,,168.5144
119094,,168.023
119094,,166.6489
119094,,166.9184
119094,,170.0094
119094,,170.2077
119094,,167.7653
119094,,172.1495
119094,,171.1357
119094,,172.1898
119094,,169.994
119094,,168.1167
119094,,168.1244
119094,,166.981
119094,,167.7655
119094,,166.6976
119094,,170.0252
119094,,171.558
119094,,173.0785
119094,,182.4599
119094,,182.5918
119094,,188.0421
119094,,190.0039
119094,,190.1051
119094,,195.4995
119094,,197.1805
119094,,198.7719
119094,,197.9884
119094,,198.2392
119094,,197.4003
119094,,200.9669
119094,,197.2658
119094,,200.6525
119094,,198.6905
119094,,195.3211
119094,,191.9815
119094,,191.0784
119094,,192.3417
119094,,192.557
119094,,196.9188
119094,,203.3113
119094,,202.3213
119094,,200.4485
119094,,203.3147
119094,,204.2698
119094,,207.2055
119094,,207.0305
119094,,203.4442
119094,,198.6234
119094,,196.1636
119094,,196.4033
119094,,195.1244
119094,,192.8385
119094,,196.1173
119094,,193.3766
119094,,195.0864
119094,,193.1519
119094,,190.7022
119094,,189.4566
119094,,191.0155
119094,,190.4303
119094,,189.4791
119094,,192.054
119094,,190.2531
119094,,187.7697
119094,,188.9342
119094,,192.7051
119094,,194.5739
119094,,191.4538
119094,,190.1772
119094,,192.5499
119094,,196.3609
119094,,197.032
119094,,207.4633
119094,,208.9327
119094,,210.2634
119094,,208.6051
119094,,207.4653
119094,,207.4999
119094,,202.8121
119094,,201.7699
119094,,201.9169
119094,,205.245
119094,,203.8735
119094,,199.2679
119094,,201.7947
119094,,200.4922
119094,,200.3797
119094,,196.9657
119094,,199.1345
119094,,196.1466
119094,,198.4426
119094,,196.0668
119094,,198.596
119094,,198.7542
119094,,197.5627
119094,,201.5194
119094,,197.2492
119094,,194.6515
119094,,196.2038
119094,,195.3747
119094,,193.0018
119094,,190.7171
119094,,186.9284
119094,,187.959
119094,,185.9918
119094,,186.04
119094,,185.7611
119094,,183.8034
119094,,180.6053
119094,,186.2918
119094,,198.5527
119094,,199.5247
119094,,201.5907
119094,,198.9088
119094,,200.2238
119094,,203.6116
119094,,201.6686
119094,,200.0747
119094,,203.01
119094,,202.2875
119094,,200.0587
119094,,202.3189
119094,,203.8581
119095,,53.3314
119095,,53.1057
119095,,52.1478
119095,,51.5283
119095,,52.4667
119095,,51.0812
119095,,51.2303
119095,,51.375
119095,,51.3532
119095,,51.5041
119095,,49.7683
119095,,49.1807
119095,,50.4345
119095,,48.9369
119095,,49.9724
119095,,50.6275
119095,,49.7678
119095,,49.5956
119095,,51.0207
119095,,51.3229
119095,,50.1623
119095,,49.0826
119095,,49.819
119095,,50.4172
119095,,53.8004
119095,,53.5435
119095,,54.6773
119095,,53.3557
119095,,52.1222
119095,,52.8545
119095,,52.6098
119095,,51.0829
119095,,51.0781
119095,,50.9587
119095,,50.6581
119095,,51.2528
119095,,50.2318
119095,,50.2859
119095,,51.6873
119095,,52.7788
119095,,52.5727
119095,,53.9222
119095,,54.929
119095,,54.5923
119095,,56.3209
119095,,56.7683
119095,,58.8144
119095,,59.1475
119095,,58.6776
119095,,58.0232
119095,,57.7494
119095,,58.0582
119095,,58.6375
119095,,59.0269
119095,,57.8823
119095,,59.8988
119095,,58.4999
119095,,58.4324
119095,,57.4841
119095,,57.8945
119095,,58.0715
119095,,57.968
119095,,59.4221
119095,,60.5214
119095,,62.5949
119095,,62.6718
119095,,62.6447
119095,,64.0848
119095,,66.0409
119095,,67.3334
119095,,67.3014
119095,,68.5888
119095,,69.3537
119095,,69.3325
119095,,71.7178
119095,,70.9509
119095,,71.6915
119095,,72.7091
119095,,75.9815
119095,,76.0725
119095,,77.5715
119095,,75.5319
119095,,74.5229
119095,,77.3098
119095,,77.7133
119095,,77.2842
119095,,78.3261
119095,,77.4313
119095,,74.9745
119095,,75.4604
119095,,74.6621
119095,,68.6884
119095,,69.6527
119095,,70.1453
119095,,69.9224
119095,,68.3705
119095,,67.5773
119095,,68.4743
119095,,69.904
119095,,68.8378
119095,,70.1481
119095,,70.9719
119095,,71.0262
119095,,70.267
119095,,76.186
119095,,77.3579
119095,,77.6581
119095,,75.9717
119095,,74.2958
119095,,73.8332
119095,,74.3032
119095,,75.404
119095,,73.6257
119095,,74.4514
119095,,74.3776
119095,,74.4464
119095,,75.2054
119095,,77.3696
119095,,77.8259
119095,,76.4185
119095,,77.3246
119095,,78.2417
119095,,77.7354
119095,,77.6656
119095,,77.977
119095,,77.2931
119095,,75.6955
119095,,75.7148
119095,,75.8586
119095,,77.5698
119095,,76.6873
119095,,75.8944
119095,,73.9441
119095,,75.5291
119095,,74.7349
119095,,74.9639
119095,,73.4446
119095,,73.4646
119095,,71.9575
119095,,71.9366
119095,,71.464
119095,,71.7863
119095,,72.5605
119095,,72.9001
119095,,74.6252
119095,,74.3976
119095,,74.6084
119095,,74.6212
119095,,75.4581
119095,,75.9285
119095,,75.9351
119095,,77.7554
119095,,73.9946
119095,,75.5229
119095,,76.6923
119095,,74.5718
119095,,75.7373
119095,,77.0776
119095,,77.9987
119095,,78.0186
119095,,76.4541
119095,,76.3541
119095,,76.8578
119095,,77.9861
119095,,78.3608
119095,,76.6796
119095,,78.3985
119095,,80.2619
119095,,80.4746
119095,,79.5967
119095,,79.002
119095,,79.1169
119095,,78.2956
119095,,79.8528
119095,,80.0925
119095,,79.8894
119095,,79.8541
119095,,80.4846
119095,,80.4634
119095,,80.4316
119095,,81.8646
119095,,80.1261
119095,,78.6309
119095,,85.6908
119095,,85.4782
119095,,85.5164
119095,,84.6809
119095,,84.0078
119095,,85.2049
119095,,85.9125
119095,,87.0756
119095,,87.6152
119095,,86.494
119095,,87.1483
119095,,85.9264
119095,,85.5802
119095,,84.2685
119095,,83.5345
119095,,79.1327
119095,,77.5012
119095,,78.4436
119095,,78.5486
119095,,80.5705
119095,,80.9247
119095,,80.0738
119095,,77.8056
119095,,78.869
119095,,77.3395
119095,,76.9111
119095,,79.0348
119095,,80.5703
119095,,79.8145
119095,,81.7153
119095,,82.1019
119095,,83.1046
119095,,83.0194
119095,,80.6589
119095,,80.566
119095,,81.9701
119095,,80.5239
119095,,81.548
119095,,79.4608
119095,,79.5555
119095,,78.3651
119095,,79.3754
119095,,79.0642
119095,,81.283
119095,,80.7907
119095,,81.7711
119095,,82.5036
119095,,81.9846
119095,,80.9284
119095,,78.8198
119095,,79.5788
119095,,81.1656
119095,,79.2277
119095,,78.8356
119095,,78.1626
119095,,77.772
119095,,78.3813
119095,,77.4792
119095,,77.1878
119095,,76.306
119095,,75.3611
119095,,76.9566
119095,,76.1612
119095,,75.8116
119095,,77.1364
119095,,78.121
119095,,80.2365
119095,,84.3466
119095,,84.3912
119095,,84.7094
119095,,87.604
119095,,86.7421
119095,,87.7187
119095,,86.7067
119095,,87.2222
119095,,87.5759
119095,,88.7505
119095,,90.5344
119095,,89.7902
119095,,91.8962
119095,,94.1565
119095,,88.7193
119095,,90.6331
119095,,89.9367
119095,,90.6238
119095,,90.5874
119095,,92.0261
119095,,92.6529
119095,,93.9542
119095,,93.2243
119095,,91.8276
119095,,92.4407
119095,,91.8135
119095,,91.9376
119095,,96.4315
119095,,96.2278
119095,,96.3534
119095,,95.1177
119095,,95.3908
119095,,93.7603
119095,,92.7399
119095,,93.9443
119095,,93.3865
119095,,94.828
119095,,94.6817
119095,,92.7434
119095,,94.5482
119095,,90.7779
119095,,91.1675
119095,,89.5338
119095,,87.2147
119095,,90.2811
119095,,90.5083
119095,,90.8362
119095,,89.8028
119095,,91.1609
119095,,90.4772
119095,,86.6687
119095,,85.9732
119095,,85.6678
119095,,85.5133
119095,,80.425
119095,,80.1719
119095,,78.7476
119095,,76.4452
119095,,75.4468
119095,,76.0169
119095,,77.8302
119095,,77.9645
119095,,76.5554
119095,,75.5678
119095,,74.6296
119095,,74.2187
119095,,75.6065
119095,,72.8356
119095,,73.6872
119095,,74.655
119095,,73.1683
119095,,72.6202
119095,,73.6936
119095,,72.8152
119095,,73.2033
119095,,74.9299
119095,,72.2222
119095,,71.8979
119095,,72.2578
119095,,70.3084
119095,,71.7192
119095,,72.1155
119095,,72.9161
119095,,72.1881
119095,,70.1021
119095,,70.8539
119095,,72.1561
119095,,71.9641
119095,,73.0411
119095,,72.72
119095,,72.6796
119095,,74.7786
119095,,74.5011
119095,,71.6095
119095,,73.0119
119095,,74.8463
119095,,75.6833
119095,,77.2816
119095,,78.3966
119095,,79.0786
119095,,80.9824
119095,,79.4
119095,,78.6174
119095,,77.6753
119095,,77.375
119095,,78.2837
119095,,74.9835
119095,,75.3388
119095,,75.9114
119095,,76.8042
119095,,75.9643
119095,,76.6413
119095,,76.845
119095,,76.8422
119095,,75.4203
119095,,75.6686
119095,,75.9556
119095,,76.1438
119095,,75.6906
119095,,76.7648
119095,,76.6903
119095,,74.6476
119095,,74.4165
119095,,73.0085
119095,,73.9441
119095,,73.9669
119095,,72.9623
119095,,73.9646
119095,,74.5657
119095,,74.3542
119095,,72.9736
119095,,72.0746
119095,,71.17
119095,,70.4054
119095,,70.1066
119095,,71.0319
119095,,71.9669
119095,,71.5429
119095,,70.6413
119095,,69.5362
119095,,69.4473
119095,,69.6576
119095,,71.3549
119095,,71.556
119095,,72.3142
119095,,70.9185
119095,,71.3264
119095,,74.0868
119095,,74.1018
119095,,74.3771
119095,,74.0792
119095,,74.9272
119095,,75.4216
119095,,74.6881
119095,,74.6188
119095,,73.38
119095,,73.3067
119095,,72.8877
119095,,71.9681
119095,,71.8284
119095,,73.0606
119095,,74.4617
119095,,72.9336
119095,,73.7103
119095,,74.7309
119095,,73.2275
119095,,73.9634
119095,,75.0799
119095,,74.03
119095,,73.8194
119095,,74.101
119095,,74.835
119095,,74.9717
119095,,75.3167
119095,,74.3922
119095,,73.8777
119095,,74.09
119095,,73.3108
119095,,73.6892
119095,,73.0437
119095,,74.268
119095,,76.1848
119095,,75.895
119095,,77.0702
119095,,76.7297
119095,,76.3675
119095,,78.2895
119095,,81.0818
119095,,80.7203
119095,,82.1279
119095,,81.2898
119095,,80.6113
119095,,80.1924
119095,,81.1326
119095,,79.8404
119095,,81.8847
119095,,83.1757
119095,,84.1202
119095,,78.954
119095,,77.5597
119095,,80.1927
119095,,80.0275
119095,,81.3376
119095,,82.8662
119095,,83.4547
119095,,84.8765
119095,,82.1704
119095,,81.9441
119095,,78.1317
119095,,76.0789
119095,,75.4933
119095,,74.0906
119095,,72.9025
119095,,74.2196
119095,,75.1372
119095,,74.1915
119095,,74.0131
119095,,76.4596
119095,,76.7201
119095,,77.2671
119095,,76.5965
119095,,76.2863
119095,,78.192
119095,,78.4001
119095,,80.0699
119095,,79.2315
119095,,77.013
119095,,75.8997
119095,,75.9989
119095,,77.7551
119095,,78.9505
119095,,78.6548
119095,,79.9381
119095,,79.5596
119095,,77.8111
119095,,77.9049
119095,,76.1455
119095,,77.1678
119095,,78.2217
119095,,79.0266
119095,,78.266
119095,,79.8528
119095,,77.9657
119095,,79.3969
119095,,81.287
119095,,81.8023
119095,,81.622
119095,,82.0962
119095,,81.3904
119095,,84.8991
119095,,84.192
119095,,89.1348
119095,,91.285
119095,,90.5794
119095,,93.8663
119095,,93.0498
119095,,93.4682
119095,,93.8922
119095,,93.8241
119095,,90.9316
119095,,90.128
119095,,90.4908
119095,,90.433
119095,,91.4234
119095,,92.5039
119095,,92.9203
119095,,93.6316
119095,,96.414
119095,,93.8402
119095,,95.0294
119095,,95.6781
119095,,95.204
119095,,95.778
119095,,96.9866
119095,,97.9669
119095,,101.4429
119095,,101.7355
119095,,102.655
119095,,102.2845
119095,,103.368
119095,,103.6389
119095,,103.0998
119095,,105.7645
119095,,105.6864
119095,,106.8214
119095,,105.7425
119095,,102.5121
119095,,101.6896
119095,,98.4094
119095,,98.1286
119095,,100.5124
119095,,100.1465
119095,,98.0261
119095,,99.9381
119095,,98.8015
119095,,97.8458
119095,,96.0028
119095,,95.4758
119095,,95.035
119095,,93.724
119095,,92.263
119095,,92.8082
119095,,91.7152
119095,,85.3271
119095,,84.6971
119095,,82.7094
119095,,83.0053
119095,,83.3112
119095,,82.1157
119095,,81.4984
119095,,83.8661
119095,,84.9703
119095,,84.4409
119095,,87.6209
119095,,86.0599
119095,,85.0396
119095,,84.9659
119095,,82.0672
119095,,85.0169
119095,,83.2976
119095,,85.6298
119095,,84.5719
119095,,85.7055
119095,,86.4115
119095,,87.398
119095,,88.4886
119095,,86.3464
119095,,85.5062
119095,,83.7568
119095,,84.0802
119095,,72.4675
119095,,70.5128
119095,,69.6517
119095,,71.6626
119095,,72.062
119095,,71.3076
119095,,71.3315
119095,,70.7663
119095,,70.7251
119095,,71.621
119095,,71.3108
119095,,71.6208
119095,,69.9245
119095,,70.8729
119095,,70.4103
119095,,72.9573
119095,,73.272
119095,,74.7139
119095,,73.5938
119095,,73.6717
119095,,74.455
119095,,73.3172
119095,,73.4047
119095,,74.696
119095,,74.3767
119095,,73.4498
119095,,75.6312
119095,,72.1728
119095,,71.4207
119095,,69.399
119095,,71.5522
119095,,72.2957
119095,,72.6183
119095,,74.126
119095,,74.4806
119095,,73.614
119095,,73.4755
119095,,72.7582
119095,,72.2502
119095,,71.6017
119095,,70.4299
119095,,71.5019
119095,,70.7717
119095,,69.5858
119095,,68.4193
119095,,68.631
119095,,67.6914
119095,,67.1061
119095,,66.7005
119095,,65.9853
119095,,65.2032
119095,,62.8107
119095,,70.9486
119095,,69.6941
119095,,68.4674
119095,,68.0492
119095,,68.2469
119095,,70.0348
119095,,70.7918
119095,,69.5236
119095,,68.9173
119095,,68.9318
119095,,67.3929
119095,,67.4662
119095,,66.2731
119095,,64.6288
119095,,67.3821
119095,,65.1707
119095,,66.4045
119095,,66.8799
119095,,65.6682
119095,,67.2203
119095,,66.6567
119095,,66.6018
119095,,67.7433
119095,,68.0379
119095,,69.5446
119095,,68.3851
119095,,67.1731
119095,,66.0605
119095,,66.3603
119095,,65.725
119095,,67.1864
119095,,67.0421
119095,,67.8645
119095,,68.3992
119095,,67.8139
119095,,65.789
119095,,67.0867
119095,,66.1181
119095,,67.8238
119095,,66.6676
119095,,65.8659
119095,,65.8723
119095,,64.6487
119095,,64.7977
119095,,64.7225
119095,,62.2364
119095,,60.9265
119095,,58.2705
119095,,58.0063
119095,,59.0473
119095,,57.3652
119095,,56.232
119095,,54.4985
119095,,54.1596
119095,,54.2819
119095,,53.9129
119095,,54.3956
119095,,53.7156
119095,,53.3045
119095,,53.7351
119095,,55.0276
119095,,55.7225
119095,,56.8656
119095,,56.6359
119095,,56.1319
101206,,310.7396
101206,,308.9641
101206,,312.4211
101206,,312.4518
101206,,311.0479
101206,,309.8405
101206,,309.9701
101206,,312.8854
101206,,312.604
101206,,314.9535
101206,,316.4175
101206,,314.138
101206,,311.8727
101206,,312.5666
101206,,314.5571
101206,,314.3587
101206,,316.8369
101206,,317.8419
101206,,314.6965
101206,,308.2712
101206,,306.8909
101206,,310.0012
101206,,308.9914
101206,,310.4078
101206,,309.7889
101206,,307.3469
101206,,306.2132
101206,,306.426
101206,,310.2244
101206,,309.091
101206,,304.5611
101206,,305.9045
101206,,304.0296
101206,,300.7579
101206,,300.963
101206,,303.713
101206,,302.3357
101206,,303.8193
101206,,308.6697
101206,,305.9112
101206,,308.7788
101206,,313.1065
101206,,313.5714
101206,,311.6107
101206,,309.7219
101206,,309.1663
101206,,312.2885
101206,,309.1608
101206,,304.3447
101206,,305.4756
101206,,307.205
101206,,312.4274
101206,,308.4279
101206,,307.8433
101206,,301.1176
101206,,301.4981
101206,,297.0795
101206,,297.974
101206,,298.6158
101206,,298.5909
101206,,299.897
101206,,300.5925
101206,,299.9715
101206,,305.0121
101206,,318.0578
101206,,316.1763
101206,,318.2345
101206,,315.8472
101206,,316.2159
101206,,317.9441
101206,,318.5302
101206,,316.1864
101206,,318.3056
101206,,318.2302
101206,,310.4293
101206,,307.9076
101206,,311.8968
101206,,316.1696
101206,,326.1157
101206,,329.5288
101206,,331.5933
101206,,331.9583
101206,,331.0863
101206,,333.2879
101206,,330.235
101206,,327.809
101206,,323.8076
101206,,327.5233
101206,,325.6162
101206,,326.9471
101206,,326.7537
101206,,330.4052
101206,,330.8711
101206,,324.2724
101206,,320.3413
101206,,325.2619
101206,,326.372
101206,,325.0322
101206,,320.3718
101206,,320.3779
101206,,323.3404
101206,,331.1254
101206,,336.8708
101206,,334.4185
101206,,322.1677
101206,,323.2759
101206,,319.6381
101206,,322.928
101206,,322.2665
101206,,318.4706
101206,,312.7806
101206,,310.2527
101206,,311.0688
101206,,312.3884
101206,,311.1787
101206,,313.8917
101206,,310.9237
101206,,303.1565
101206,,305.9488
101206,,303.1798
101206,,300.9477
101206,,303.6517
101206,,303.8453
101206,,307.4312
101206,,309.0048
101206,,313.5756
101206,,316.0091
101206,,318.2966
101206,,318.1226
101206,,326.8468
101206,,327.3406
101206,,324.0481
101206,,325.809
101206,,334.5278
101206,,333.3891
101206,,332.6697
101206,,332.3874
101206,,332.2335
101206,,335.4296
101206,,334.7857
101206,,340.836
101206,,342.7675
101206,,341.4784
101206,,339.4285
101206,,346.109
101206,,345.7095
101206,,346.1692
101206,,346.3309
101206,,343.5975
101206,,338.0601
101206,,335.8634
101206,,335.656
101206,,333.6511
101206,,336.2441
101206,,335.7384
101206,,341.5082
101206,,339.9966
101206,,340.5945
101206,,337.9849
101206,,341.6243
101206,,340.737
101206,,347.5027
101206,,347.8927
101206,,353.3467
101206,,357.283
101206,,355.546
101206,,351.6691
101206,,352.2033
101206,,350.579
101206,,355.6808
101206,,355.0904
101206,,352.0648
101206,,347.7055
101206,,352.6584
101206,,349.9784
101206,,351.7284
101206,,353.2339
101206,,354.6313
101206,,355.9798
101206,,353.1291
101206,,358.6209
101206,,361.8446
101206,,363.5513
101206,,344.3382
101206,,347.9246
101206,,349.1742
101206,,350.7678
101206,,351.469
101206,,353.774
101206,,355.4176
101206,,347.1873
101206,,350.154
101206,,352.8187
101206,,351.8746
101206,,345.9797
101206,,346.8992
101206,,348.0796
101206,,346.9089
101206,,360.5709
101206,,363.372
101206,,369.7985
101206,,365.1585
101206,,361.1066
101206,,364.8216
101206,,369.7038
101206,,370.0026
101206,,355.8976
101206,,353.754
101206,,354.9853
101206,,352.3624
101206,,361.746
101206,,364.3406
101206,,361.006
101206,,362.0396
101206,,363.5466
101206,,365.2478
101206,,367.2464
101206,,369.4757
101206,,367.6383
101206,,363.0977
101206,,360.4971
101206,,363.0124
101206,,359.3736
101206,,340.7925
101206,,335.5073
101206,,338.5146
101206,,334.4123
101206,,333.4199
101206,,332.393
101206,,330.9219
101206,,330.9035
101206,,333.3553
101206,,333.4074
101206,,331.8023
101206,,333.3152
101206,,334.0974
101206,,332.3019
101206,,337.3899
101206,,336.6792
101206,,339.6248
101206,,339.4253
101206,,340.5396
101206,,341.7483
101206,,344.3856
101206,,339.6319
101206,,335.1157
101206,,337.2808
101206,,338.517
101206,,336.3828
101206,,337.6394
101206,,339.8706
101206,,335.8237
101206,,336.7376
101206,,335.793
101206,,337.5555
101206,,339.0938
101206,,339.9561
101206,,348.2033
101206,,350.9229
101206,,347.2224
101206,,348.8099
101206,,348.8236
101206,,344.8988
101206,,340.7774
101206,,358.1837
101206,,354.8333
101206,,362.5797
101206,,359.9662
101206,,359.9995
101206,,358.388
101206,,357.3834
101206,,366.907
101206,,365.6013
101206,,368.5459
101206,,367.9714
101206,,371.2147
101206,,369.6282
101206,,382.635
101206,,384.2912
101206,,384.1913
101206,,387.9518
101206,,385.6899
101206,,381.9749
101206,,381.7337
101206,,382.3605
101206,,384.3521
101206,,379.5762
101206,,378.2468
101206,,368.2895
101206,,364.6572
101206,,375.2981
101206,,370.7412
101206,,371.2862
101206,,378.3381
101206,,382.8651
101206,,383.6538
101206,,384.8801
101206,,382.7476
101206,,381.7408
101206,,382.4353
101206,,383.1413
101206,,386.7714
101206,,390.2683
101206,,392.2664
101206,,384.0701
101206,,381.9092
101206,,384.8311
101206,,386.0704
101206,,385.431
101206,,383.6318
101206,,384.0884
101206,,383.261
101206,,386.1205
101206,,390.5717
101206,,386.0896
101206,,382.1352
101206,,386.905
101206,,410.0029
101206,,414.252
101206,,414.1039
101206,,410.0604
101206,,408.0993
101206,,402.0171
101206,,398.9711
101206,,400.679
101206,,400.7169
101206,,400.1339
101206,,397.55
101206,,391.5861
101206,,392.4178
101206,,398.5272
101206,,397.7882
101206,,401.8475
101206,,405.5701
101206,,409.1403
101206,,408.4067
101206,,411.0133
101206,,416.6822
101206,,416.7139
101206,,415.4482
101206,,420.1964
101206,,428.0659
101206,,436.3504
101206,,423.6339
101206,,429.7632
101206,,425.8826
101206,,422.5066
101206,,418.1309
101206,,415.914
101206,,412.8504
101206,,409.8975
101206,,401.2923
101206,,401.9597
101206,,402.991
101206,,411.2593
101206,,413.2402
101206,,412.0412
101206,,406.0869
101206,,407.8317
101206,,404.467
101206,,406.2538
101206,,413.3582
101206,,412.9265
101206,,417.1054
101206,,412.8237
101206,,407.539
101206,,415.0687
101206,,416.4117
101206,,429.569
101206,,430.5505
101206,,429.8957
101206,,435.5314
101206,,430.3687
101206,,444.4904
101206,,444.0359
101206,,447.1678
101206,,452.9068
101206,,452.3579
101206,,452.1327
101206,,450.3644
101206,,447.0918
101206,,448.3963
101206,,448.0928
101206,,444.8259
101206,,446.774
101206,,450.9215
101206,,448.1587
101206,,446.1867
101206,,443.6885
101206,,441.3974
101206,,443.2054
101206,,445.765
101206,,450.1478
101206,,450.0181
101206,,444.7044
101206,,436.4734
101206,,435.7039
101206,,436.2633
101206,,433.6663
101206,,427.6198
101206,,425.8392
101206,,424.6652
101206,,425.9828
101206,,424.8702
101206,,422.4049
101206,,417.0566
101206,,417.4501
101206,,414.7417
101206,,418.5211
101206,,411.6126
101206,,410.0163
101206,,416.9469
101206,,418.9288
101206,,424.8676
101206,,422.7165
101206,,421.2301
101206,,425.056
101206,,427.6204
101206,,427.485
101206,,422.9698
101206,,427.5277
101206,,437.3235
101206,,436.3236
101206,,434.0935
101206,,433.6716
101206,,433.4384
101206,,437.4514
101206,,439.2454
101206,,443.0536
101206,,441.3076
101206,,443.2268
101206,,430.478
101206,,433.2429
101206,,428.836
101206,,427.8057
101206,,430.5666
101206,,426.4964
101206,,420.6461
101206,,419.7055
101206,,421.839
101206,,423.794
101206,,429.9325
101206,,428.74
101206,,422.0383
101206,,426.736
101206,,427.6918
101206,,428.9787
101206,,432.1135
101206,,445.2719
101206,,446.1236
101206,,447.8586
101206,,453.8185
101206,,455.4828
101206,,456.0049
101206,,455.908
101206,,455.6019
101206,,457.0942
101206,,462.8619
101206,,460.6089
101206,,458.061
101206,,463.5208
101206,,451.7621
101206,,441.673
101206,,441.5858
101206,,443.8354
101206,,448.7007
101206,,455.9421
101206,,458.8037
101206,,462.8355
101206,,457.8578
101206,,464.6933
101206,,470.1589
101206,,468.8809
101206,,471.9516
101206,,463.9639
101206,,465.3297
101206,,465.6457
101206,,460.5526
101206,,453.8937
101206,,451.5937
101206,,453.2703
101206,,451.1675
101206,,454.9978
101206,,451.4184
101206,,449.5874
101206,,452.6176
101206,,451.3484
101206,,450.2795
101206,,447.9624
101206,,455.9564
101206,,456.593
101206,,456.1035
101206,,460.1919
101206,,452.1111
101206,,457.8845
101206,,465.6883
101206,,470.4207
101206,,462.0175
101206,,465.3818
101206,,472.4303
101206,,479.1491
101206,,483.6478
101206,,488.1058
101206,,485.0577
101206,,487.0116
101206,,494.0049
101206,,487.0819
101206,,491.2503
101206,,490.6091
101206,,490.0809
101206,,492.5629
101206,,489.4758
101206,,484.6797
101206,,477.3591
101206,,479.2699
101206,,484.0234
101206,,489.8244
101206,,493.37
101206,,492.0078
101206,,492.5194
101206,,499.6389
101206,,505.577
101206,,514.8113
101206,,511.5436
101206,,507.8947
101206,,508.7593
101206,,510.8517
101206,,515.9682
101206,,514.8029
101206,,526.1089
101206,,524.1371
101206,,526.5182
101206,,535.5776
101206,,531.3763
101206,,530.2024
101206,,528.2148
101206,,521.4599
101206,,529.0001
101206,,526.5476
101206,,522.7639
101206,,520.9876
101206,,540.8526
101206,,537.5281
101206,,534.1143
101206,,530.1474
101206,,529.3048
101206,,529.5896
101206,,523.7043
101206,,524.4219
101206,,527.3151
101206,,520.8123
101206,,518.6915
101206,,521.5629
101206,,534.2251
101206,,538.8096
101206,,536.2093
101206,,532.4345
101206,,531.9879
101206,,536.9376
101206,,538.6825
101206,,540.3041
101206,,542.2658
101206,,544.7879
101206,,544.5205
101206,,547.846
101206,,544.9491
101206,,548.3696
101206,,570.1052
101206,,566.7203
101206,,573.4817
101206,,569.1072
101206,,566.0627
101206,,567.2042
101206,,563.5123
101206,,568.1708
101206,,564.5132
101206,,566.6037
101206,,568.3201
101206,,577.0188
101206,,583.2802
101206,,572.0726
101206,,575.7173
101206,,574.7822
101206,,571.3308
101206,,562.3276
101206,,563.1272
101206,,562.6382
101206,,559.4124
101206,,560.0099
101206,,564.5446
101206,,570.4019
101206,,563.0218
101206,,585.1078
101206,,583.0189
101206,,581.7277
101206,,581.3436
101206,,573.8123
101206,,565.2537
101206,,568.0956
101206,,573.3653
101206,,576.7433
101206,,570.6945
101206,,573.4122
101206,,568.7198
101206,,571.0626
101206,,577.0864
101206,,579.2583
101206,,577.3166
101206,,570.1226
101206,,564.6826
101206,,570.6429
101206,,560.9194
101206,,564.2678
101206,,562.7021
101206,,563.7881
101206,,571.8836
101206,,571.5171
101206,,574.9745
101206,,575.5684
101206,,560.3961
101206,,551.837
101206,,561.5755
101206,,560.1919
101206,,556.2218
101206,,555.1217
101206,,558.1396
101206,,562.8303
101206,,561.7601
101206,,554.9637
101206,,549.3452
101206,,551.0187
101206,,556.1244
101206,,593.7403
101206,,597.4652
101206,,604.459
101206,,606.6864
101206,,606.4507
101206,,601.0655
101206,,599.8051
101206,,601.2422
101206,,603.0271
101206,,604.6373
101206,,610.0902
101206,,615.0813
101206,,615.0618
101206,,610.7981
101206,,655.6831
101206,,657.3548
101206,,666.5258
101206,,674.0047
101206,,679.857
101206,,684.9585
101206,,699.3642
101206,,706.4005
101206,,701.4909
101206,,703.3766
101206,,702.0986
101206,,723.7292
101206,,723.9953
101206,,732.0036
101206,,737.8687
101206,,752.8204
101206,,753.2313
101206,,750.6905
101206,,743.863
101206,,741.8353
101206,,735.0293
101206,,723.8492
101206,,736.8722
101206,,737.5705
101206,,764.6694
101206,,772.5721
101206,,766.1264
101206,,762.9888
101206,,764.2009
101206,,790.1501
101206,,795.9614
101206,,797.1218
101206,,802.2828
101206,,798.4386
101206,,800.7015
101206,,807.888
101206,,808.0982
101206,,803.1386
101206,,781.2884
101206,,771.1734
101206,,782.3992
101206,,775.0638
101206,,780.5884
101206,,782.7741
101206,,787.5822
101206,,779.9289
101206,,767.9581
101206,,762.9328
101206,,766.2056
101206,,779.946
101206,,773.2939
101207,,38.6612
101207,,39.3891
101207,,39.5053
101207,,39.6444
101207,,39.186
101207,,38.8915
101207,,38.3095
101207,,37.8999
101207,,38.6879
101207,,39.8405
101207,,39.0997
101207,,39.3781
101207,,39.2158
101207,,39.556
101207,,40.0868
101207,,40.7472
101207,,40.0329
101207,,39.6702
101207,,38.8452
101207,,39.0026
101207,,39.5841
101207,,39.4451
101207,,39.0696
101207,,38.8978
101207,,39.5109
101207,,39.482
101207,,39.5008
101207,,39.1509
101207,,39.4919
101207,,39.4089
101207,,39.5769
101207,,39.1497
101207,,39.6138
101207,,39.3158
101207,,40.3597
101207,,40.2521
101207,,40.2272
101207,,40.6405
101207,,43.3064
101207,,42.7888
101207,,42.6787
101207,,42.1597
101207,,41.9258
101207,,43.1732
101207,,43.0085
101207,,43.326
101207,,42.2461
101207,,41.5553
101207,,42.207
101207,,43.3682
101207,,43.5577
101207,,39.9441
101207,,39.7433
101207,,40.3487
101207,,40.3683
101207,,39.8158
101207,,40.4451
101207,,40.6408
101207,,40.8641
101207,,40.3289
101207,,38.7767
101207,,38.2607
101207,,37.6911
101207,,37.3614
101207,,38.3786
101207,,39.2364
101207,,38.6595
101207,,38.8727
101207,,39.1604
101207,,39.312
101207,,40.7517
101207,,40.5945
101207,,39.5943
101207,,39.852
101207,,39.7801
101207,,40.1643
101207,,40.7617
101207,,40.7757
101207,,42.0723
101207,,42.042
101207,,43.7252
101207,,44.6223
101207,,45.3856
101207,,45.8064
101207,,45.3498
101207,,45.5767
101207,,46.0375
101207,,46.2223
101207,,46.3318
101207,,46.0829
101207,,46.3222
101207,,47.0831
101207,,47.2664
101207,,48.5076
101207,,50.4395
101207,,50.3369
101207,,50.8133
101207,,50.7982
101207,,50.7671
101207,,52.3375
101207,,51.6251
101207,,49.8052
101207,,50.0985
101207,,51.0997
101207,,50.9091
101207,,50.923
101207,,50.5714
101207,,51.4466
101207,,51.6901
101207,,52.1222
101207,,52.0107
101207,,52.9259
101207,,51.6562
101207,,50.9773
101207,,52.0659
101207,,51.7551
101207,,50.079
101207,,51.2826
101207,,57.5012
101207,,56.4128
101207,,56.9102
101207,,57.4874
101207,,57.2216
101207,,57.8277
101207,,57.5762
101207,,58.4192
101207,,57.6635
101207,,56.7628
101207,,56.5976
101207,,57.3912
101207,,56.4026
101207,,51.6483
101207,,51.3945
101207,,51.2787
101207,,51.0025
101207,,50.581
101207,,50.1528
101207,,49.7052
101207,,49.162
101207,,48.4229
101207,,48.1762
101207,,47.7348
101207,,46.9769
101207,,47.5886
101207,,50.3382
101207,,50.4846
101207,,50.1323
101207,,50.5498
101207,,51.347
101207,,50.7597
101207,,52.8792
101207,,51.663
101207,,51.0192
101207,,51.2522
101207,,53.1446
101207,,52.7219
101207,,51.8896
101207,,52.3861
101207,,55.1962
101207,,54.064
101207,,54.9772
101207,,53.2497
101207,,52.3431
101207,,51.4499
101207,,50.8896
101207,,50.9434
101207,,50.3289
101207,,48.783
101207,,49.1833
101207,,49.2642
101207,,49.6258
101207,,53.164
101207,,52.4706
101207,,51.7206
101207,,52.8598
101207,,53.9771
101207,,53.9701
101207,,56.0467
101207,,56.5025
101207,,55.5743
101207,,55.3819
101207,,55.4351
101207,,55.5591
101207,,58.8098
101207,,59.5422
101207,,60.1919
101207,,60.1286
101207,,60.5809
101207,,58.6586
101207,,59.9403
101207,,56.8326
101207,,56.4875
101207,,55.1338
101207,,54.7484
101207,,54.7323
101207,,53.7573
101207,,51.5039
101207,,51.7173
101207,,53.3384
101207,,53.5734
101207,,54.2904
101207,,54.3003
101207,,53.3214
101207,,53.941
101207,,55.0637
101207,,55.3879
101207,,55.8649
101207,,54.8369
101207,,55.4992
101207,,56.7377
101207,,58.6788
101207,,59.1558
101207,,60.5733
101207,,61.1439
101207,,61.1259
101207,,61.3663
101207,,62.9115
101207,,61.6934
101207,,62.6346
101207,,62.0727
101207,,61.3081
101207,,62.3586
101207,,61.5511
101207,,56.8457
101207,,58.1527
101207,,58.9874
101207,,59.9658
101207,,59.5307
101207,,60.0981
101207,,60.142
101207,,60.3704
101207,,61.3411
101207,,62.5419
101207,,62.2134
101207,,60.9026
101207,,60.7761
101207,,60.6195
101207,,59.7994
101207,,59.2953
101207,,59.3329
101207,,61.1057
101207,,62.904
101207,,62.5563
101207,,62.4314
101207,,61.8797
101207,,60.0835
101207,,61.1254
101207,,63.5567
101207,,63.1695
101207,,62.4167
101207,,62.3037
101207,,62.6026
101207,,61.5593
101207,,60.4098
101207,,59.338
101207,,59.8742
101207,,59.5818
101207,,60.7547
101207,,59.9554
101207,,57.7298
101207,,57.6614
101207,,59.2288
101207,,59.3128
101207,,58.0956
101207,,57.6284
101207,,56.8968
101207,,57.6401
101207,,58.7336
101207,,58.4195
101207,,56.7752
101207,,55.4485
101207,,54.5716
101207,,53.5175
101207,,53.7886
101207,,55.5041
101207,,56.2532
101207,,55.3108
101207,,58.3625
101207,,58.471
101207,,58.1929
101207,,59.0604
101207,,57.6876
101207,,57.2539
101207,,57.6018
101207,,58.4475
101207,,60.5563
101207,,59.3912
101207,,58.8358
101207,,56.8225
101207,,55.8867
101207,,52.4876
101207,,53.0186
101207,,54.4589
101207,,56.7268
101207,,57.619
101207,,59.0083
101207,,59.4906
101207,,59.8265
101207,,59.9835
101207,,59.9359
101207,,60.5645
101207,,60.1225
101207,,60.0354
101207,,58.9834
101207,,60.5768
101207,,58.7767
101207,,59.3214
101207,,59.653
101207,,60.6656
101207,,60.6944
101207,,59.2329
101207,,59.1991
101207,,60.0839
101207,,60.5889
101207,,60.5018
101207,,58.9888
101207,,58.094
101207,,57.8925
101207,,58.4847
101207,,57.8996
101207,,57.5917
101207,,57.6624
101207,,59.224
101207,,59.8924
101207,,59.2195
101207,,59.4131
101207,,61.0317
101207,,61.6797
101207,,60.1991
101207,,59.3895
101207,,59.2403
101207,,57.9501
101207,,59.1746
101207,,57.607
101207,,56.071
101207,,56.5058
101207,,55.4642
101207,,55.0764
101207,,55.1793
101207,,55.818
101207,,55.6726
101207,,57.3046
101207,,57.3542
101207,,61.0786
101207,,60.3587
101207,,62.4044
101207,,61.2857
101207,,60.7093
101207,,60.6727
101207,,60.668
101207,,61.089
101207,,60.6923
101207,,61.1729
101207,,62.3378
101207,,63.6493
101207,,63.4371
101207,,58.0903
101207,,59.0502
101207,,58.6456
101207,,57.6026
101207,,58.7301
101207,,58.8636
101207,,60.692
101207,,60.3003
101207,,59.9316
101207,,60.9407
101207,,61.9735
101207,,62.1777
101207,,66.5758
101207,,67.7806
101207,,68.2547
101207,,68.7236
101207,,69.6038
101207,,69.0456
101207,,68.5038
101207,,68.9421
101207,,71.1442
101207,,69.4994
101207,,67.3723
101207,,67.1516
101207,,68.3103
101207,,68.4253
101207,,67.2354
101207,,67.4561
101207,,68.3677
101207,,66.5418
101207,,66.3589
101207,,65.2965
101207,,64.0613
101207,,64.6599
101207,,64.2905
101207,,64.2021
101207,,63.5841
101207,,64.0117
101207,,64.7557
101207,,61.8537
101207,,61.8308
101207,,62.6592
101207,,62.2751
101207,,62.8797
101207,,62.4486
101207,,61.4011
101207,,60.9314
101207,,59.4501
101207,,61.2015
101207,,61.3926
101207,,60.6813
101207,,60.3741
101207,,57.5204
101207,,58.5407
101207,,58.2393
101207,,58.6102
101207,,59.5727
101207,,58.119
101207,,59.8853
101207,,61.04
101207,,61.5898
101207,,62.5472
101207,,63.5666
101207,,63.916
101207,,65.4271
101207,,65.0191
101207,,63.893
101207,,63.0028
101207,,64.1695
101207,,63.8038
101207,,64.1316
101207,,65.5298
101207,,64.6469
101207,,64.7116
101207,,64.2649
101207,,64.0459
101207,,66.3158
101207,,66.8529
101207,,70.1477
101207,,73.1493
101207,,73.9135
101207,,73.9987
101207,,73.4416
101207,,72.7512
101207,,72.8728
101207,,71.8754
101207,,72.7123
101207,,72.0395
101207,,73.2527
101207,,74.46
101207,,74.46
101207,,75.2092
101207,,75.513
101207,,75.6531
101207,,76.5453
101207,,76.7236
101207,,78.2919
101207,,78.5011
101207,,80.3517
101207,,79.1901
101207,,79.1001
101207,,78.4328
101207,,78.9833
101207,,78.7061
101207,,78.4906
101207,,69.5458
101207,,68.8738
101207,,70.659
101207,,71.6717
101207,,70.046
101207,,69.794
101207,,71.5554
101207,,70.8353
101207,,70.8382
101207,,72.4853
101207,,71.9336
101207,,73.281
101207,,72.3014
101207,,71.119
101207,,71.4292
101207,,73.2104
101207,,74.1142
101207,,73.6265
101207,,72.0799
101207,,72.8141
101207,,71.8249
101207,,70.5614
101207,,72.1017
101207,,73.163
101207,,73.673
101207,,72.3132
101207,,74.4448
101207,,75.727
101207,,76.9989
101207,,78.0266
101207,,78.9298
101207,,78.9259
101207,,77.7936
101207,,77.8025
101207,,76.449
101207,,76.4872
101207,,77.4913
101207,,79.6858
101207,,78.4007
101207,,78.1603
101207,,73.4175
101207,,73.5569
101207,,75.1994
101207,,75.7212
101207,,76.3594
101207,,75.8589
101207,,75.1669
101207,,73.6951
101207,,73.0645
101207,,72.806
101207,,73.2662
101207,,73.2878
101207,,72.9313
101207,,73.3991
101207,,72.0051
101207,,71.9669
101207,,71.8107
101207,,73.0561
101207,,70.8299
101207,,69.7202
101207,,71.7279
101207,,69.0945
101207,,70.0475
101207,,69.3397
101207,,69.6792
101207,,71.3102
101207,,76.3919
101207,,74.5809
101207,,74.2458
101207,,74.6412
101207,,74.42
101207,,74.5782
101207,,74.991
101207,,74.4366
101207,,74.275
101207,,72.97
101207,,72.4862
101207,,70.826
101207,,71.018
101207,,70.8641
101207,,72.2323
101207,,71.7079
101207,,70.2805
101207,,68.6713
101207,,70.3061
101207,,71.4069
101207,,72.2113
101207,,71.7797
101207,,70.3499
101207,,70.099
101207,,70.0571
101207,,68.8798
101207,,66.2645
101207,,66.2072
101207,,65.626
101207,,66.705
101207,,66.3199
101207,,66.2871
101207,,64.8827
101207,,65.2203
101207,,64.6526
101207,,64.2249
101207,,63.4367
101207,,63.3682
101207,,61.4508
101207,,62.1689
101207,,63.8634
101207,,65.0134
101207,,65.5461
101207,,65.1391
101207,,65.3885
101207,,64.5917
101207,,66.789
101207,,66.7412
101207,,66.8271
101207,,67.2975
101207,,66.2131
101207,,67.6645
101207,,66.6388
101207,,61.4914
101207,,61.08
101207,,60.2012
101207,,59.2528
101207,,59.4506
101207,,60.3548
101207,,60.8482
101207,,59.2663
101207,,59.8959
101207,,60.6819
101207,,62.0827
101207,,61.2143
101207,,60.8829
101207,,59.8255
101207,,60.2034
101207,,60.2269
101207,,59.0472
101207,,58.6173
101207,,57.9187
101207,,57.3864
101207,,59.7665
101207,,59.5343
101207,,58.765
101207,,60.7192
101207,,61.6284
101207,,62.3903
101207,,61.6309
101207,,63.8669
101207,,63.7625
101207,,63.0196
101207,,63.0337
101207,,64.5386
101207,,65.9617
101207,,65.2396
101207,,66.6219
101207,,67.4842
101207,,68.2202
101207,,68.7458
101207,,67.805
101207,,66.1868
101207,,65.9951
101207,,65.3491
101207,,65.387
101207,,64.4604
101207,,64.29
101207,,65.1092
101207,,64.0098
101207,,63.5762
101207,,64.1532
101207,,62.1423
101207,,64.0409
101207,,65.1607
101207,,63.4137
101207,,64.2267
101207,,64.8964
101207,,66.1923
101207,,65.1955
101207,,66.5862
101207,,66.3672
101207,,66.7762
101207,,66.6701
101207,,64.7838
101207,,65.8254
101207,,64.0168
101207,,63.1048
101207,,62.7111
101207,,57.1451
101207,,56.0872
101207,,56.9355
101207,,56.6349
101207,,58.9807
101207,,59.9379
101207,,59.8674
101207,,60.469
101207,,58.5624
101207,,59.5086
101207,,58.7961
101207,,58.889
101207,,59.348
101207,,59.0827
101207,,58.3258
101207,,58.5157
101207,,58.8343
101207,,60.1054
101207,,62.1587
101207,,63.6771
101207,,61.9841
101207,,61.5901
101207,,61.9707
101207,,61.6351
101207,,54.3227
101207,,55.3629
101207,,55.3133
101207,,55.7409
101207,,54.7139
101207,,54.7153
101207,,54.646
101207,,54.013
101207,,54.0167
101207,,52.4766
101207,,52.8865
101207,,52.6007
101207,,52.4339
101207,,53.1884
101207,,53.5624
101207,,52.0185
101207,,52.4337
101207,,52.7833
101207,,53.4175
101207,,53.7726
101207,,53.0101
101207,,52.8752
101207,,54.3271
101207,,53.4341
101207,,53.7534
101207,,54.7847
101207,,53.9836
101208,,311.2251
101208,,311.2987
101208,,311.4234
101208,,311.6626
101208,,311.782
101208,,312.0623
101208,,312.1875
101208,,312.1926
101208,,312.4983
101208,,312.5666
101208,,312.5434
101208,,312.8529
101208,,312.8614
101208,,313.5716
101208,,313.6968
101208,,313.7729
101208,,313.9293
101208,,314.1704
101208,,314.0065
101208,,314.1949
101208,,314.4291
101208,,314.5599
101208,,314.5739
101208,,314.5408
101208,,315.8182
101208,,315.9623
101208,,316.1213
101208,,316.2804
101208,,316.2929
101208,,316.3613
101208,,316.4539
101208,,316.7294
101208,,316.6957
101208,,316.7047
101208,,316.7502
101208,,316.7647
101208,,316.7008
101208,,316.5128
101208,,317.601
101208,,317.7032
101208,,317.837
101208,,317.9561
101208,,318.0214
101208,,318.0629
101208,,318.2575
101208,,318.2097
101208,,318.4409
101208,,318.4954
101208,,318.4458
101208,,318.4732
101208,,318.4676
101208,,319.2114
101208,,319.2984
101208,,319.3157
101208,,319.3057
101208,,319.4093
101208,,319.6198
101208,,319.6792
101208,,319.6911
101208,,319.7478
101208,,319.7737
101208,,319.789
101208,,319.7261
101208,,319.784
101208,,319.8523
101208,,319.8639
101208,,319.8528
101208,,319.9733
101208,,319.9914
101208,,320.0265
101208,,320.24
101208,,320.2298
101208,,320.4704
101208,,320.518
101208,,320.4859
101208,,320.5127
101208,,320.6023
101208,,320.8118
101208,,321.4051
101208,,321.4711
101208,,321.667
101208,,321.9441
101208,,321.9598
101208,,321.91
101208,,322.0758
101208,,322.4243
101208,,322.6199
101208,,322.6271
101208,,323.0012
101208,,323.1545
101208,,323.1573
101208,,324.076
101208,,324.0828
101208,,324.0893
101208,,323.9038
101208,,323.9059
101208,,324.1211
101208,,324.2897
101208,,324.3538
101208,,324.2933
101208,,324.461
101208,,324.6786
101208,,324.8681
101208,,324.8528
101208,,325.5115
101208,,325.4698
101208,,325.4697
101208,,325.603
101208,,325.7585
101208,,325.8651
101208,,326.0464
101208,,325.9604
101208,,325.9966
101208,,326.2679
101208,,326.484
101208,,326.6334
101208,,326.7017
101208,,326.8925
101208,,327.4872
101208,,327.5006
101208,,327.5504
101208,,327.6343
101208,,327.8549
101208,,327.9467
101208,,327.8071
101208,,327.7647
101208,,328.1341
101208,,328.2327
101208,,328.4157
101208,,328.4686
101208,,328.4494
101208,,329.3602
101208,,329.248
101208,,329.4596
101208,,329.6347
101208,,329.6741
101208,,329.7653
101208,,329.8268
101208,,330.0812
101208,,330.0584
101208,,330.0791
101208,,330.0897
101208,,330.2071
101208,,330.2982
101208,,331.4847
101208,,331.7824
101208,,331.8386
101208,,331.9502
101208,,332.0596
101208,,332.1347
101208,,332.2995
101208,,332.395
101208,,332.5312
101208,,332.6394
101208,,332.6618
101208,,332.7195
101208,,332.8635
101208,,333.0072
101208,,334.0049
101208,,334.0414
101208,,333.9688
101208,,334.0511
101208,,334.0168
101208,,334.1197
101208,,334.2342
101208,,334.3618
101208,,334.4946
101208,,334.7423
101208,,334.7433
101208,,334.7497
101208,,334.9052
101208,,335.9695
101208,,336.1263
101208,,336.1564
101208,,336.1363
101208,,336.2075
101208,,336.0421
101208,,336.1374
101208,,336.1809
101208,,336.3589
101208,,336.2353
101208,,336.3227
101208,,336.5765
101208,,337.0193
101208,,337.0708
101208,,337.1114
101208,,337.3473
101208,,337.3702
101208,,337.429
101208,,337.5076
101208,,337.5319
101208,,337.6955
101208,,337.5707
101208,,337.7787
101208,,337.8646
101208,,338.0903
101208,,337.885
101208,,337.713
101208,,338.6551
101208,,338.7365
101208,,338.7146
101208,,338.7183
101208,,338.8605
101208,,338.8985
101208,,338.9072
101208,,339.0426
101208,,339.1707
101208,,339.2351
101208,,339.3067
101208,,339.4387
101208,,340.3241
101208,,340.4112
101208,,340.532
101208,,340.6337
101208,,340.7203
101208,,340.7939
101208,,341.0007
101208,,340.9961
101208,,341.0655
101208,,341.2697
101208,,341.2705
101208,,341.2768
101208,,341.4438
101208,,341.963
101208,,342.2461
101208,,342.3267
101208,,342.6254
101208,,342.6254
101208,,342.666
101208,,342.8852
101208,,342.8196
101208,,342.8325
101208,,342.9744
101208,,342.9528
101208,,343.0977
101208,,343.2046
101208,,343.1295
101208,,343.8955
101208,,344.1191
101208,,344.3859
101208,,344.5053
101208,,344.5503
101208,,344.6069
101208,,344.6556
101208,,344.7715
101208,,344.9078
101208,,345.1307
101208,,345.2219
101208,,345.1584
101208,,345.2031
101208,,346.1168
101208,,346.1953
101208,,346.1393
101208,,346.1948
101208,,346.2772
101208,,346.1091
101208,,346.3498
101208,,346.3041
101208,,346.3731
101208,,346.5207
101208,,346.753
101208,,346.7559
101208,,346.5714
101208,,346.7786
101208,,346.5356
101208,,346.6154
101208,,346.7378
101208,,346.8764
101208,,346.7821
101208,,346.7312
101208,,346.9038
101208,,347.16
101208,,347.1437
101208,,347.2616
101208,,347.4395
101208,,347.5551
101208,,347.6175
101208,,348.6303
101208,,348.6197
101208,,348.5773
101208,,348.7224
101208,,348.754
101208,,348.8061
101208,,348.6841
101208,,348.8799
101208,,349.0275
101208,,349.1954
101208,,349.3281
101208,,349.2514
101208,,349.3667
101208,,350.3499
101208,,350.4105
101208,,350.6012
101208,,350.8931
101208,,350.8934
101208,,350.7634
101208,,350.7952
101208,,350.9856
101208,,351.3054
101208,,351.5411
101208,,351.7741
101208,,351.7707
101208,,351.7705
101208,,351.7145
101208,,352.4791
101208,,352.6724
101208,,352.7163
101208,,352.903
101208,,352.9928
101208,,353.117
101208,,353.13
101208,,353.1827
101208,,353.3453
101208,,353.4218
101208,,353.39
101208,,353.4935
101208,,353.6277
101208,,354.9705
101208,,355.0151
101208,,354.8906
101208,,354.8477
101208,,354.9354
101208,,355.0694
101208,,355.2159
101208,,355.2202
101208,,355.2569
101208,,355.3184
101208,,355.3674
101208,,355.5361
101208,,355.4813
101208,,355.9059
101208,,356.0091
101208,,356.1275
101208,,356.1912
101208,,356.2605
101208,,356.586
101208,,356.7073
101208,,356.8385
101208,,356.8018
101208,,356.94
101208,,357.1061
101208,,357.3232
101208,,357.4863
101208,,358.5661
101208,,358.6066
101208,,358.6979
101208,,358.7144
101208,,358.7019
101208,,358.6005
101208,,358.6578
101208,,358.8514
101208,,359.0314
101208,,359.039
101208,,359.1565
101208,,359.4028
101208,,359.3235
101208,,360.284
101208,,360.3237
101208,,360.4746
101208,,360.4344
101208,,360.4803
101208,,360.5775
101208,,360.5684
101208,,360.6862
101208,,360.6492
101208,,360.7728
101208,,361.0639
101208,,361.0141
101208,,361.6028
101208,,361.7742
101208,,361.9022
101208,,361.8213
101208,,361.8047
101208,,361.5826
101208,,361.5203
101208,,361.5779
101208,,361.5509
101208,,361.5495
101208,,361.8012
101208,,362.0118
101208,,362.0259
101208,,362.2099
101208,,362.442
101208,,363.4449
101208,,363.4526
101208,,363.6639
101208,,363.7875
101208,,364.1234
101208,,364.1185
101208,,364.1529
101208,,364.3756
101208,,364.3228
101208,,364.5682
101208,,364.5236
101208,,364.6878
101208,,365.2628
101208,,365.3538
101208,,365.308
101208,,365.4479
101208,,365.6432
101208,,365.8012
101208,,365.9697
101208,,365.8423
101208,,365.8834
101208,,365.9517
101208,,366.2138
101208,,366.2412
101208,,366.0702
101208,,366.4777
101208,,366.5169
101208,,366.6725
101208,,366.6507
101208,,366.8118
101208,,366.8508
101208,,366.8767
101208,,366.9612
101208,,366.9299
101208,,367.0025
101208,,367.1364
101208,,366.9642
101208,,367.185
101208,,367.3742
101208,,368.1493
101208,,368.4291
101208,,368.5386
101208,,368.682
101208,,368.7681
101208,,368.7243
101208,,368.5501
101208,,368.649
101208,,368.5801
101208,,368.7159
101208,,368.8283
101208,,368.9379
101208,,369.7617
101208,,369.983
101208,,370.1646
101208,,370.3244
101208,,370.5656
101208,,370.6329
101208,,370.7779
101208,,370.7787
101208,,370.8564
101208,,371.0047
101208,,370.7405
101208,,370.7637
101208,,370.8786
101208,,370.9652
101208,,371.8991
101208,,372.0002
101208,,372.1583
101208,,372.31
101208,,372.3687
101208,,372.5252
101208,,372.5081
101208,,372.6505
101208,,372.7379
101208,,372.7917
101208,,372.7415
101208,,372.8531
101208,,372.9538
101208,,373.5869
101208,,373.6029
101208,,373.8309
101208,,373.9481
101208,,374.1208
101208,,374.4364
101208,,374.3164
101208,,374.5187
101208,,374.6041
101208,,374.5887
101208,,374.6735
101208,,374.9698
101208,,375.2243
101208,,375.2453
101208,,375.1934
101208,,375.1805
101208,,375.1873
101208,,375.1846
101208,,375.402
101208,,375.3916
101208,,375.6571
101208,,375.6968
101208,,375.8457
101208,,375.9984
101208,,375.9891
101208,,376.0472
101208,,376.0846
101208,,376.2258
101208,,377.2176
101208,,377.1099
101208,,377.1701
101208,,377.3948
101208,,377.6389
101208,,377.5128
101208,,377.6894
101208,,377.5269
101208,,377.679
101208,,377.8239
101208,,377.7162
101208,,377.9327
101208,,378.8476
101208,,378.8793
101208,,378.9411
101208,,378.9745
101208,,379.0135
101208,,379.0196
101208,,379.0265
101208,,378.8855
101208,,378.9565
101208,,378.8208
101208,,379.0082
101208,,379.0391
101208,,379.1226
101208,,379.7744
101208,,379.9446
101208,,379.9203
101208,,380.0272
101208,,379.9772
101208,,380.091
101208,,380.1866
101208,,380.1526
101208,,380.088
101208,,380.2759
101208,,380.3198
101208,,380.5392
101208,,380.5722
101208,,381.765
101208,,381.6069
101208,,381.5716
101208,,381.5362
101208,,381.6886
101208,,381.7311
101208,,381.776
101208,,381.8064
101208,,382.0817
101208,,382.1857
101208,,382.3081
101208,,382.3321
101208,,382.4272
101208,,382.4083
101208,,383.7214
101208,,383.8338
101208,,383.9934
101208,,384.1648
101208,,384.2854
101208,,384.4046
101208,,384.5044
101208,,384.6197
101208,,384.5707
101208,,384.6413
101208,,384.5644
101208,,384.6034
101208,,385.3337
101208,,385.4785
101208,,385.5421
101208,,385.7094
101208,,385.7279
101208,,385.791
101208,,385.8003
101208,,386.0102
101208,,386.2047
101208,,386.3001
101208,,386.6105
101208,,386.7605
101208,,386.9037
101208,,387.0338
101208,,387.6832
101208,,387.7852
101208,,387.7137
101208,,387.5377
101208,,387.5227
101208,,387.5578
101208,,387.5139
101208,,387.6071
101208,,387.8402
101208,,388.029
101208,,388.1861
101208,,388.4068
101208,,388.3938
101208,,389.6242
101208,,389.4725
101208,,389.5448
101208,,389.9489
101208,,390.0798
101208,,390.2547
101208,,390.2762
101208,,390.4068
101208,,390.506
101208,,390.7444
101208,,390.9791
101208,,391.1301
101208,,391.7306
101208,,391.7311
101208,,391.6376
101208,,391.6777
101208,,391.7157
101208,,391.9797
101208,,392.1878
101208,,392.1978
101208,,392.4718
101208,,392.5885
101208,,392.821
101208,,393.0866
101208,,393.1555
101208,,393.3277
101208,,393.3788
101208,,394.3194
101208,,394.537
101208,,394.7594
101208,,394.7699
101208,,394.8922
101208,,394.9705
101208,,395.1582
101208,,395.5352
101208,,395.7255
101208,,395.7441
101208,,395.8364
101208,,396.1134
101208,,397.3941
101208,,397.383
101208,,397.7961
101208,,397.9184
101208,,398.0899
101208,,398.1652
101208,,398.374
101208,,398.3138
101208,,398.1976
101208,,398.2965
101208,,398.6571
101208,,398.9117
101208,,398.913
101208,,399.5629
101208,,399.5263
101208,,399.6636
101208,,399.6514
101208,,400.0389
101208,,400.0749
101208,,400.144
101208,,400.2848
101208,,400.1979
101208,,400.3653
101208,,400.5116
101208,,400.5709
101208,,400.7088
101208,,400.8662
101208,,401.9555
101208,,402.0915
101208,,402.2551
101208,,402.3842
101208,,402.3175
101208,,402.4431
101208,,402.7821
101208,,402.9165
101208,,403.0379
101208,,403.34
101208,,403.3493
101208,,404.5014
101208,,404.5665
101208,,404.6881
101208,,404.5323
101208,,404.5278
101208,,404.7187
101208,,404.7274
101208,,404.6658
101208,,404.9055
101208,,405.0758
101208,,405.0414
101208,,405.1635
101208,,405.1333
101208,,406.2593
101208,,406.3524
101208,,406.3375
101208,,406.461
101208,,406.6613
101208,,406.8319
101208,,406.7978
101208,,406.9999
101208,,407.0971
101208,,407.2664
101208,,407.2686
101208,,407.5079
101208,,407.6365
101208,,407.8944
101208,,408.88
101208,,409.0995
101208,,409.0614
101208,,409.1753
101208,,409.022
101208,,409.232
101208,,409.2939
101208,,409.2441
101208,,409.3925
101208,,409.4504
101208,,409.7188
101208,,409.7093
101208,,410.1021
102885,,91.1336
102885,,92.0324
102885,,92.3366
102885,,92.0699
102885,,90.9614
102885,,91.333
102885,,91.2579
102885,,91.4219
102885,,90.2894
102885,,90.0268
102885,,90.4282
102885,,91.8759
102885,,91.7689
102885,,91.9516
102885,,92.6802
102885,,92.3449
102885,,93.0008
102885,,93.3844
102885,,92.1605
102885,,92.4307
102885,,90.48
102885,,89.8654
102885,,90.2534
102885,,90.2921
102885,,86.7068
102885,,86.6075
102885,,87.3009
102885,,85.5917
102885,,86.4189
102885,,85.5548
102885,,84.8501
102885,,84.4055
102885,,85.2019
102885,,84.6273
102885,,84.2174
102885,,83.5999
102885,,83.8182
102885,,84.3737
102885,,89.1271
102885,,88.7096
102885,,87.0724
102885,,87.5263
102885,,88.5395
102885,,88.9901
102885,,89.0309
102885,,89.0865
102885,,89.2583
102885,,89.408
102885,,89.4097
102885,,89.4744
102885,,90.6679
102885,,92.851
102885,,91.9353
102885,,92.2777
102885,,93.3686
102885,,93.237
102885,,93.5252
102885,,94.1349
102885,,93.1705
102885,,93.3346
102885,,94.3607
102885,,93.9519
102885,,94.6434
102885,,94.7133
102885,,93.1671
102885,,93.6217
102885,,92.7965
102885,,92.6527
102885,,91.2144
102885,,91.1403
102885,,91.2998
102885,,91.7741
102885,,91.9374
102885,,92.3987
102885,,92.4958
102885,,92.033
102885,,91.2428
102885,,91.0935
102885,,91.2794
102885,,91.7025
102885,,93.6061
102885,,92.8988
102885,,92.9786
102885,,92.1201
102885,,92.1518
102885,,91.6918
102885,,91.6491
102885,,91.8131
102885,,91.4931
102885,,90.2128
102885,,91.3192
102885,,93.2718
102885,,92.6167
102885,,93.5944
102885,,95.0413
102885,,96.0226
102885,,96.594
102885,,96.2904
102885,,96.5625
102885,,95.5532
102885,,94.9929
102885,,94.4903
102885,,94.587
102885,,94.3324
102885,,96.8348
102885,,97.2138
102885,,96.1393
102885,,95.341
102885,,94.7485
102885,,95.0762
102885,,94.1249
102885,,94.4341
102885,,94.6877
102885,,93.2466
102885,,92.4675
102885,,93.3095
102885,,93.8923
102885,,93.2888
102885,,95.6866
102885,,96.1295
102885,,96.181
102885,,96.2527
102885,,95.4811
102885,,95.2321
102885,,95.3212
102885,,96.4558
102885,,96.1663
102885,,97.0569
102885,,97.0419
102885,,98.0858
102885,,98.6818
102885,,103.9308
102885,,104.6928
102885,,103.8415
102885,,104.8545
102885,,106.6238
102885,,105.4187
102885,,105.4297
102885,,104.5686
102885,,103.1522
102885,,103.1156
102885,,103.7068
102885,,104.4034
102885,,104.589
102885,,101.3552
102885,,101.086
102885,,100.0097
102885,,101.1855
102885,,103.0758
102885,,103.6002
102885,,104.2766
102885,,104.1947
102885,,102.8751
102885,,102.2192
102885,,101.8829
102885,,101.6144
102885,,101.1558
102885,,101.2476
102885,,101.9716
102885,,102.1656
102885,,102.3074
102885,,101.5062
102885,,102.6381
102885,,100.6154
102885,,100.4613
102885,,99.7576
102885,,99.9581
102885,,100.8459
102885,,99.742
102885,,101.7356
102885,,101.9565
102885,,100.276
102885,,101.2931
102885,,102.0803
102885,,102.9983
102885,,102.3594
102885,,102.2801
102885,,103.3704
102885,,102.3884
102885,,103.3935
102885,,102.9511
102885,,102.2854
102885,,102.3114
102885,,105.7617
102885,,106.2232
102885,,107.354
102885,,105.4804
102885,,105.1207
102885,,103.5864
102885,,104.2041
102885,,103.6257
102885,,106.2749
102885,,105.8797
102885,,106.0267
102885,,105.7325
102885,,105.3644
102885,,104.3482
102885,,103.3132
102885,,106.5423
102885,,106.3024
102885,,107.4746
102885,,106.8353
102885,,107.1277
102885,,107.1446
102885,,106.4201
102885,,106.7178
102885,,107.4235
102885,,106.6627
102885,,107.1206
102885,,105.2373
102885,,105.9239
102885,,106.5007
102885,,108.1487
102885,,109.2792
102885,,108.3292
102885,,107.3907
102885,,106.9758
102885,,107.1178
102885,,107.2154
102885,,108.3658
102885,,109.5778
102885,,109.6394
102885,,109.4916
102885,,111.3876
102885,,112.5012
102885,,113.932
102885,,112.7145
102885,,113.1471
102885,,113.6134
102885,,113.6032
102885,,112.8934
102885,,114.2959
102885,,113.805
102885,,111.8375
102885,,111.9136
102885,,111.7534
102885,,113.5251
102885,,114.988
102885,,114.0086
102885,,112.414
102885,,113.0219
102885,,112.3375
102885,,113.5508
102885,,113.617
102885,,113.235
102885,,111.0733
102885,,112.2486
102885,,112.5768
102885,,112.2222
102885,,111.4645
102885,,114.9808
102885,,113.7519
102885,,113.9177
102885,,112.6456
102885,,113.5228
102885,,113.975
102885,,113.1768
102885,,114.6668
102885,,115.0411
102885,,115.3129
102885,,115.2033
102885,,115.2552
102885,,114.955
102885,,114.3183
102885,,118.2638
102885,,117.5103
102885,,117.1134
102885,,118.499
102885,,120.5998
102885,,120.9785
102885,,120.4806
102885,,120.4195
102885,,119.7317
102885,,119.19
102885,,118.5552
102885,,118.5394
102885,,118.7178
102885,,120.0377
102885,,120.4443
102885,,121.0467
102885,,122.1894
102885,,121.8683
102885,,120.8239
102885,,120.1126
102885,,121.1276
102885,,123.2739
102885,,124.1832
102885,,122.9697
102885,,123.8425
102885,,122.9524
102885,,123.6109
102885,,123.8932
102885,,122.7187
102885,,121.9462
102885,,121.4976
102885,,123.0835
102885,,124.4732
102885,,125.4323
102885,,125.5312
102885,,125.7895
102885,,127.1665
102885,,127.965
102885,,128.0499
102885,,129.6853
102885,,127.7682
102885,,126.8419
102885,,126.4844
102885,,127.7951
102885,,127.5678
102885,,127.9002
102885,,128.4049
102885,,127.3988
102885,,128.9975
102885,,128.3633
102885,,130.0806
102885,,130.0133
102885,,129.7214
102885,,131.2354
102885,,131.1951
102885,,129.9823
102885,,130.0802
102885,,129.3777
102885,,128.7511
102885,,127.4185
102885,,128.6544
102885,,128.0083
102885,,127.4213
102885,,129.0951
102885,,129.7639
102885,,127.6855
102885,,128.9955
102885,,128.4011
102885,,128.6399
102885,,128.2382
102885,,127.7928
102885,,127.5545
102885,,129.1971
102885,,131.5747
102885,,131.1576
102885,,131.587
102885,,130.7509
102885,,131.6434
102885,,131.1984
102885,,132.5284
102885,,132.5332
102885,,131.8351
102885,,132.3856
102885,,130.5875
102885,,130.1039
102885,,130.1315
102885,,130.4264
102885,,130.3416
102885,,129.6707
102885,,130.7194
102885,,129.0298
102885,,128.8029
102885,,127.4001
102885,,127.2773
102885,,126.5425
102885,,127.8579
102885,,127.0138
102885,,128.0138
102885,,128.5712
102885,,128.2531
102885,,126.9231
102885,,128.2864
102885,,128.8797
102885,,128.1337
102885,,130.2259
102885,,129.5579
102885,,128.6361
102885,,126.9413
102885,,128.9434
102885,,129.569
102885,,129.081
102885,,129.1132
102885,,127.3038
102885,,128.5824
102885,,126.6111
102885,,127.2066
102885,,125.3705
102885,,125.0106
102885,,126.3545
102885,,126.5134
102885,,127.789
102885,,128.0535
102885,,128.7687
102885,,129.6762
102885,,130.3348
102885,,129.5389
102885,,129.3022
102885,,127.8402
102885,,127.5939
102885,,127.9973
102885,,128.7017
102885,,123.2275
102885,,123.6323
102885,,124.9419
102885,,124.9178
102885,,123.5111
102885,,122.3333
102885,,122.5853
102885,,123.6523
102885,,125.5694
102885,,124.4236
102885,,124.6303
102885,,123.6474
102885,,122.8042
102885,,126.1545
102885,,127.0877
102885,,126.5393
102885,,127.621
102885,,128.0375
102885,,127.7066
102885,,126.6476
102885,,126.4666
102885,,126.1975
102885,,127.1644
102885,,126.9883
102885,,125.0701
102885,,125.7986
102885,,127.2035
102885,,125.2632
102885,,126.8406
102885,,127.2963
102885,,128.4283
102885,,128.1249
102885,,128.2932
102885,,127.0767
102885,,127.0414
102885,,126.3328
102885,,126.2322
102885,,126.0607
102885,,125.8014
102885,,134.2893
102885,,134.6854
102885,,133.0376
102885,,133.2564
102885,,132.2435
102885,,132.2239
102885,,132.4995
102885,,132.1853
102885,,130.4886
102885,,129.292
102885,,129.845
102885,,129.3203
102885,,129.9827
102885,,130.0601
102885,,130.8624
102885,,129.4884
102885,,130.3276
102885,,129.9378
102885,,127.4958
102885,,128.2898
102885,,127.689
102885,,127.6452
102885,,128.4209
102885,,128.104
102885,,127.7793
102885,,130.4519
102885,,128.2374
102885,,129.6027
102885,,130.138
102885,,129.4237
102885,,129.8218
102885,,132.4872
102885,,133.1702
102885,,133.4048
102885,,131.9839
102885,,132.8378
102885,,133.859
102885,,134.2715
102885,,134.4664
102885,,137.693
102885,,141.1145
102885,,141.4424
102885,,141.6082
102885,,142.8077
102885,,142.1679
102885,,139.9306
102885,,139.6471
102885,,140.1745
102885,,141.3585
102885,,140.6312
102885,,141.3298
102885,,142.7234
102885,,143.6782
102885,,142.8246
102885,,142.101
102885,,140.4137
102885,,140.1087
102885,,139.0275
102885,,140.1744
102885,,139.2634
102885,,138.6837
102885,,139.0762
102885,,138.6319
102885,,141.4096
102885,,142.5648
102885,,142.6585
102885,,143.163
102885,,145.7038
102885,,146.3231
102885,,146.096
102885,,146.527
102885,,148.2715
102885,,149.3034
102885,,147.9644
102885,,148.7538
102885,,149.3851
102885,,150.8938
102885,,151.0123
102885,,150.6339
102885,,149.0325
102885,,152.6053
102885,,153.1114
102885,,154.6396
102885,,155.2029
102885,,154.9723
102885,,154.8422
102885,,158.377
102885,,158.566
102885,,159.4254
102885,,156.8893
102885,,155.9103
102885,,156.6548
102885,,154.677
102885,,156.1842
102885,,155.7776
102885,,157.0871
102885,,158.4693
102885,,159.6603
102885,,158.8637
102885,,157.4184
102885,,155.3312
102885,,154.5793
102885,,154.1939
102885,,153.912
102885,,153.9319
102885,,156.2127
102885,,155.8592
102885,,158.6831
102885,,160.1283
102885,,161.7418
102885,,160.9528
102885,,162.3109
102885,,162.0993
102885,,162.0456
102885,,162.3191
102885,,161.8972
102885,,161.4053
102885,,162.7961
102885,,160.8534
102885,,161.5783
102885,,161.2994
102885,,160.6441
102885,,158.9922
102885,,157.1801
102885,,157.7643
102885,,156.7232
102885,,157.5449
102885,,156.86
102885,,155.2623
102885,,154.8243
102885,,157.5839
102885,,157.5418
102885,,158.459
102885,,156.616
102885,,160.0956
102885,,158.9536
102885,,159.8347
102885,,157.3529
102885,,157.2747
102885,,157.8297
102885,,156.47
102885,,158.4844
102885,,159.1314
102885,,158.7999
102885,,159.434
102885,,158.7431
102885,,166.1543
102885,,164.9916
102885,,168.1443
102885,,166.1508
102885,,164.749
102885,,164.8924
102885,,165.0383
102885,,164.3948
102885,,165.3116
102885,,166.6232
102885,,166.6844
102885,,166.4042
102885,,162.8063
102885,,160.983
102885,,161.9866
102885,,161.4801
102885,,161.5386
102885,,160.7166
102885,,159.3111
102885,,161.2765
102885,,162.4414
102885,,163.3856
102885,,164.6907
102885,,165.4554
102885,,166.8257
102885,,166.0068
102885,,167.9769
102885,,170.7839
102885,,170.3327
102885,,168.7879
102885,,167.8376
102885,,168.816
102885,,169.9731
102885,,170.3896
102885,,169.7797
102885,,168.3391
102885,,168.5112
102885,,168.095
102885,,168.4728
102885,,175.4266
102885,,174.4848
102885,,174.3471
102885,,174.3614
102885,,175.988
102885,,175.0297
102885,,174.993
102885,,176.6312
102885,,177.0345
102885,,177.1102
102885,,177.548
102885,,176.0069
102885,,174.456
102885,,181.7829
102885,,180.8355
102885,,179.1911
102885,,178.7867
102885,,178.2126
102885,,178.3751
102885,,177.2291
102885,,177.8583
102885,,177.1227
102885,,179.0055
102885,,177.3543
102885,,177.2433
102885,,176.8491
102885,,177.2752
102885,,180.9972
102885,,181.6494
102885,,181.3096
102885,,180.9756
102885,,181.6258
102885,,182.3122
102885,,183.1053
102885,,182.0151
102885,,180.0068
102885,,181.29
102885,,180.2841
102885,,180.2836
102885,,178.6994
102885,,179.4101
102885,,180.2487
102885,,179.6451
102885,,179.396
102885,,181.3622
102885,,180.4268
102885,,180.9571
102885,,180.0367
102885,,181.7535
102885,,182.7856
102885,,180.7968
102885,,176.8508
102885,,174.4421
102885,,174.995
102885,,176.3625
102885,,180.6158
102885,,182.654
102885,,180.8149
102885,,180.8906
102885,,181.8636
102885,,180.9347
102885,,182.1881
102885,,183.3352
102885,,185.2979
102885,,186.6155
102885,,186.1339
102885,,185.9092
102885,,185.3465
102885,,185.921
102885,,182.5964
102885,,180.5181
102885,,180.4376
102885,,181.6966
102885,,181.9025
102885,,182.9999
102885,,183.3905
102885,,185.4129
102885,,187.7797
102886,,121.9075
102886,,122.2902
102886,,123.1684
102886,,124.0206
102886,,123.7548
102886,,123.4793
102886,,122.1352
102886,,121.1963
102886,,121.1957
102886,,121.5638
102886,,122.6851
102886,,123.6658
102886,,126.0772
102886,,130.0635
102886,,129.6583
102886,,129.0683
102886,,128.9277
102886,,131.8628
102886,,130.3166
102886,,130.7243
102886,,131.931
102886,,131.5714
102886,,132.3175
102886,,130.0437
102886,,134.4543
102886,,133.5072
102886,,130.9345
102886,,131.088
102886,,131.5718
102886,,131.5459
102886,,134.5117
102886,,134.3901
102886,,130.8572
102886,,130.309
102886,,131.1084
102886,,131.8059
102886,,131.6162
102886,,131.1666
102886,,127.1673
102886,,126.1377
102886,,124.982
102886,,127.248
102886,,127.5603
102886,,130.6956
102886,,130.779
102886,,129.0445
102886,,127.8885
102886,,129.5537
102886,,127.8936
102886,,128.8373
102886,,128.375
102886,,130.2732
102886,,127.248
102886,,127.5434
102886,,126.4934
102886,,126.7122
102886,,123.8484
102886,,123.8923
102886,,126.5223
102886,,126.6898
102886,,125.6052
102886,,125.6592
102886,,125.6473
102886,,129.0742
102886,,130.9093
102886,,128.1226
102886,,129.2284
102886,,127.9495
102886,,129.4097
102886,,128.7373
102886,,131.5131
102886,,129.3631
102886,,131.0451
102886,,132.5598
102886,,133.4879
102886,,131.8036
102886,,132.7337
102886,,133.0252
102886,,135.8968
102886,,135.4628
102886,,134.1513
102886,,129.4036
102886,,128.1868
102886,,129.3533
102886,,127.2969
102886,,125.5842
102886,,123.5292
102886,,123.922
102886,,122.6867
102886,,124.5758
102886,,125.7608
102886,,127.1224
102886,,124.2565
102886,,121.1029
102886,,118.3113
102886,,115.3935
102886,,117.3624
102886,,118.5528
102886,,116.943
102886,,116.8737
102886,,119.0224
102886,,119.8179
102886,,122.9718
102886,,122.8866
102886,,124.5802
102886,,123.5257
102886,,123.2332
102886,,124.016
102886,,122.9461
102886,,121.2258
102886,,120.6125
102886,,120.6228
102886,,122.6899
102886,,121.0798
102886,,121.4908
102886,,121.1696
102886,,120.921
102886,,123.2527
102886,,121.9201
102886,,123.5546
102886,,122.7646
102886,,123.4689
102886,,125.3015
102886,,124.8782
102886,,122.2565
102886,,121.7502
102886,,122.1087
102886,,123.6668
102886,,122.9807
102886,,125.6281
102886,,123.7737
102886,,124.9962
102886,,125.3624
102886,,124.8937
102886,,124.403
102886,,121.5607
102886,,122.2478
102886,,120.756
102886,,119.2332
102886,,117.1132
102886,,115.7202
102886,,116.4941
102886,,117.2039
102886,,118.2184
102886,,118.1686
102886,,115.9062
102886,,114.1285
102886,,116.4822
102886,,115.1527
102886,,117.8472
102886,,116.4299
102886,,114.883
102886,,116.1777
102886,,117.551
102886,,118.4155
102886,,119.4582
102886,,118.3974
102886,,119.6645
102886,,121.4991
102886,,121.7452
102886,,118.975
102886,,118.4843
102886,,118.0503
102886,,117.9057
102886,,117.245
102886,,118.2587
102886,,117.198
102886,,118.5615
102886,,119.5191
102886,,121.5631
102886,,124.1958
102886,,129.9735
102886,,128.8472
102886,,127.8804
102886,,127.3706
102886,,128.0063
102886,,128.8636
102886,,124.9586
102886,,124.6888
102886,,124.0495
102886,,126.2021
102886,,127.1856
102886,,126.9929
102886,,125.2125
102886,,125.8469
102886,,126.3669
102886,,126.4968
102886,,124.772
102886,,123.2889
102886,,122.272
102886,,122.0676
102886,,122.0896
102886,,121.9383
102886,,121.8539
102886,,124.7128
102886,,126.072
102886,,127.964
102886,,128.7639
102886,,129.1014
102886,,127.1845
102886,,126.458
102886,,126.3025
102886,,124.1283
102886,,124.1322
102886,,124.3178
102886,,125.5311
102886,,124.9354
102886,,125.4311
102886,,125.3725
102886,,124.8306
102886,,123.7595
102886,,122.1728
102886,,121.8388
102886,,122.4964
102886,,122.7598
102886,,125.0373
102886,,126.5462
102886,,128.5259
102886,,125.522
102886,,128.0036
102886,,128.4997
102886,,129.2173
102886,,130.6986
102886,,128.2763
102886,,130.4493
102886,,131.257
102886,,130.0039
102886,,128.9746
102886,,128.4634
102886,,127.9603
102886,,127.2602
102886,,125.6778
102886,,126.2005
102886,,125.5989
102886,,124.26
102886,,125.0685
102886,,126.4294
102886,,127.6101
102886,,126.7393
102886,,124.9677
102886,,125.9895
102886,,124.9491
102886,,125.4481
102886,,126.6615
102886,,128.5365
102886,,128.0803
102886,,128.6441
102886,,129.2597
102886,,131.3314
102886,,132.6583
102886,,132.9011
102886,,133.1352
102886,,132.4479
102886,,133.3367
102886,,132.8116
102886,,132.9474
102886,,132.9635
102886,,134.2442
102886,,134.5909
102886,,131.6392
102886,,129.5514
102886,,127.9674
102886,,128.7554
102886,,129.7039
102886,,131.0261
102886,,129.1904
102886,,130.6232
102886,,131.1027
102886,,131.7612
102886,,131.4106
102886,,130.984
102886,,131.8982
102886,,134.523
102886,,132.387
102886,,130.2063
102886,,130.71
102886,,130.2792
102886,,126.6056
102886,,126.1496
102886,,126.5513
102886,,124.2134
102886,,122.8872
102886,,121.2998
102886,,122.6666
102886,,126.1848
102886,,124.9457
102886,,124.6785
102886,,123.7314
102886,,124.1432
102886,,123.3256
102886,,119.8153
102886,,119.188
102886,,118.8896
102886,,119.3094
102886,,119.771
102886,,120.0172
102886,,119.2765
102886,,120.9104
102886,,123.2212
102886,,121.4174
102886,,121.7385
102886,,121.14
102886,,122.5721
102886,,122.6364
102886,,129.1827
102886,,130.3749
102886,,128.5276
102886,,128.8109
102886,,129.6309
102886,,129.5163
102886,,130.1928
102886,,130.1435
102886,,126.776
102886,,124.8866
102886,,126.4378
102886,,126.1536
102886,,126.5256
102886,,131.5778
102886,,131.4684
102886,,131.5482
102886,,130.6597
102886,,132.17
102886,,130.9321
102886,,131.5193
102886,,132.8041
102886,,135.1138
102886,,136.7867
102886,,137.82
102886,,136.8643
102886,,135.6747
102886,,130.0332
102886,,131.8288
102886,,133.0204
102886,,134.4078
102886,,135.4596
102886,,134.3245
102886,,133.2298
102886,,134.0429
102886,,136.6334
102886,,137.3587
102886,,139.0705
102886,,138.2912
102886,,140.2149
102886,,146.4294
102886,,146.306
102886,,148.5928
102886,,148.8119
102886,,148.9053
102886,,152.4276
102886,,150.0779
102886,,148.7677
102886,,149.6145
102886,,146.8413
102886,,146.2858
102886,,145.7165
102886,,147.503
102886,,141.1176
102886,,143.5788
102886,,146.1345
102886,,146.7422
102886,,146.4214
102886,,144.6795
102886,,146.6451
102886,,148.196
102886,,146.8583
102886,,145.7543
102886,,146.6525
102886,,144.7013
102886,,141.1499
102886,,141.6804
102886,,141.1346
102886,,139.8583
102886,,141.6216
102886,,142.5626
102886,,141.8193
102886,,143.4673
102886,,142.8
102886,,142.8947
102886,,141.9603
102886,,142.9667
102886,,141.3709
102886,,140.9617
102886,,139.956
102886,,143.2025
102886,,143.7145
102886,,141.8183
102886,,143.3539
102886,,143.5342
102886,,144.4415
102886,,144.3821
102886,,144.7046
102886,,143.2728
102886,,143.1074
102886,,142.4861
102886,,141.3832
102886,,144.5361
102886,,145.2202
102886,,142.5913
102886,,145.0684
102886,,145.6097
102886,,147.3863
102886,,149.4757
102886,,150.3168
102886,,146.4521
102886,,146.8102
102886,,147.2823
102886,,145.4769
102886,,142.49
102886,,151.7079
102886,,148.1514
102886,,149.8357
102886,,151.1418
102886,,150.965
102886,,150.3289
102886,,149.8928
102886,,150.5024
102886,,152.8083
102886,,151.9369
102886,,148.974
102886,,153.5742
102886,,154.9181
102886,,154.2985
102886,,160.9514
102886,,161.1491
102886,,163.5634
102886,,163.2603
102886,,163.365
102886,,164.0941
102886,,163.8552
102886,,161.2682
102886,,161.7912
102886,,162.3378
102886,,161.7389
102886,,161.592
102886,,158.0914
102886,,158.293
102886,,157.8638
102886,,158.7066
102886,,157.8793
102886,,154.6478
102886,,153.0433
102886,,151.2378
102886,,148.462
102886,,149.2205
102886,,149.0127
102886,,149.7463
102886,,150.7842
102886,,152.2583
102886,,158.3373
102886,,158.4089
102886,,157.6933
102886,,158.135
102886,,159.4237
102886,,158.7323
102886,,160.4359
102886,,161.9227
102886,,160.3338
102886,,158.602
102886,,159.5626
102886,,158.5514
102886,,156.685
102886,,160.0888
102886,,158.9382
102886,,160.3907
102886,,157.0177
102886,,160.4662
102886,,162.4978
102886,,161.2881
102886,,163.0079
102886,,165.7019
102886,,163.2759
102886,,162.2171
102886,,164.9631
102886,,165.2077
102886,,166.3034
102886,,164.0983
102886,,165.2295
102886,,165.726
102886,,161.9641
102886,,160.4866
102886,,161.1993
102886,,162.6198
102886,,161.5955
102886,,161.4194
102886,,159.8372
102886,,162.4997
102886,,162.9495
102886,,161.7616
102886,,159.6459
102886,,158.8423
102886,,156.5655
102886,,158.3536
102886,,157.4152
102886,,156.2845
102886,,155.0781
102886,,153.2402
102886,,153.8359
102886,,155.5975
102886,,154.361
102886,,151.095
102886,,149.3496
102886,,149.1299
102886,,148.191
102886,,149.4825
102886,,150.5718
102886,,150.5949
102886,,151.0162
102886,,152.3586
102886,,154.0819
102886,,152.6953
102886,,154.1718
102886,,157.3839
102886,,159.1618
102886,,162.2252
102886,,158.9609
102886,,158.6956
102886,,159.8949
102886,,157.8808
102886,,156.519
102886,,156.3638
102886,,154.2359
102886,,156.6307
102886,,155.2451
102886,,156.8188
102886,,155.2889
102886,,156.7089
102886,,153.8239
102886,,153.0477
102886,,151.9753
102886,,150.6316
102886,,153.8405
102886,,155.3892
102886,,152.7642
102886,,151.2732
102886,,152.9368
102886,,154.8247
102886,,152.382
102886,,153.7651
102886,,154.3578
102886,,150.9137
102886,,150.2885
102886,,147.9079
102886,,149.5586
102886,,152.037
102886,,151.2667
102886,,149.5609
102886,,151.1043
102886,,151.1769
102886,,152.6071
102886,,151.1059
102886,,152.3862
102886,,152.1696
102886,,151.4346
102886,,160.4882
102886,,163.4275
102886,,163.7671
102886,,161.7442
102886,,160.5982
102886,,161.6053
102886,,163.1213
102886,,161.2579
102886,,159.8981
102886,,158.9883
102886,,157.4601
102886,,154.0603
102886,,150.1231
102886,,149.5395
102886,,148.7209
102886,,149.4641
102886,,148.0625
102886,,148.2944
102886,,148.2836
102886,,150.8988
102886,,151.8952
102886,,150.6019
102886,,149.338
102886,,148.8441
102886,,146.1816
102886,,145.878
102886,,145.7257
102886,,151.5678
102886,,153.9377
102886,,155.3388
102886,,156.2991
102886,,157.1281
102886,,153.8736
102886,,152.0521
102886,,151.7507
102886,,152.0857
102886,,151.9618
102886,,152.5608
102886,,148.8685
102886,,145.2787
102886,,143.3842
102886,,143.3698
102886,,143.0396
102886,,143.1049
102886,,142.0759
102886,,139.9562
102886,,140.2805
102886,,140.0957
102886,,141.2646
102886,,140.1005
102886,,136.8448
102886,,132.7343
102886,,132.1872
102886,,132.4791
102886,,122.5591
102886,,122.708
102886,,123.2099
102886,,123.0509
102886,,125.1835
102886,,124.4081
102886,,126.4244
102886,,126.8385
102886,,127.0884
102886,,128.6016
102886,,127.7306
102886,,127.3142
102886,,132.9928
102886,,136.8426
102886,,138.2856
102886,,139.9016
102886,,139.0852
102886,,139.4408
102886,,139.3749
102886,,141.8387
102886,,141.6867
102886,,144.0548
102886,,141.9237
102886,,144.4171
102886,,143.0323
102886,,148.1889
102886,,146.6592
102886,,144.9531
102886,,143.2029
102886,,141.2341
102886,,139.5208
102886,,141.1689
102886,,142.2105
102886,,139.4469
102886,,138.6915
102886,,136.8751
102886,,138.3871
102886,,137.7372
102886,,135.3058
102886,,133.778
102886,,134.976
102886,,137.0473
102886,,139.1631
102886,,138.6219
102886,,139.2229
102886,,141.8211
102886,,144.5344
102886,,143.1236
102886,,144.239
102886,,145.0693
102886,,144.4902
102886,,142.2711
102886,,144.2524
102886,,144.0096
102886,,142.3539
102886,,141.4979
102886,,139.5363
102886,,138.6049
102886,,135.6304
102886,,135.602
102886,,136.6504
102886,,134.5551
102886,,134.6733
102886,,125.5546
102886,,128.1607
102886,,126.2875
102886,,124.5592
102886,,127.3498
102886,,127.9289
102886,,126.1078
102886,,125.9986
102886,,125.7284
102886,,123.2974
102886,,122.2659
102886,,122.3098
102886,,124.2616
102886,,124.0648
102886,,127.1058
102886,,126.7227
102886,,127.4907
102886,,127.9195
102886,,126.3782
102886,,125.9788
102886,,123.2233
102886,,123.4335
102886,,125.499
102886,,122.9135
102886,,123.1859
102886,,124.2593
102886,,125.564
102887,,182.7328
102887,,185.4671
102887,,183.3394
102887,,183.1781
102887,,183.272
102887,,182.7637
102887,,179.9862
102887,,178.9394
102887,,177.9039
102887,,179.1501
102887,,180.0164
102887,,177.3281
102887,,176.7427
102887,,178.4298
102887,,178.2914
102887,,178.1659
102887,,175.097
102887,,175.093
102887,,174.1809
102887,,171.4053
102887,,175.7383
102887,,176.3956
102887,,176.5239
102887,,175.9695
102887,,177.6891
102887,,179.7033
102887,,178.1234
102887,,179.8637
102887,,176.6237
102887,,176.8057
102887,,175.9403
102887,,173.5704
102887,,172.1167
102887,,171.1107
102887,,170.8737
102887,,170.0734
102887,,170.312
102887,,168.9935
102887,,172.9832
102887,,174.6645
102887,,173.165
102887,,169.7279
102887,,168.0556
102887,,170.5506
102887,,170.1448
102887,,170.7171
102887,,170.3478
102887,,171.4169
102887,,171.6412
102887,,171.6247
102887,,172.7925
102887,,171.0151
102887,,168.1349
102887,,169.1484
102887,,167.8261
102887,,168.8873
102887,,168.7813
102887,,166.4612
102887,,168.8568
102887,,170.2851
102887,,171.2528
102887,,170.2523
102887,,171.7521
102887,,169.6459
102887,,155.977
102887,,155.6541
102887,,154.6575
102887,,156.9455
102887,,156.6561
102887,,156.8419
102887,,158.1992
102887,,155.9342
102887,,155.9914
102887,,157.3361
102887,,157.285
102887,,155.3247
102887,,154.6633
102887,,155.0504
102887,,158.7604
102887,,161.1935
102887,,162.6371
102887,,163.0078
102887,,162.8217
102887,,163.739
102887,,162.9603
102887,,163.8786
102887,,162.8267
102887,,162.3435
102887,,160.7663
102887,,160.1506
102887,,159.1454
102887,,152.5478
102887,,153.0123
102887,,151.4717
102887,,151.7517
102887,,151.1944
102887,,151.1329
102887,,150.268
102887,,151.0984
102887,,153.7003
102887,,154.9968
102887,,157.2825
102887,,155.1667
102887,,154.2053
102887,,155.5702
102887,,155.6402
102887,,154.0392
102887,,155.6679
102887,,155.072
102887,,155.0509
102887,,156.7702
102887,,156.666
102887,,158.3159
102887,,156.7754
102887,,157.5548
102887,,158.9879
102887,,157.7575
102887,,157.5679
102887,,162.9515
102887,,166.5848
102887,,168.4231
102887,,168.587
102887,,169.0625
102887,,168.3827
102887,,169.1522
102887,,170.2677
102887,,171.5799
102887,,171.3697
102887,,168.9436
102887,,169.4566
102887,,170.7697
102887,,173.045
102887,,172.7932
102887,,173.9406
102887,,174.4569
102887,,175.1195
102887,,176.396
102887,,175.9774
102887,,174.4138
102887,,175.3541
102887,,175.2245
102887,,174.5388
102887,,175.5717
102887,,177.9526
102887,,177.2428
102887,,182.0367
102887,,182.5269
102887,,177.6491
102887,,175.7737
102887,,176.8242
102887,,175.786
102887,,174.8632
102887,,172.7956
102887,,172.0697
102887,,172.509
102887,,173.2843
102887,,171.6142
102887,,173.116
102887,,171.3539
102887,,169.8803
102887,,169.8897
102887,,168.3969
102887,,169.9811
102887,,172.7368
102887,,171.3737
102887,,171.4219
102887,,173.1174
102887,,173.2627
102887,,174.3498
102887,,174.5444
102887,,172.7979
102887,,176.5549
102887,,176.2065
102887,,175.6878
102887,,176.4022
102887,,172.7191
102887,,175.1982
102887,,178.6999
102887,,180.4631
102887,,181.322
102887,,181.0343
102887,,179.1896
102887,,181.4672
102887,,190.6846
102887,,190.742
102887,,190.819
102887,,193.6743
102887,,195.1197
102887,,196.6765
102887,,194.0016
102887,,194.9023
102887,,193.0517
102887,,192.2829
102887,,192.7382
102887,,192.7826
102887,,194.1736
102887,,195.8043
102887,,197.5979
102887,,193.045
102887,,192.5093
102887,,195.192
102887,,198.8217
102887,,197.0109
102887,,196.1615
102887,,194.249
102887,,196.6424
102887,,197.0751
102887,,197.2567
102887,,197.9967
102887,,197.4943
102887,,196.4742
102887,,193.172
102887,,196.3182
102887,,198.9025
102887,,197.2504
102887,,195.6285
102887,,192.8177
102887,,194.7325
102887,,194.2007
102887,,193.5271
102887,,191.4633
102887,,195.1082
102887,,193.3196
102887,,194.2368
102887,,195.8353
102887,,192.5135
102887,,191.1256
102887,,189.6725
102887,,187.6855
102887,,188.3346
102887,,188.2375
102887,,184.0728
102887,,187.9244
102887,,188.3702
102887,,188.4846
102887,,191.1037
102887,,193.1328
102887,,184.1751
102887,,184.0823
102887,,183.8168
102887,,183.0462
102887,,186.9845
102887,,188.2377
102887,,188.3692
102887,,183.3153
102887,,184.9575
102887,,190.7385
102887,,190.4909
102887,,189.0536
102887,,189.4778
102887,,183.3649
102887,,186.0187
102887,,188.3096
102887,,191.0942
102887,,192.7593
102887,,193.2745
102887,,191.6927
102887,,194.3877
102887,,195.1865
102887,,192.8614
102887,,191.2069
102887,,188.8993
102887,,185.1427
102887,,185.9798
102887,,179.7904
102887,,178.7657
102887,,177.6768
102887,,175.8596
102887,,176.5652
102887,,177.0725
102887,,177.3908
102887,,176.4566
102887,,175.2302
102887,,175.0465
102887,,176.8654
102887,,179.79
102887,,181.9235
102887,,184.9539
102887,,185.0861
102887,,183.4854
102887,,182.1619
102887,,179.1542
102887,,179.5025
102887,,176.4073
102887,,177.2149
102887,,179.765
102887,,180.836
102887,,181.0384
102887,,183.9695
102887,,184.6876
102887,,180.784
102887,,177.3709
102887,,174.8902
102887,,177.866
102887,,177.956
102887,,174.5747
102887,,176.7759
102887,,179.0963
102887,,181.437
102887,,180.7735
102887,,180.3918
102887,,180.7497
102887,,183.4294
102887,,182.515
102887,,182.8422
102887,,181.821
102887,,180.1483
102887,,180.7713
102887,,183.1123
102887,,183.5985
102887,,182.0109
102887,,183.6962
102887,,184.3564
102887,,185.3884
102887,,184.5303
102887,,186.7615
102887,,189.0099
102887,,193.6007
102887,,196.466
102887,,195.7819
102887,,196.6111
102887,,195.6015
102887,,194.5436
102887,,195.3314
102887,,195.9238
102887,,197.1403
102887,,197.4091
102887,,198.4549
102887,,201.9346
102887,,204.2249
102887,,211.4623
102887,,207.3464
102887,,211.7675
102887,,210.5046
102887,,211.0447
102887,,212.7244
102887,,215.8954
102887,,219.9922
102887,,219.3174
102887,,222.0952
102887,,222.6713
102887,,229.0501
102887,,231.7427
102887,,223.1074
102887,,227.2941
102887,,227.3022
102887,,229.9535
102887,,227.704
102887,,228.3157
102887,,227.8201
102887,,230.7007
102887,,229.5855
102887,,233.6381
102887,,233.0533
102887,,230.691
102887,,228.4299
102887,,215.1373
102887,,214.6251
102887,,217.3431
102887,,217.4427
102887,,221.5689
102887,,223.298
102887,,221.2645
102887,,225.7545
102887,,226.5229
102887,,230.9744
102887,,230.4929
102887,,231.2638
102887,,230.2199
102887,,231.5658
102887,,233.2974
102887,,234.3109
102887,,236.5273
102887,,235.234
102887,,235.9996
102887,,237.8077
102887,,241.2163
102887,,241.4666
102887,,241.0903
102887,,241.0996
102887,,238.3583
102887,,240.3575
102887,,236.9938
102887,,233.8634
102887,,237.0091
102887,,239.7293
102887,,239.855
102887,,238.2972
102887,,239.641
102887,,238.1325
102887,,242.6728
102887,,244.9504
102887,,245.6123
102887,,247.0318
102887,,247.6234
102887,,244.6633
102887,,247.4969
102887,,248.678
102887,,249.198
102887,,245.8267
102887,,247.4274
102887,,245.928
102887,,242.5462
102887,,243.746
102887,,240.8175
102887,,235.9354
102887,,239.1826
102887,,237.9762
102887,,228.5828
102887,,227.59
102887,,232.4108
102887,,229.5458
102887,,230.3365
102887,,233.9916
102887,,233.2477
102887,,231.6201
102887,,233.5569
102887,,236.073
102887,,234.3168
102887,,237.9372
102887,,238.2018
102887,,239.5689
102887,,258.664
102887,,258.9421
102887,,258.8482
102887,,263.0864
102887,,262.8827
102887,,265.3721
102887,,266.0508
102887,,268.6918
102887,,270.8248
102887,,269.8873
102887,,265.0753
102887,,260.7958
102887,,257.2271
102887,,257.1055
102887,,255.0598
102887,,255.7991
102887,,251.897
102887,,254.7697
102887,,252.4754
102887,,253.0177
102887,,253.99
102887,,257.1371
102887,,252.9673
102887,,252.289
102887,,253.8421
102887,,258.516
102887,,261.1999
102887,,262.8928
102887,,264.7832
102887,,263.6569
102887,,267.6492
102887,,266.8144
102887,,266.2477
102887,,266.3095
102887,,265.8164
102887,,269.4209
102887,,266.7656
102887,,264.9027
102887,,261.8966
102887,,262.7295
102887,,266.3057
102887,,264.9064
102887,,266.7682
102887,,265.3655
102887,,262.6074
102887,,264.5716
102887,,271.0679
102887,,272.719
102887,,271.7454
102887,,270.9515
102887,,276.3803
102887,,277.4018
102887,,288.0245
102887,,286.4347
102887,,289.4502
102887,,289.0292
102887,,290.6358
102887,,295.8741
102887,,297.7044
102887,,298.5751
102887,,297.199
102887,,297.1421
102887,,293.934
102887,,295.6939
102887,,289.573
102887,,292.5874
102887,,294.9286
102887,,298.2317
102887,,299.6177
102887,,296.8629
102887,,295.6925
102887,,296.2653
102887,,295.539
102887,,294.0017
102887,,293.3406
102887,,293.6458
102887,,300.7683
102887,,299.962
102887,,298.0983
102887,,309.0715
102887,,310.7342
102887,,311.0396
102887,,311.9352
102887,,309.4701
102887,,312.3208
102887,,305.0164
102887,,304.4238
102887,,304.2778
102887,,298.3181
102887,,299.6537
102887,,299.3089
102887,,301.1857
102887,,315.1999
102887,,313.8809
102887,,314.0225
102887,,310.5603
102887,,309.6702
102887,,306.924
102887,,304.4823
102887,,304.5014
102887,,302.8246
102887,,311.142
102887,,313.9612
102887,,317.6013
102887,,317.4355
102887,,331.1909
102887,,328.8715
102887,,326.4873
102887,,330.8111
102887,,338.0936
102887,,337.8008
102887,,342.1377
102887,,337.3199
102887,,334.6634
102887,,331.4724
102887,,333.0506
102887,,332.6483
102887,,333.6461
102887,,337.9722
102887,,337.4151
102887,,340.1991
102887,,347.401
102887,,346.2317
102887,,347.3826
102887,,351.5156
102887,,355.8058
102887,,353.791
102887,,353.007
102887,,351.3526
102887,,348.3806
102887,,353.7972
102887,,353.3764
102887,,361.36
102887,,358.5934
102887,,361.3824
102887,,360.7009
102887,,361.8073
102887,,365.4034
102887,,359.3383
102887,,356.3186
102887,,359.8086
102887,,360.3767
102887,,361.3621
102887,,364.1791
102887,,361.1433
102887,,386.4914
102887,,385.8557
102887,,395.2127
102887,,396.369
102887,,402.2353
102887,,400.7685
102887,,405.3462
102887,,403.36
102887,,404.9178
102887,,402.6887
102887,,410.7238
102887,,410.0534
102887,,405.7413
102887,,405.9419
102887,,413.7845
102887,,412.4444
102887,,419.3008
102887,,413.3871
102887,,415.5379
102887,,413.3005
102887,,415.5412
102887,,408.4911
102887,,403.4731
102887,,405.652
102887,,403.3244
102887,,398.1283
102887,,399.3211
102887,,399.1111
102887,,400.6975
102887,,403.3693
102887,,398.7745
102887,,395.2417
102887,,386.8878
102887,,385.6751
102887,,388.7811
102887,,394.9038
102887,,395.8983
102887,,401.655
102887,,403.4519
102887,,404.1296
102887,,406.7102
102887,,406.0734
102887,,407.0138
102887,,406.9693
102887,,405.1021
102887,,398.0419
102887,,395.0632
102887,,399.6024
102887,,396.3108
102887,,389.7434
102887,,385.8488
102887,,385.7337
102887,,395.5651
102887,,398.0266
102887,,399.8585
102887,,392.9279
102887,,390.5894
102887,,391.5723
102887,,397.5587
102887,,400.6038
102887,,398.57
102887,,395.9708
102887,,399.4051
102887,,389.9881
102887,,387.057
102887,,393.0098
102887,,393.5924
102887,,388.6055
102887,,384.8349
102887,,387.9792
102887,,390.4042
102887,,392.144
102887,,390.0648
102887,,393.3188
102887,,392.0852
102887,,397.499
102887,,394.7531
102887,,392.9024
102887,,392.5367
102887,,404.9537
102887,,402.7071
102887,,399.5523
102887,,400.9161
102887,,397.1606
102887,,393.1222
102887,,387.7005
102887,,384.9146
102887,,382.2438
102887,,377.5563
102887,,376.8293
102887,,373.3023
102887,,376.3731
102887,,372.3958
102887,,377.0582
102887,,374.5852
102887,,371.9852
102887,,376.543
102887,,379.5173
102887,,377.153
102887,,377.8623
102887,,375.3915
102887,,369.6333
102887,,370.5597
102887,,371.1329
102887,,373.0634
102887,,376.5981
102887,,383.9967
102887,,382.4585
102887,,383.4424
102887,,378.7937
102887,,381.5735
102887,,382.5083
102887,,382.0474
102887,,379.9009
102887,,378.7945
102887,,379.9239
102887,,376.4662
102887,,363.8985
102887,,361.2769
102887,,356.2797
102887,,358.9084
102887,,354.3561
102887,,357.8233
102887,,359.7288
102887,,359.6696
102887,,363.3097
102887,,375.0758
102887,,377.1098
102887,,373.0985
102887,,378.9657
148567,,76.1698
148567,,76.7804
148567,,77.9807
148567,,77.4808
148567,,78.1861
148567,,78.0248
148567,,78.1691
148567,,78.2668
148567,,78.7035
148567,,79.1132
148567,,78.7535
148567,,78.8809
148567,,77.3135
148567,,80.3215
148567,,80.4668
148567,,80.6315
148567,,81.199
148567,,81.1897
148567,,80.7403
148567,,81.1047
148567,,80.3427
148567,,80.3268
148567,,79.3976
148567,,79.0508
148567,,81.1373
148567,,79.3783
148567,,79.9509
148567,,80.4335
148567,,80.4712
148567,,81.0941
148567,,81.5676
148567,,81.1098
148567,,80.9945
148567,,80.3193
148567,,81.4037
148567,,82.1507
148567,,81.6052
148567,,82.0941
148567,,85.6382
148567,,85.5442
148567,,85.148
148567,,84.4992
148567,,82.0254
148567,,82.6013
148567,,81.4587
148567,,80.8707
148567,,81.1214
148567,,80.9335
148567,,82.5248
148567,,81.4756
148567,,83.1431
148567,,83.5341
148567,,84.2775
148567,,84.1621
148567,,84.5101
148567,,84.5467
148567,,84.6845
148567,,84.0681
148567,,83.245
148567,,83.1751
148567,,82.512
148567,,83.5754
148567,,82.6097
148567,,84.3735
148567,,87.2964
148567,,87.7567
148567,,87.0685
148567,,85.5301
148567,,85.7337
148567,,85.9487
148567,,87.4661
148567,,87.4219
148567,,87.7563
148567,,88.4055
148567,,88.8525
148567,,89.5625
148567,,88.9644
148567,,88.2472
148567,,86.5574
148567,,87.2636
148567,,87.45
148567,,87.8539
148567,,86.8505
148567,,87.8803
148567,,88.6097
148567,,88.6407
148567,,88.912
148567,,89.7479
148567,,89.5001
148567,,88.3048
148567,,88.0755
148567,,85.9047
148567,,87.3014
148567,,88.3011
148567,,88.4396
148567,,87.468
148567,,89.0817
148567,,88.9735
148567,,89.214
148567,,89.9808
148567,,88.4822
148567,,88.0296
148567,,88.0221
148567,,88.1691
148567,,90.5996
148567,,89.5568
148567,,91.2729
148567,,90.5263
148567,,92.575
148567,,92.973
148567,,92.5011
148567,,90.6369
148567,,91.307
148567,,90.1136
148567,,90.4446
148567,,92.0477
148567,,91.1758
148567,,91.8185
148567,,93.5959
148567,,93.8721
148567,,93.2415
148567,,92.074
148567,,91.2046
148567,,91.2121
148567,,91.541
148567,,92.4476
148567,,93.7073
148567,,93.9855
148567,,93.6672
148567,,94.5782
148567,,94.1154
148567,,96.1156
148567,,95.8774
148567,,95.3087
148567,,94.2634
148567,,95.0326
148567,,95.3681
148567,,96.0968
148567,,95.9107
148567,,96.7975
148567,,96.9134
148567,,96.5605
148567,,96.0675
148567,,94.4508
148567,,99.766
148567,,99.0138
148567,,99.6927
148567,,99.286
148567,,100.5214
148567,,101.05
148567,,99.7245
148567,,99.6606
148567,,98.0135
148567,,97.0632
148567,,96.1734
148567,,95.6806
148567,,95.5085
148567,,95.6965
148567,,98.1398
148567,,98.4394
148567,,99.2272
148567,,99.7236
148567,,100.3551
148567,,100.7991
148567,,99.9597
148567,,98.9839
148567,,98.727
148567,,100.1389
148567,,100.039
148567,,100.3643
148567,,98.6888
148567,,95.901
148567,,95.4997
148567,,95.1974
148567,,95.3817
148567,,94.4258
148567,,95.416
148567,,94.504
148567,,93.1235
148567,,93.9895
148567,,93.6764
148567,,93.783
148567,,94.3746
148567,,95.9664
148567,,97.3741
148567,,95.9894
148567,,94.8423
148567,,93.5032
148567,,94.5481
148567,,95.0273
148567,,93.9339
148567,,93.8805
148567,,93.906
148567,,92.1416
148567,,92.3423
148567,,91.4355
148567,,92.0546
148567,,91.1752
148567,,91.9646
148567,,90.776
148567,,91.1715
148567,,90.2735
148567,,91.56
148567,,91.7269
148567,,92.5703
148567,,93.4044
148567,,95.1809
148567,,95.3829
148567,,95.1044
148567,,94.8429
148567,,94.1817
148567,,94.154
148567,,94.0913
148567,,93.4576
148567,,93.2014
148567,,92.4131
148567,,93.1678
148567,,94.0688
148567,,95.5222
148567,,95.9381
148567,,95.7008
148567,,95.355
148567,,95.818
148567,,97.0135
148567,,96.9314
148567,,97.4129
148567,,97.1396
148567,,97.9213
148567,,97.6036
148567,,97.5466
148567,,96.4957
148567,,97.023
148567,,96.8446
148567,,98.2532
148567,,98.9169
148567,,99.0417
148567,,100.1693
148567,,99.7673
148567,,97.3422
148567,,97.8003
148567,,96.4431
148567,,96.054
148567,,96.8163
148567,,97.0305
148567,,96.548
148567,,95.2522
148567,,95.2109
148567,,95.9813
148567,,96.6262
148567,,98.2115
148567,,94.4449
148567,,95.3014
148567,,95.6413
148567,,96.3138
148567,,97.0156
148567,,97.0832
148567,,97.1569
148567,,94.745
148567,,94.2466
148567,,93.7865
148567,,93.7449
148567,,93.0268
148567,,93.8476
148567,,93.1689
148567,,92.1036
148567,,91.9402
148567,,92.1634
148567,,92.0362
148567,,91.9617
148567,,92.8373
148567,,93.1096
148567,,92.2169
148567,,92.1952
148567,,91.8058
148567,,92.2762
148567,,92.4077
148567,,93.3816
148567,,92.109
148567,,91.1247
148567,,90.7259
148567,,90.7085
148567,,90.4931
148567,,90.3755
148567,,91.7244
148567,,91.853
148567,,92.2107
148567,,90.6383
148567,,91.2836
148567,,93.657
148567,,94.824
148567,,95.1449
148567,,95.0362
148567,,95.3147
148567,,95.0159
148567,,95.2864
148567,,96.3524
148567,,96.7469
148567,,96.6659
148567,,96.6105
148567,,96.8315
148567,,96.1731
148567,,96.3992
148567,,97.033
148567,,97.1581
148567,,96.4505
148567,,97.8273
148567,,97.2836
148567,,97.5487
148567,,97.2533
148567,,98.7277
148567,,99.9207
148567,,100.1206
148567,,99.6266
148567,,96.6925
148567,,95.527
148567,,94.0276
148567,,92.8839
148567,,95.2907
148567,,95.2376
148567,,96.7774
148567,,96.5319
148567,,96.4588
148567,,96.2153
148567,,97.183
148567,,97.9335
148567,,98.2251
148567,,97.3685
148567,,97.1011
148567,,96.254
148567,,97.2942
148567,,99.7395
148567,,99.4107
148567,,100.5688
148567,,101.666
148567,,101.5492
148567,,101.5931
148567,,103.037
148567,,104.0569
148567,,105.2412
148567,,107.724
148567,,108.301
148567,,108.6685
148567,,110.0345
148567,,111.6435
148567,,111.1755
148567,,112.3469
148567,,111.7869
148567,,110.4687
148567,,111.253
148567,,111.1812
148567,,112.4201
148567,,113.3074
148567,,111.6314
148567,,112.9923
148567,,114.9607
148567,,116.0732
148567,,116.9055
148567,,116.6556
148567,,118.508
148567,,119.1966
148567,,119.5982
148567,,120.5392
148567,,122.1219
148567,,120.4543
148567,,119.9168
148567,,119.7333
148567,,118.7659
148567,,118.5496
148567,,116.3783
148567,,116.8569
148567,,115.7073
148567,,116.1902
148567,,117.589
148567,,117.8468
148567,,117.1641
148567,,116.5303
148567,,117.1845
148567,,117.8354
148567,,118.2675
148567,,118.2894
148567,,118.5625
148567,,118.5558
148567,,118.2192
148567,,122.6609
148567,,121.0231
148567,,121.545
148567,,120.5833
148567,,119.7449
148567,,119.2486
148567,,119.278
148567,,117.95
148567,,118.9058
148567,,119.1534
148567,,121.2561
148567,,121.6401
148567,,124.302
148567,,124.2406
148567,,123.6864
148567,,122.3229
148567,,122.4242
148567,,123.6901
148567,,122.3552
148567,,123.9376
148567,,125.3398
148567,,125.8443
148567,,126.3598
148567,,126.2175
148567,,126.3295
148567,,127.5736
148567,,128.6687
148567,,128.1755
148567,,127.5451
148567,,126.9458
148567,,126.1971
148567,,127.5237
148567,,127.7502
148567,,127.4982
148567,,127.597
148567,,127.9077
148567,,127.1331
148567,,125.6493
148567,,127.207
148567,,129.5427
148567,,130.3821
148567,,129.8957
148567,,131.3452
148567,,130.5502
148567,,131.4331
148567,,130.7304
148567,,131.432
148567,,130.3284
148567,,130.3679
148567,,131.9649
148567,,132.167
148567,,131.0691
148567,,132.6939
148567,,133.016
148567,,131.5032
148567,,130.7953
148567,,130.381
148567,,130.674
148567,,130.6586
148567,,131.2982
148567,,132.5296
148567,,133.0018
148567,,134.1285
148567,,133.8789
148567,,137.8986
148567,,147.3915
148567,,147.3593
148567,,148.6525
148567,,150.7305
148567,,150.9391
148567,,151.6266
148567,,153.0838
148567,,152.6689
148567,,151.6549
148567,,153.5274
148567,,154.0228
148567,,153.4166
148567,,153.6233
148567,,158.9112
148567,,161.9555
148567,,160.2775
148567,,161.0619
148567,,161.205
148567,,161.2476
148567,,162.1624
148567,,163.8364
148567,,164.6913
148567,,166.5811
148567,,166.2986
148567,,166.3132
148567,,164.9367
148567,,172.9222
148567,,172.1881
148567,,173.398
148567,,173.5528
148567,,171.926
148567,,169.88
148567,,168.8576
148567,,170.4301
148567,,167.6208
148567,,168.2019
148567,,168.6555
148567,,166.2575
148567,,165.1783
148567,,164.1035
148567,,164.2644
148567,,162.8334
148567,,162.2355
148567,,161.6697
148567,,160.7665
148567,,160.1241
148567,,162.2484
148567,,163.0751
148567,,163.9256
148567,,165.4805
148567,,166.9199
148567,,169.1177
148567,,170.0853
148567,,166.8122
148567,,165.8912
148567,,167.7842
148567,,166.091
148567,,166.9574
148567,,169.7493
148567,,173.0327
148567,,172.4402
148567,,172.5109
148567,,171.9976
148567,,172.0591
148567,,174.1302
148567,,172.0833
148567,,177.4724
148567,,180.1612
148567,,180.6609
148567,,182.2752
148567,,184.4376
148567,,184.8937
148567,,186.3223
148567,,186.4393
148567,,186.4497
148567,,185.4607
148567,,185.8398
148567,,189.0556
148567,,187.6536
148567,,190.4904
148567,,191.1729
148567,,189.8408
148567,,188.7518
148567,,187.5371
148567,,188.4508
148567,,188.442
148567,,188.1385
148567,,186.8431
148567,,184.3136
148567,,187.0813
148567,,186.7019
148567,,191.3173
148567,,192.725
148567,,201.7042
148567,,200.9702
148567,,202.8778
148567,,202.628
148567,,202.8945
148567,,204.2876
148567,,204.2868
148567,,201.1415
148567,,203.1007
148567,,205.4669
148567,,202.2798
148567,,200.5306
148567,,208.6998
148567,,207.7413
148567,,208.4044
148567,,210.3671
148567,,208.7511
148567,,209.1871
148567,,212.7797
148567,,212.2516
148567,,214.3714
148567,,214.2152
148567,,217.7544
148567,,214.728
148567,,214.9619
148567,,212.286
148567,,209.3603
148567,,210.0774
148567,,206.8432
148567,,204.4096
148567,,204.923
148567,,205.2108
148567,,204.2557
148567,,208.3526
148567,,213.3305
148567,,212.9435
148567,,214.7
148567,,216.5668
148567,,218.7057
148567,,215.2349
148567,,216.3883
148567,,217.3298
148567,,217.4678
148567,,220.4416
148567,,220.5432
148567,,217.8376
148567,,217.5206
148567,,219.8919
148567,,216.3797
148567,,216.3119
148567,,217.5246
148567,,223.7386
148567,,223.9214
148567,,224.0269
148567,,224.3461
148567,,222.3811
148567,,222.0471
148567,,219.7374
148567,,218.6527
148567,,221.0851
148567,,220.8468
148567,,222.1249
148567,,222.4656
148567,,221.8262
148567,,219.9753
148567,,219.3137
148567,,222.7556
148567,,219.2248
148567,,220.7681
148567,,222.829
148567,,225.431
148567,,224.0236
148567,,224.4942
148567,,225.9899
148567,,227.5795
148567,,228.5208
148567,,227.7801
148567,,229.8919
148567,,227.9218
148567,,228.3594
148567,,230.878
148567,,229.0084
148567,,229.6092
148567,,231.7581
148567,,232.3286
148567,,231.3768
148567,,231.5174
148567,,233.6007
148567,,234.2631
148567,,234.377
148567,,236.9011
148567,,232.3055
148567,,230.6062
148567,,231.8576
148567,,226.1347
148567,,226.6114
148567,,225.9165
148567,,230.2554
148567,,226.562
148567,,226.6499
148567,,223.0022
148567,,222.0382
148567,,218.8448
148567,,223.4459
148567,,222.8613
148567,,227.8639
148567,,229.7881
148567,,230.4602
148567,,227.3604
148567,,227.1112
148567,,226.2655
148567,,226.5529
148567,,228.7203
148567,,225.5497
148567,,224.785
148567,,223.2768
148567,,231.8399
148567,,233.9404
148567,,237.7598
148567,,239.0613
148567,,237.4103
148567,,238.1723
148567,,238.8236
148567,,240.6708
148567,,238.9474
148567,,241.7556
148567,,241.8915
148567,,243.8145
148567,,244.6075
148567,,243.6166
148567,,244.9927
148567,,244.8491
148567,,243.1793
148567,,243.396
148567,,242.8936
148567,,239.3131
148567,,239.6229
148567,,240.9762
148567,,239.9355
148567,,240.614
148567,,240.9678
148567,,243.3254
148567,,243.2284
148567,,244.3251
148567,,237.9369
148567,,236.558
148567,,233.8959
148567,,234.3102
148567,,229.9485
148567,,231.1814
148567,,232.643
148567,,229.4356
148567,,229.9402
148567,,231.1083
148567,,233.153
148567,,230.2708
148568,,83.48
148568,,83.1098
148568,,82.2203
148568,,81.63
148568,,82.6605
148568,,83.8894
148568,,84.1577
148568,,84.6608
148568,,85.1433
148568,,84.6187
148568,,84.8725
148568,,83.8216
148568,,83.065
148568,,81.4748
148568,,80.7924
148568,,80.5897
148568,,80.7523
148568,,80.7182
148568,,80.5373
148568,,80.1199
148568,,80.4459
148568,,79.3949
148568,,80.087
148568,,79.6624
148568,,82.0065
148568,,82.3643
148568,,83.4131
148568,,84.0171
148568,,84.3051
148568,,84.7155
148568,,83.7869
148568,,86.0382
148568,,86.5489
148568,,87.1503
148568,,87.1769
148568,,85.2321
148568,,85.055
148568,,85.1709
148568,,85.0901
148568,,85.3281
148568,,85.754
148568,,85.4259
148568,,85.934
148568,,86.3763
148568,,86.0842
148568,,84.6555
148568,,83.9538
148568,,85.3415
148568,,83.9471
148568,,85.12
148568,,83.6996
148568,,83.2987
148568,,83.9553
148568,,84.6527
148568,,83.9464
148568,,83.467
148568,,82.9079
148568,,83.1107
148568,,83.9237
148568,,84.1403
148568,,82.3518
148568,,83.0343
148568,,81.9617
148568,,81.4214
148568,,82.515
148568,,83.6749
148568,,84.6964
148568,,85.423
148568,,84.4651
148568,,85.1852
148568,,85.0623
148568,,84.7748
148568,,84.2437
148568,,84.1481
148568,,83.6688
148568,,83.862
148568,,83.7658
148568,,84.0022
148568,,82.828
148568,,82.9243
148568,,82.1713
148568,,82.7657
148568,,80.9775
148568,,81.685
148568,,82.3643
148568,,81.6502
148568,,81.7535
148568,,81.0623
148568,,81.4608
148568,,82.186
148568,,81.4061
148568,,85.6104
148568,,85.9256
148568,,85.8366
148568,,85.8355
148568,,86.9481
148568,,87.1279
148568,,87.3286
148568,,87.5412
148568,,87.2721
148568,,86.0937
148568,,87.5212
148568,,88.5213
148568,,89.6962
148568,,94.3341
148568,,93.8237
148568,,94.1793
148568,,94.4084
148568,,94.9066
148568,,93.2632
148568,,93.1738
148568,,93.7465
148568,,94.5126
148568,,95.3477
148568,,95.6464
148568,,95.3382
148568,,95.8784
148568,,95.6461
148568,,101.5542
148568,,100.125
148568,,100.4986
148568,,100.2382
148568,,101.1368
148568,,101.539
148568,,102.6134
148568,,104.9053
148568,,104.1265
148568,,105.1874
148568,,105.9777
148568,,108.1775
148568,,109.0143
148568,,112.4161
148568,,112.2826
148568,,114.1541
148568,,114.7713
148568,,114.3922
148568,,113.7307
148568,,114.1222
148568,,115.54
148568,,115.7701
148568,,115.6822
148568,,114.9428
148568,,115.4456
148568,,115.8859
148568,,119.0363
148568,,118.2179
148568,,120.5117
148568,,121.0496
148568,,120.0065
148568,,121.1179
148568,,121.4709
148568,,121.6154
148568,,122.8939
148568,,119.7711
148568,,117.6795
148568,,119.3978
148568,,119.3138
148568,,118.8724
148568,,124.1403
148568,,124.5585
148568,,123.9045
148568,,122.6944
148568,,121.3026
148568,,121.8577
148568,,122.5441
148568,,123.977
148568,,124.7552
148568,,126.1586
148568,,126.0678
148568,,127.1267
148568,,125.9249
148568,,126.1845
148568,,127.7699
148568,,128.7728
148568,,128.0499
148568,,126.3468
148568,,126.6859
148568,,126.0201
148568,,125.8698
148568,,124.1119
148568,,125.4954
148568,,125.4474
148568,,125.5913
148568,,122.7751
148568,,124.5142
148568,,124.3616
148568,,123.1292
148568,,122.9351
148568,,123.4425
148568,,127.0202
148568,,124.4217
148568,,123.0002
148568,,124.7032
148568,,122.8941
148568,,122.9792
148568,,122.4544
148568,,121.739
148568,,121.6002
148568,,128.1559
148568,,130.2219
148568,,129.4923
148568,,131.0667
148568,,132.0791
148568,,131.3477
148568,,131.7345
148568,,132.214
148568,,132.1034
148568,,131.9785
148568,,130.043
148568,,129.2196
148568,,132.8686
148568,,134.6951
148568,,134.6543
148568,,135.3426
148568,,135.7752
148568,,135.7219
148568,,135.7387
148568,,134.4595
148568,,134.5245
148568,,135.4939
148568,,135.9792
148568,,136.313
148568,,137.3945
148568,,139.7443
148568,,140.0632
148568,,138.5963
148568,,139.1454
148568,,141.8437
148568,,140.5337
148568,,139.9069
148568,,143.9682
148568,,142.8651
148568,,144.8157
148568,,144.5683
148568,,144.7421
148568,,144.6369
148568,,145.3453
148568,,141.4282
148568,,143.4339
148568,,142.4379
148568,,141.5138
148568,,139.051
148568,,137.9275
148568,,136.9755
148568,,138.192
148568,,139.9105
148568,,138.254
148568,,138.714
148568,,136.246
148568,,136.7046
148568,,141.4557
148568,,143.3651
148568,,143.9876
148568,,145.0305
148568,,146.1592
148568,,147.9435
148568,,147.9826
148568,,146.7338
148568,,146.7044
148568,,145.8075
148568,,145.0116
148568,,147.5383
148568,,148.5556
148568,,149.5107
148568,,148.2995
148568,,151.3717
148568,,152.8478
148568,,152.1585
148568,,153.0096
148568,,150.3073
148568,,150.6126
148568,,150.8372
148568,,149.5609
148568,,149.3468
148568,,148.3963
148568,,147.0956
148568,,148.1871
148568,,149.9165
148568,,147.9041
148568,,146.9689
148568,,148.3358
148568,,149.7367
148568,,148.0208
148568,,148.5621
148568,,149.1447
148568,,148.1721
148568,,148.7947
148568,,146.5305
148568,,145.2544
148568,,146.2209
148568,,148.5398
148568,,147.0535
148568,,146.5449
148568,,145.7387
148568,,148.1986
148568,,146.7303
148568,,148.3608
148568,,148.049
148568,,147.8292
148568,,148.5166
148568,,146.4954
148568,,145.4055
148568,,143.6834
148568,,143.219
148568,,142.2616
148568,,142.3256
148568,,143.0073
148568,,141.4736
148568,,141.2095
148568,,141.223
148568,,141.3723
148568,,141.2506
148568,,140.0079
148568,,140.5704
148568,,140.5909
148568,,140.608
148568,,139.165
148568,,132.6838
148568,,134.6508
148568,,134.5041
148568,,134.9145
148568,,134.6304
148568,,133.5292
148568,,133.062
148568,,131.5354
148568,,132.1286
148568,,131.7977
148568,,131.743
148568,,135.627
148568,,135.1576
148568,,140.8191
148568,,139.7458
148568,,140.9122
148568,,140.3164
148568,,141.8268
148568,,143.3156
148568,,143.2708
148568,,141.9178
148568,,141.4431
148568,,141.5062
148568,,142.8638
148568,,143.4115
148568,,144.2769
148568,,150.9563
148568,,149.888
148568,,150.5085
148568,,152.2654
148568,,154.6814
148568,,152.4379
148568,,152.5243
148568,,152.3243
148568,,154.8785
148568,,151.558
148568,,150.0558
148568,,152.3296
148568,,151.7004
148568,,149.7541
148568,,152.3219
148568,,152.9116
148568,,154.4838
148568,,150.9527
148568,,152.0144
148568,,152.8468
148568,,152.3838
148568,,155.4155
148568,,154.737
148568,,152.3386
148568,,153.6354
148568,,155.5751
148568,,159.1478
148568,,160.1171
148568,,159.8286
148568,,159.6659
148568,,158.9893
148568,,158.0435
148568,,158.3255
148568,,159.5084
148568,,162.2157
148568,,159.1428
148568,,155.3707
148568,,158.0385
148568,,158.2237
148568,,158.4928
148568,,163.8134
148568,,164.1159
148568,,162.2877
148568,,163.0488
148568,,165.5294
148568,,167.4084
148568,,166.2302
148568,,164.4802
148568,,166.9629
148568,,164.3495
148568,,165.0633
148568,,164.2179
148568,,168.4176
148568,,166.3464
148568,,162.0003
148568,,163.4786
148568,,165.9501
148568,,166.982
148568,,167.7227
148568,,167.9664
148568,,168.1598
148568,,171.1596
148568,,173.9566
148568,,173.0368
148568,,175.0857
148568,,172.2728
148568,,168.807
148568,,168.0996
148568,,168.8355
148568,,169.7124
148568,,171.2755
148568,,170.7026
148568,,170.989
148568,,172.5556
148568,,173.4677
148568,,172.5508
148568,,173.1758
148568,,169.8479
148568,,169.9492
148568,,169.0602
148568,,170.2405
148568,,170.1963
148568,,170.2113
148568,,170.8321
148568,,172.6614
148568,,173.2264
148568,,175.0878
148568,,175.274
148568,,173.5599
148568,,173.5072
148568,,175.6397
148568,,174.0805
148568,,175.4143
148568,,174.5775
148568,,177.64
148568,,180.7955
148568,,179.3483
148568,,177.2521
148568,,179.1149
148568,,179.688
148568,,180.7975
148568,,179.7153
148568,,179.5824
148568,,179.0658
148568,,179.7226
148568,,175.593
148568,,177.9504
148568,,176.9029
148568,,175.9911
148568,,176.5735
148568,,176.0796
148568,,176.8281
148568,,177.9123
148568,,176.6541
148568,,176.4323
148568,,176.2633
148568,,178.08
148568,,177.3525
148568,,171.6562
148568,,172.307
148568,,175.6609
148568,,174.9078
148568,,175.1916
148568,,172.5447
148568,,172.6965
148568,,172.5818
148568,,169.0797
148568,,167.4208
148568,,165.6455
148568,,163.126
148568,,162.035
148568,,167.4757
148568,,165.9841
148568,,168.9909
148568,,167.3288
148568,,168.0771
148568,,170.8415
148568,,168.8941
148568,,170.0113
148568,,168.4188
148568,,172.5206
148568,,169.3638
148568,,166.8927
148568,,165.115
148568,,163.4093
148568,,164.3673
148568,,168.994
148568,,167.0587
148568,,167.2011
148568,,167.3063
148568,,166.4034
148568,,165.2211
148568,,166.2526
148568,,167.1161
148568,,170.4084
148568,,172.8997
148568,,170.9334
148568,,170.7065
148568,,174.075
148568,,173.3177
148568,,174.0918
148568,,179.5609
148568,,182.5618
148568,,182.4346
148568,,185.1777
148568,,181.733
148568,,182.7664
148568,,183.8501
148568,,185.2727
148568,,184.4353
148568,,185.257
148568,,180.1155
148568,,179.8119
148568,,179.3181
148568,,180.477
148568,,181.1591
148568,,181.5621
148568,,184.6922
148568,,185.3053
148568,,184.6364
148568,,184.1975
148568,,182.8928
148568,,181.1324
148568,,178.72
148568,,180.1268
148568,,181.803
148568,,182.7994
148568,,184.6166
148568,,184.283
148568,,181.8164
148568,,182.856
148568,,183.4317
148568,,184.0578
148568,,181.6203
148568,,180.5596
148568,,178.9664
148568,,179.7953
148568,,180.6906
148568,,187.3571
148568,,190.7459
148568,,192.1207
148568,,192.0784
148568,,189.6138
148568,,190.0392
148568,,192.0963
148568,,191.8642
148568,,193.9652
148568,,194.7961
148568,,195.4853
148568,,194.9781
148568,,191.6242
148568,,192.0492
148568,,191.4429
148568,,189.4898
148568,,191.5363
148568,,191.9448
148568,,192.5916
148568,,191.1151
148568,,189.2318
148568,,189.0351
148568,,185.3203
148568,,186.8938
148568,,185.6828
148568,,185.2928
148568,,181.54
148568,,182.3394
148568,,182.9692
148568,,182.0311
148568,,180.6305
148568,,180.0539
148568,,178.5753
148568,,180.8698
148568,,179.6277
148568,,180.6543
148568,,182.6026
148568,,181.0957
148568,,181.8927
148568,,173.5253
148568,,174.252
148568,,174.5049
148568,,171.7682
148568,,173.588
148568,,173.2065
148568,,173.7319
148568,,177.7369
148568,,180.1637
148568,,180.6539
148568,,178.2771
148568,,175.9612
148568,,181.8855
148568,,181.8194
148568,,183.549
148568,,183.651
148568,,182.2402
148568,,184.7913
148568,,185.085
148568,,184.5404
148568,,184.9814
148568,,183.7224
148568,,184.6028
148568,,184.3476
148568,,182.9857
148568,,187.5339
148568,,185.7502
148568,,189.1452
148568,,187.6926
148568,,190.2705
148568,,191.5242
148568,,187.8537
148568,,187.2638
148568,,188.2017
148568,,188.3812
148568,,188.5661
148568,,187.5273
148568,,186.2956
148568,,185.8279
148568,,179.0904
148568,,180.1416
148568,,181.9324
148568,,183.5724
148568,,183.3707
148568,,183.4253
148568,,185.4193
148568,,188.619
148568,,186.3532
148568,,191.2608
148568,,188.8537
148568,,188.0884
148568,,188.3409
148568,,198.7656
148568,,197.2016
148568,,199.8465
148568,,199.8557
148568,,197.729
148568,,195.9364
148568,,197.1131
148568,,199.3277
148568,,200.4169
148568,,201.5214
148568,,200.0013
148568,,200.3078
148568,,199.7613
148568,,199.4879
148568,,194.5518
148568,,194.5725
148568,,193.871
148568,,193.5139
148568,,191.0438
148568,,191.4917
148568,,189.1733
148568,,188.6194
148568,,188.0696
148568,,189.6475
148568,,189.8364
148568,,194.0699
148568,,192.0251
148568,,190.0393
148568,,190.4111
148568,,191.2123
148568,,190.9
148568,,188.9474
148568,,191.1704
148568,,190.6131
148568,,191.7423
148568,,188.4581
148568,,190.8671
148568,,189.6671
148568,,200.9814
148568,,201.4246
148568,,201.2928
148568,,205.177
148568,,206.7973
148568,,206.4302
148568,,207.4375
148568,,206.3827
148568,,206.7303
148568,,209.3612
148568,,209.1444
148568,,207.4324
148568,,205.5431
148568,,205.8181
148568,,197.7277
148568,,197.2943
148568,,194.1395
148568,,196.4003
148568,,196.4847
148568,,197.0026
148568,,198.9448
148568,,200.7512
148568,,199.7098
148568,,201.0499
148568,,202.378
148568,,203.1444
148568,,205.451
148569,,29.8542
148569,,29.1504
148569,,29.354
148569,,28.8872
148569,,28.6877
148569,,28.9568
148569,,29.2321
148569,,29.6188
148569,,29.0012
148569,,29.1094
148569,,29.0453
148569,,29.3706
148569,,29.8553
148569,,28.8578
148569,,28.7973
148569,,29.2075
148569,,28.7899
148569,,28.311
148569,,28.6674
148569,,29.0704
148569,,28.6673
148569,,29.2204
148569,,29.3724
148569,,29.7206
148569,,29.1692
148569,,29.5757
148569,,30.3601
148569,,30.0794
148569,,30.1598
148569,,30.0481
148569,,30.8107
148569,,30.9906
148569,,31.3171
148569,,31.7336
148569,,31.7956
148569,,31.7498
148569,,32.2884
148569,,32.5766
148569,,33.3971
148569,,33.3505
148569,,33.703
148569,,33.7051
148569,,34.2024
148569,,34.0328
148569,,34.3231
148569,,34.1797
148569,,33.5325
148569,,33.1861
148569,,33.2487
148569,,33.9588
148569,,33.8109
148569,,33.1722
148569,,33.669
148569,,34.1438
148569,,33.835
148569,,33.5846
148569,,33.3519
148569,,33.3161
148569,,33.1129
148569,,33.0694
148569,,32.7802
148569,,33.075
148569,,32.7591
148569,,32.429
148569,,35.1604
148569,,35.7112
148569,,36.2789
148569,,36.2436
148569,,35.9974
148569,,35.8202
148569,,35.9998
148569,,35.579
148569,,35.4262
148569,,35.9033
148569,,36.1807
148569,,35.3001
148569,,34.8193
148569,,35.6535
148569,,35.9808
148569,,35.6719
148569,,35.7441
148569,,35.2578
148569,,35.0718
148569,,34.7669
148569,,34.9818
148569,,34.8088
148569,,34.69
148569,,34.8997
148569,,35.5387
148569,,36.3734
148569,,36.5717
148569,,36.7048
148569,,36.6759
148569,,36.4397
148569,,36.1656
148569,,36.009
148569,,35.4627
148569,,35.8846
148569,,35.0956
148569,,35.1788
148569,,34.8803
148569,,35.649
148569,,35.6775
148569,,34.8948
148569,,36.2103
148569,,36.6463
148569,,36.1866
148569,,36.1927
148569,,35.993
148569,,36.3392
148569,,35.9926
148569,,35.8553
148569,,35.8921
148569,,36.4888
148569,,36.3015
148569,,36.166
148569,,35.6674
148569,,35.3136
148569,,37.0929
148569,,36.8431
148569,,36.9899
148569,,37.8724
148569,,37.6321
148569,,37.5595
148569,,37.2771
148569,,37.0605
148569,,36.9215
148569,,36.5114
148569,,36.4287
148569,,36.4701
148569,,36.3332
148569,,36.8469
148569,,37.2006
148569,,37.4988
148569,,38.3993
148569,,38.181
148569,,38.785
148569,,39.2898
148569,,39.3325
148569,,40.1372
148569,,40.0965
148569,,40.1283
148569,,40.1483
148569,,39.6266
148569,,41.7454
148569,,41.617
148569,,41.793
148569,,41.2556
148569,,41.1791
148569,,40.8052
148569,,40.9425
148569,,41.3724
148569,,40.9336
148569,,41.2755
148569,,41.3869
148569,,41.7143
148569,,41.6293
148569,,41.9677
148569,,40.9693
148569,,42.5743
148569,,43.9547
148569,,44.6396
148569,,44.2335
148569,,44.9425
148569,,44.1333
148569,,44.8233
148569,,43.6372
148569,,43.5126
148569,,44.1041
148569,,44.3111
148569,,43.6392
148569,,45.5635
148569,,45.3504
148569,,46.0397
148569,,46.7213
148569,,46.4379
148569,,46.0845
148569,,46.9896
148569,,46.9641
148569,,46.9918
148569,,46.8911
148569,,47.5859
148569,,48.7183
148569,,49.0171
148569,,48.1376
148569,,47.9976
148569,,48.2396
148569,,47.5679
148569,,47.6854
148569,,47.8047
148569,,47.7455
148569,,47.3005
148569,,47.4487
148569,,47.4028
148569,,47.9304
148569,,47.2976
148569,,47.3817
148569,,46.7667
148569,,47.7196
148569,,47.8128
148569,,48.5125
148569,,48.3869
148569,,49.5252
148569,,49.0552
148569,,48.4927
148569,,47.8002
148569,,47.2055
148569,,46.4148
148569,,46.5472
148569,,47.0008
148569,,45.1275
148569,,45.0162
148569,,45.1304
148569,,45.3844
148569,,44.8154
148569,,45.7552
148569,,45.4186
148569,,45.6959
148569,,45.1685
148569,,45.2469
148569,,45.3433
148569,,46.1817
148569,,46.0924
148569,,47.2654
148569,,47.6672
148569,,47.5456
148569,,47.8505
148569,,49.1848
148569,,49.2519
148569,,49.789
148569,,49.5882
148569,,50.1878
148569,,50.7053
148569,,50.4028
148569,,50.8524
148569,,51.3321
148569,,51.7692
148569,,52.2117
148569,,52.3019
148569,,52.5513
148569,,51.8656
148569,,52.6016
148569,,52.8726
148569,,52.4178
148569,,52.2556
148569,,53.128
148569,,53.3948
148569,,52.8753
148569,,52.4626
148569,,52.8442
148569,,54.2217
148569,,54.2676
148569,,54.0947
148569,,54.2603
148569,,53.7533
148569,,54.2887
148569,,54.3153
148569,,53.4168
148569,,53.3161
148569,,52.995
148569,,51.3533
148569,,51.2962
148569,,51.8977
148569,,51.8667
148569,,50.8039
148569,,51.0897
148569,,50.6252
148569,,50.7315
148569,,49.9287
148569,,50.0057
148569,,49.9632
148569,,48.7174
148569,,49.5964
148569,,49.4512
148569,,49.3415
148569,,49.6524
148569,,49.6531
148569,,47.0248
148569,,47.2864
148569,,47.5074
148569,,47.2284
148569,,46.182
148569,,45.5973
148569,,46.2407
148569,,46.7039
148569,,46.6842
148569,,46.7914
148569,,46.305
148569,,46.9755
148569,,46.6411
148569,,45.8768
148569,,46.3825
148569,,46.2603
148569,,46.5936
148569,,47.1942
148569,,46.8321
148569,,46.099
148569,,45.9493
148569,,46.606
148569,,46.2278
148569,,46.759
148569,,46.6536
148569,,47.5658
148569,,48.7505
148569,,47.5326
148569,,48.5151
148569,,48.195
148569,,48.6498
148569,,50.0528
148569,,49.979
148569,,49.9161
148569,,50.2441
148569,,50.1191
148569,,50.8714
148569,,50.6799
148569,,50.6912
148569,,49.9419
148569,,49.7512
148569,,49.3033
148569,,48.925
148569,,49.7858
148569,,49.7321
148569,,49.4104
148569,,49.0435
148569,,48.7921
148569,,49.0985
148569,,48.2772
148569,,48.3548
148569,,48.6016
148569,,47.7333
148569,,48.7105
148569,,49.1776
148569,,48.8851
148569,,48.7042
148569,,48.0843
148569,,48.2922
148569,,48.8044
148569,,49.3544
148569,,48.6644
148569,,48.4922
148569,,49.1706
148569,,49.3204
148569,,49.3659
148569,,50.1017
148569,,50.0412
148569,,49.8142
148569,,50.5718
148569,,51.0041
148569,,51.0002
148569,,51.9912
148569,,52.5688
148569,,52.1462
148569,,50.9274
148569,,51.014
148569,,51.8043
148569,,52.1731
148569,,56.7264
148569,,56.8954
148569,,57.3279
148569,,57.4428
148569,,56.915
148569,,56.6653
148569,,57.2263
148569,,57.1072
148569,,57.1537
148569,,57.1375
148569,,56.6256
148569,,56.5532
148569,,56.7974
148569,,56.1472
148569,,55.9361
148569,,54.8532
148569,,53.9387
148569,,54.9728
148569,,54.593
148569,,54.9383
148569,,54.9034
148569,,54.9444
148569,,55.192
148569,,54.0039
148569,,54.8023
148569,,54.7748
148569,,54.5101
148569,,54.4024
148569,,53.3814
148569,,53.5243
148569,,53.2467
148569,,53.4739
148569,,53.0159
148569,,52.3645
148569,,53.0599
148569,,53.571
148569,,53.597
148569,,53.8787
148569,,54.3786
148569,,55.9998
148569,,56.7046
148569,,58.1118
148569,,58.4723
148569,,59.1244
148569,,58.7487
148569,,58.4652
148569,,58.3666
148569,,58.1478
148569,,57.3685
148569,,57.2944
148569,,57.842
148569,,57.0749
148569,,59.7101
148569,,59.7008
148569,,59.5285
148569,,59.4288
148569,,60.2169
148569,,60.1545
148569,,60.1315
148569,,61.4417
148569,,60.5971
148569,,60.8629
148569,,60.8566
148569,,60.7272
148569,,60.1438
148569,,59.7509
148569,,59.1494
148569,,59.6577
148569,,59.1489
148569,,58.3073
148569,,58.1472
148569,,58.0151
148569,,57.8486
148569,,57.6394
148569,,58.7265
148569,,57.6992
148569,,57.2113
148569,,56.9871
148569,,58.9414
148569,,58.4584
148569,,58.2892
148569,,58.073
148569,,57.4711
148569,,57.6628
148569,,59.0421
148569,,58.7622
148569,,59.617
148569,,59.0873
148569,,58.1552
148569,,58.8061
148569,,58.7011
148569,,59.5387
148569,,60.8323
148569,,61.7305
148569,,61.4793
148569,,62.1819
148569,,61.4727
148569,,61.0689
148569,,61.2538
148569,,61.5362
148569,,60.8835
148569,,62.1444
148569,,60.9413
148569,,61.0105
148569,,61.1726
148569,,58.6425
148569,,58.4857
148569,,58.4976
148569,,58.6678
148569,,57.4572
148569,,57.4711
148569,,56.9926
148569,,57.1594
148569,,57.5021
148569,,57.781
148569,,58.6889
148569,,60.1154
148569,,59.423
148569,,56.8938
148569,,57.4582
148569,,57.6391
148569,,57.3213
148569,,57.097
148569,,56.219
148569,,56.8605
148569,,56.4072
148569,,56.7417
148569,,56.1914
148569,,57.562
148569,,58.564
148569,,59.9124
148569,,61.3685
148569,,60.9868
148569,,61.4585
148569,,61.839
148569,,61.523
148569,,61.5732
148569,,61.7268
148569,,61.9181
148569,,62.4121
148569,,61.9041
148569,,63.754
148569,,63.6492
148569,,63.5955
148569,,64.9698
148569,,63.8014
148569,,64.0189
148569,,63.7055
148569,,64.6618
148569,,66.5771
148569,,67.6889
148569,,67.4664
148569,,67.8678
148569,,68.3185
148569,,69.5406
148569,,69.3277
148569,,68.6531
148569,,69.5304
148569,,71.4517
148569,,71.6913
148569,,72.5125
148569,,71.9949
148569,,71.094
148569,,70.875
148569,,69.8992
148569,,70.2453
148569,,68.7827
148569,,68.488
148569,,68.3166
148569,,67.5927
148569,,67.4087
148569,,68.7598
148569,,68.8515
148569,,68.6574
148569,,70.2742
148569,,70.4808
148569,,72.4672
148569,,71.416
148569,,71.2745
148569,,70.2754
148569,,70.2226
148569,,70.1662
148569,,69.8617
148569,,69.9408
148569,,69.6736
148569,,67.8235
148569,,67.0616
148569,,66.8024
148569,,66.1339
148569,,65.441
148569,,66.2771
148569,,65.3327
148569,,65.4213
148569,,66.6589
148569,,67.563
148569,,67.9092
148569,,67.9351
148569,,70.7412
148569,,71.3624
148569,,72.6584
148569,,71.9273
148569,,70.6354
148569,,71.0516
148569,,71.4465
148569,,70.4141
148569,,70.205
148569,,70.0301
148569,,70.6894
148569,,70.416
148569,,70.1273
148569,,70.2525
148569,,69.0524
148569,,67.851
148569,,68.2834
148569,,68.7461
148569,,68.6485
148569,,68.8291
148569,,69.4568
148569,,69.6195
148569,,70.2431
148569,,69.4086
148569,,69.7293
148569,,69.9128
148569,,70.8579
148569,,70.466
148569,,69.9074
148569,,70.0475
148569,,70.3502
148569,,69.674
148569,,70.0899
148569,,70.3989
148569,,69.8379
148569,,68.9933
148569,,68.4339
148569,,68.5713
148569,,68.5536
148569,,65.8781
148569,,66.5815
148569,,67.2757
148569,,68.6861
148569,,69.8423
148569,,69.6317
148569,,70.5029
148569,,70.4684
148569,,70.1866
148569,,69.6597
148569,,69.4989
148569,,69.783
148569,,71.0141
148569,,71.6101
148569,,71.0605
148569,,72.6802
148569,,73.4283
148569,,73.8717
148569,,73.849
148569,,75.9844
148569,,77.6147
148569,,77.6657
148569,,77.5511
148569,,78.1783
148569,,78.1735
148569,,79.2894
148569,,78.2641
148569,,75.2813
148569,,75.3442
148569,,76.3564
148569,,75.5508
148569,,74.0463
148569,,74.6533
148569,,74.3827
148569,,73.6168
148569,,74.096
148569,,72.5913
148569,,71.9677
148569,,70.1891
148569,,70.4232
148569,,76.15
148569,,76.0711
148569,,76.3151
148569,,74.4031
148569,,75.8427
148569,,76.2032
148569,,76.1579
148569,,76.9442
148569,,76.0191
148569,,75.6135
148569,,76.1052
148569,,76.1834
148569,,76.5912
148569,,76.8386
148569,,78.215
148569,,78.6217
148569,,78.1651
148569,,78.5186
148569,,78.7646
148569,,78.8583
148569,,79.3548
148569,,78.3215
148569,,76.6823
148569,,77.709
148569,,77.6429
148569,,79.5102
148569,,79.7131
148569,,79.4871
148569,,80.4588
148569,,81.5718
148569,,81.2405
148569,,81.5985
148569,,81.8471
148569,,82.2457
148569,,81.6132
148569,,82.664
148569,,83.2121
148569,,84.3374
148569,,81.9248
148569,,81.951
148569,,83.3786
148569,,84.7953
148569,,85.9951
148569,,86.8111
148569,,87.1551
148569,,88.2859
148569,,86.4531
148569,,87.4229
148569,,86.4276
148569,,85.6345
148569,,86.323
148569,,87.2343
148569,,89.7086
148569,,89.5828
148569,,90.3946
148569,,91.8791
148569,,91.6877
148569,,90.9007
148569,,92.8953
148569,,93.0662
148569,,91.4336
148569,,93.3272
148569,,94.5121
148569,,96.2003
148569,,97.7435
149322,,334.2366
149322,,333.5438
149322,,337.1008
149322,,335.5678
149322,,338.1478
149322,,334.4029
149322,,325.2684
149322,,325.0543
149322,,323.4771
149322,,321.137
149322,,318.4848
149322,,316.667
149322,,314.0836
149322,,308.3141
149322,,310.2194
149322,,306.9857
149322,,306.1171
149322,,307.0994
149322,,302.0629
149322,,305.6964
149322,,308.7343
149322,,303.2207
149322,,301.0345
149322,,301.4684
149322,,322.0955
149322,,322.9655
149322,,320.3394
149322,,318.1398
149322,,322.4648
149322,,324.5828
149322,,320.3233
149322,,315.9827
149322,,316.2156
149322,,318.1036
149322,,316.3702
149322,,311.8777
149322,,308.9576
149322,,313.6363
149322,,328.927
149322,,331.4686
149322,,334.0513
149322,,339.9511
149322,,339.512
149322,,343.2679
149322,,345.201
149322,,347.2574
149322,,346.7798
149322,,342.7187
149322,,343.9399
149322,,345.1785
149322,,343.6083
149322,,344.17
149322,,348.0115
149322,,349.2249
149322,,348.6745
149322,,350.094
149322,,353.6959
149322,,352.3266
149322,,350.8915
149322,,349.8061
149322,,348.0573
149322,,351.9384
149322,,349.7559
149322,,348.1276
149322,,341.9968
149322,,339.4194
149322,,333.7871
149322,,331.341
149322,,331.2926
149322,,330.7505
149322,,329.7129
149322,,328.9391
149322,,327.6464
149322,,327.7155
149322,,327.566
149322,,328.5308
149322,,328.1182
149322,,327.0344
149322,,333.3563
149322,,328.0625
149322,,329.0475
149322,,331.6478
149322,,328.9027
149322,,332.2014
149322,,327.5815
149322,,326.1393
149322,,331.2543
149322,,332.4672
149322,,331.7526
149322,,332.6631
149322,,336.365
149322,,346.6146
149322,,347.0796
149322,,349.7546
149322,,348.6365
149322,,350.6393
149322,,351.9446
149322,,343.2489
149322,,340.4087
149322,,341.2093
149322,,341.8824
149322,,341.9712
149322,,342.4174
149322,,346.2624
149322,,344.7774
149322,,338.9656
149322,,341.3296
149322,,342.7618
149322,,344.8109
149322,,347.8901
149322,,348.6181
149322,,348.1504
149322,,345.8478
149322,,344.6767
149322,,348.5435
149322,,346.1562
149322,,340.7508
149322,,337.9704
149322,,327.7987
149322,,331.4287
149322,,331.5869
149322,,334.4049
149322,,335.1398
149322,,334.5361
149322,,337.141
149322,,343.0535
149322,,341.5461
149322,,341.458
149322,,338.6623
149322,,339.3012
149322,,339.0084
149322,,350.7863
149322,,352.8903
149322,,354.9552
149322,,352.7599
149322,,349.943
149322,,349.0775
149322,,344.238
149322,,348.8708
149322,,357.4643
149322,,356.5739
149322,,354.7522
149322,,350.8556
149322,,347.6595
149322,,355.2275
149322,,354.0209
149322,,358.475
149322,,361.0856
149322,,363.576
149322,,364.9533
149322,,364.5322
149322,,362.4272
149322,,364.2807
149322,,365.8314
149322,,367.8556
149322,,363.0024
149322,,364.278
149322,,363.4752
149322,,374.6021
149322,,375.8949
149322,,372.5755
149322,,375.3376
149322,,372.4461
149322,,370.8224
149322,,371.4244
149322,,369.7169
149322,,367.3319
149322,,367.359
149322,,370.8371
149322,,373.9689
149322,,376.5035
149322,,377.6592
149322,,375.3379
149322,,377.2386
149322,,380.5945
149322,,382.2939
149322,,383.7993
149322,,386.5809
149322,,389.7797
149322,,387.3132
149322,,382.2924
149322,,383.4282
149322,,386.7663
149322,,393.5843
149322,,394.256
149322,,390.3981
149322,,385.9482
149322,,378.4887
149322,,378.6134
149322,,385.6819
149322,,379.166
149322,,378.746
149322,,378.2262
149322,,377.9142
149322,,382.3235
149322,,379.5354
149322,,373.269
149322,,371.7061
149322,,358.1152
149322,,358.4715
149322,,360.5161
149322,,361.6211
149322,,362.2706
149322,,359.8325
149322,,356.504
149322,,357.1848
149322,,354.3503
149322,,357.0259
149322,,356.8022
149322,,359.0342
149322,,363.7503
149322,,361.319
149322,,362.6293
149322,,366.3828
149322,,363.9126
149322,,361.9169
149322,,362.9001
149322,,364.5731
149322,,364.1234
149322,,365.6063
149322,,368.5589
149322,,369.3131
149322,,367.2572
149322,,390.9991
149322,,387.3583
149322,,391.5152
149322,,397.5852
149322,,395.7786
149322,,392.8715
149322,,392.9895
149322,,393.8152
149322,,392.8038
149322,,388.9147
149322,,394.2012
149322,,391.4247
149322,,389.8797
149322,,390.4565
149322,,385.0044
149322,,385.7613
149322,,388.2593
149322,,396.5117
149322,,399.809
149322,,401.0615
149322,,396.9493
149322,,397.7308
149322,,400.6592
149322,,400.459
149322,,398.8226
149322,,400.9815
149322,,397.7077
149322,,389.6194
149322,,388.584
149322,,385.3768
149322,,385.4026
149322,,396.4024
149322,,403.1537
149322,,399.8247
149322,,400.2637
149322,,399.3628
149322,,400.0697
149322,,403.5239
149322,,403.2719
149322,,400.9536
149322,,405.2729
149322,,383.0518
149322,,379.0064
149322,,381.0461
149322,,376.0773
149322,,374.3254
149322,,374.9594
149322,,374.0205
149322,,372.8819
149322,,370.704
149322,,366.93
149322,,365.0635
149322,,367.3762
149322,,366.1614
149322,,367.0268
149322,,369.1398
149322,,367.638
149322,,361.2836
149322,,357.4238
149322,,358.7452
149322,,365.2873
149322,,365.4051
149322,,369.8513
149322,,366.6088
149322,,364.7089
149322,,357.4431
149322,,358.7953
149322,,364.3309
149322,,360.2246
149322,,365.0207
149322,,368.5439
149322,,364.1652
149322,,363.7709
149322,,364.4803
149322,,366.9891
149322,,367.1398
149322,,369.8856
149322,,369.8455
149322,,372.0382
149322,,367.7668
149322,,367.8722
149322,,386.1782
149322,,382.6314
149322,,378.6341
149322,,382.1115
149322,,388.1618
149322,,388.7243
149322,,388.3553
149322,,392.0758
149322,,393.447
149322,,385.4113
149322,,389.0043
149322,,384.6431
149322,,384.8018
149322,,400.1479
149322,,404.3474
149322,,408.375
149322,,399.3404
149322,,400.6257
149322,,392.5482
149322,,392.6848
149322,,391.0587
149322,,388.3832
149322,,391.505
149322,,389.4773
149322,,389.6456
149322,,386.6542
149322,,395.3424
149322,,395.0812
149322,,395.9923
149322,,398.8012
149322,,400.9171
149322,,400.0407
149322,,404.3831
149322,,407.6869
149322,,415.5632
149322,,410.062
149322,,412.8214
149322,,417.2525
149322,,421.185
149322,,423.1642
149322,,420.4959
149322,,421.3354
149322,,424.0749
149322,,427.8643
149322,,432.1875
149322,,429.7243
149322,,425.6319
149322,,424.5666
149322,,426.0894
149322,,425.5368
149322,,412.3367
149322,,405.9548
149322,,401.4963
149322,,396.333
149322,,393.8507
149322,,398.9201
149322,,399.7244
149322,,401.2334
149322,,403.6584
149322,,405.9704
149322,,406.1037
149322,,403.0959
149322,,412.9645
149322,,412.1126
149322,,420.1214
149322,,419.9903
149322,,423.7682
149322,,423.4735
149322,,416.001
149322,,421.7727
149322,,418.3756
149322,,419.3877
149322,,414.7558
149322,,413.1044
149322,,411.7295
149322,,412.5752
149322,,409.6073
149322,,417.0482
149322,,417.3536
149322,,416.0478
149322,,415.9908
149322,,416.0245
149322,,425.2951
149322,,426.7344
149322,,418.6575
149322,,421.7281
149322,,424.0328
149322,,428.6116
149322,,431.1018
149322,,427.8964
149322,,431.4907
149322,,462.8762
149322,,466.6415
149322,,474.8556
149322,,477.7092
149322,,479.1774
149322,,484.7981
149322,,484.1104
149322,,480.1497
149322,,483.3884
149322,,482.0275
149322,,493.9666
149322,,495.3253
149322,,498.6932
149322,,491.5738
149322,,496.2789
149322,,495.3614
149322,,496.6878
149322,,487.2491
149322,,488.4687
149322,,484.2453
149322,,482.9958
149322,,476.6107
149322,,473.1623
149322,,472.7241
149322,,471.8358
149322,,475.7763
149322,,468.2437
149322,,461.2321
149322,,466.6095
149322,,469.0279
149322,,468.6336
149322,,468.9431
149322,,467.8669
149322,,471.1677
149322,,475.0012
149322,,477.7311
149322,,468.8075
149322,,469.1038
149322,,468.5743
149322,,475.7233
149322,,480.3066
149322,,481.5804
149322,,484.7821
149322,,481.8464
149322,,483.5419
149322,,485.2555
149322,,482.5652
149322,,487.0983
149322,,479.2712
149322,,480.3977
149322,,475.1913
149322,,471.1693
149322,,475.5295
149322,,465.9025
149322,,468.0894
149322,,463.2118
149322,,461.3169
149322,,459.6915
149322,,465.1558
149322,,463.3429
149322,,463.2607
149322,,461.7121
149322,,457.9643
149322,,454.0561
149322,,455.529
149322,,455.658
149322,,453.4954
149322,,449.8546
149322,,442.6127
149322,,444.1677
149322,,431.2925
149322,,436.4844
149322,,440.7025
149322,,437.4074
149322,,443.8062
149322,,452.1791
149322,,451.3232
149322,,453.1957
149322,,453.9748
149322,,469.6523
149322,,472.7922
149322,,472.7822
149322,,473.2358
149322,,470.2039
149322,,482.7759
149322,,481.0125
149322,,484.3658
149322,,492.8425
149322,,487.2918
149322,,490.1782
149322,,490.5313
149322,,498.6144
149322,,494.8875
149322,,491.8688
149322,,497.307
149322,,495.037
149322,,488.2319
149322,,488.2661
149322,,488.1839
149322,,485.6604
149322,,491.4264
149322,,494.1778
149322,,495.021
149322,,493.7034
149322,,501.5657
149322,,496.7411
149322,,487.6126
149322,,488.6075
149322,,484.6531
149322,,486.0918
149322,,488.9771
149322,,489.3951
149322,,495.8417
149322,,499.2815
149322,,499.3589
149322,,498.2023
149322,,506.2332
149322,,503.5483
149322,,502.6003
149322,,519.7604
149322,,525.7049
149322,,530.6978
149322,,527.6629
149322,,536.9127
149322,,528.8412
149322,,530.6679
149322,,521.3846
149322,,513.8307
149322,,518.3551
149322,,515.4702
149322,,521.4296
149322,,511.7898
149322,,512.2653
149322,,508.8998
149322,,512.1255
149322,,520.0193
149322,,515.7981
149322,,512.0067
149322,,506.9655
149322,,506.091
149322,,506.5855
149322,,506.9433
149322,,511.2363
149322,,513.2759
149322,,513.2749
149322,,513.7251
149322,,513.5979
149322,,507.5367
149322,,515.7841
149322,,506.2013
149322,,512.9842
149322,,514.1588
149322,,512.0521
149322,,505.7101
149322,,503.3031
149322,,502.8364
149322,,503.9614
149322,,510.6909
149322,,511.8846
149322,,507.3096
149322,,508.0803
149322,,505.902
149322,,508.4237
149322,,514.8867
149322,,512.684
149322,,516.3877
149322,,517.569
149322,,516.0862
149322,,516.3827
149322,,522.5971
149322,,522.0751
149322,,528.41
149322,,529.3186
149322,,535.2798
149322,,533.6807
149322,,527.2772
149322,,530.0108
149322,,531.977
149322,,527.8689
149322,,523.9968
149322,,528.6294
149322,,521.1074
149322,,523.9492
149322,,522.7677
149322,,525.625
149322,,546.0164
149322,,553.3416
149322,,553.9369
149322,,557.9158
149322,,558.423
149322,,559.4273
149322,,554.1713
149322,,553.3606
149322,,544.9518
149322,,544.5724
149322,,551.2334
149322,,555.3147
149322,,544.7195
149322,,545.216
149322,,546.4944
149322,,556.5557
149322,,557.1181
149322,,558.8493
149322,,569.3788
149322,,569.3532
149322,,578.3861
149322,,568.0307
149322,,562.53
149322,,559.5145
149322,,562.6938
149322,,571.8613
149322,,569.1829
149322,,596.9706
149322,,597.9341
149322,,591.0142
149322,,582.1967
149322,,581.027
149322,,582.9601
149322,,577.4881
149322,,580.4741
149322,,580.9926
149322,,584.6355
149322,,589.8358
149322,,597.1745
149322,,622.8712
149322,,616.2578
149322,,615.8946
149322,,623.1557
149322,,621.0245
149322,,616.8978
149322,,619.1612
149322,,623.0868
149322,,620.9628
149322,,618.0069
149322,,620.8425
149322,,615.0313
149322,,612.4348
149322,,650.6036
149322,,649.8966
149322,,647.0552
149322,,656.9438
149322,,658.5042
149322,,650.5366
149322,,641.1182
149322,,642.0855
149322,,643.1789
149322,,638.3278
149322,,630.1839
149322,,619.6872
149322,,615.8688
149322,,614.2185
149322,,630.0199
149322,,628.6917
149322,,631.6631
149322,,621.6138
149322,,617.8198
149322,,629.116
149322,,630.3875
149322,,627.5256
149322,,629.0159
149322,,626.1496
149322,,636.0061
149322,,613.7751
149322,,610.1763
149322,,606.3859
149322,,615.7712
149322,,619.0613
149322,,620.1715
149322,,597.4258
149322,,587.7588
149322,,591.8487
149322,,596.2522
149322,,592.6676
149322,,593.1181
149322,,593.198
149322,,591.6286
149322,,596.0642
149322,,601.5029
149322,,603.7401
149322,,605.2759
149322,,614.459
149322,,614.8032
149322,,618.3297
149322,,620.3985
149322,,619.7713
149322,,619.1808
149322,,626.765
149322,,626.5896
149322,,624.9661
149322,,605.8911
149322,,600.8596
149322,,603.5883
149322,,615.3466
149322,,612.8959
149322,,611.1375
149322,,608.3086
149322,,613.2436
149322,,615.8714
149322,,616.0989
149322,,609.8571
149322,,604.9862
149322,,606.2349
149323,,78.0491
149323,,77.0447
149323,,79.404
149323,,79.9879
149323,,79.987
149323,,79.7997
149323,,80.6105
149323,,80.2687
149323,,79.9677
149323,,81.425
149323,,81.0214
149323,,81.2082
149323,,80.527
149323,,83.061
149323,,82.6691
149323,,80.565
149323,,80.3901
149323,,80.7825
149323,,79.9043
149323,,80.1822
149323,,80.3684
149323,,80.6732
149323,,81.4959
149323,,81.4702
149323,,78.7649
149323,,77.8023
149323,,77.2946
149323,,78.0472
149323,,78.2868
149323,,79.4691
149323,,80.3325
149323,,80.0133
149323,,81.4548
149323,,83.0041
149323,,81.304
149323,,81.3898
149323,,80.9105
149323,,80.7131
149323,,80.0126
149323,,80.2538
149323,,80.0649
149323,,80.1845
149323,,81.6994
149323,,80.8811
149323,,78.5034
149323,,77.82
149323,,76.7537
149323,,77.7005
149323,,77.5896
149323,,78.4147
149323,,78.4976
149323,,83.5637
149323,,82.6835
149323,,82.0264
149323,,81.8108
149323,,80.7487
149323,,80.2334
149323,,81.3867
149323,,82.079
149323,,81.7219
149323,,82.5666
149323,,84.707
149323,,85.0824
149323,,86.5996
149323,,81.2671
149323,,79.6769
149323,,80.575
149323,,79.4961
149323,,80.0695
149323,,80.8621
149323,,81.5989
149323,,79.8483
149323,,80.9831
149323,,81.4465
149323,,82.2898
149323,,84.1687
149323,,85.03
149323,,83.8915
149323,,79.5165
149323,,79.1657
149323,,80.6064
149323,,81.0708
149323,,81.5111
149323,,81.1938
149323,,79.9063
149323,,79.9562
149323,,81.7598
149323,,82.0349
149323,,83.1914
149323,,84.4916
149323,,85.1168
149323,,80.8051
149323,,80.5964
149323,,78.3851
149323,,77.7406
149323,,78.6853
149323,,79.0442
149323,,79.4962
149323,,77.8286
149323,,77.4959
149323,,77.4408
149323,,77.9249
149323,,79.0212
149323,,79.9833
149323,,79.1616
149323,,78.4005
149323,,79.3566
149323,,79.6843
149323,,80.6266
149323,,82.2065
149323,,80.7866
149323,,80.1099
149323,,79.7491
149323,,79.8687
149323,,80.408
149323,,79.9903
149323,,79.3841
149323,,80.3525
149323,,78.5543
149323,,76.7502
149323,,76.0542
149323,,74.6628
149323,,74.6591
149323,,73.6876
149323,,74.3843
149323,,72.9664
149323,,74.0673
149323,,74.8632
149323,,73.9637
149323,,73.9302
149323,,73.2274
149323,,79.946
149323,,79.9335
149323,,78.8365
149323,,78.1699
149323,,77.3829
149323,,77.1102
149323,,77.2542
149323,,77.2066
149323,,77.4585
149323,,78.1295
149323,,77.7943
149323,,78.5374
149323,,79.6684
149323,,85.6989
149323,,85.3151
149323,,86.5547
149323,,85.5973
149323,,87.6131
149323,,89.049
149323,,89.2026
149323,,90.5555
149323,,91.3378
149323,,89.999
149323,,89.1842
149323,,89.5501
149323,,89.7818
149323,,91.2601
149323,,88.4205
149323,,88.4853
149323,,88.3958
149323,,87.766
149323,,88.7125
149323,,87.4496
149323,,87.2643
149323,,88.5293
149323,,87.7824
149323,,86.2205
149323,,84.1202
149323,,84.8509
149323,,85.657
149323,,82.626
149323,,83.6249
149323,,85.1683
149323,,86.2435
149323,,87.92
149323,,88.1713
149323,,87.5768
149323,,88.8867
149323,,90.4102
149323,,91.4848
149323,,92.2202
149323,,93.8328
149323,,99.3402
149323,,98.5185
149323,,100.0598
149323,,98.6881
149323,,97.6292
149323,,97.8917
149323,,95.0611
149323,,96.8983
149323,,96.9807
149323,,98.8509
149323,,101.0767
149323,,100.9577
149323,,102.6699
149323,,101.4438
149323,,102.0401
149323,,109.0254
149323,,111.2828
149323,,112.895
149323,,110.4841
149323,,112.552
149323,,114.085
149323,,114.3181
149323,,114.9014
149323,,115.6591
149323,,117.6581
149323,,117.1568
149323,,119.4826
149323,,115.9284
149323,,114.9829
149323,,115.487
149323,,116.9782
149323,,118.9657
149323,,118.8879
149323,,119.0642
149323,,120.261
149323,,119.2687
149323,,120.4063
149323,,120.1534
149323,,120.1258
149323,,120.2107
149323,,125.4124
149323,,126.7202
149323,,125.7864
149323,,126.8217
149323,,126.5972
149323,,125.7077
149323,,127.3273
149323,,129.1604
149323,,129.4469
149323,,130.2349
149323,,132.4053
149323,,131.869
149323,,132.5097
149323,,131.9874
149323,,127.8142
149323,,128.9815
149323,,127.8293
149323,,127.3468
149323,,128.0555
149323,,129.7373
149323,,129.232
149323,,128.4001
149323,,130.0066
149323,,131.0519
149323,,131.3739
149323,,133.3342
149323,,136.57
149323,,136.4497
149323,,137.7608
149323,,138.0514
149323,,138.221
149323,,137.3675
149323,,136.9899
149323,,134.8159
149323,,137.1762
149323,,137.1139
149323,,139.9274
149323,,139.8192
149323,,136.7642
149323,,136.1207
149323,,136.2083
149323,,137.1146
149323,,138.8708
149323,,139.9143
149323,,138.53
149323,,139.0334
149323,,139.7444
149323,,138.0684
149323,,135.933
149323,,136.7984
149323,,136.1484
149323,,138.7284
149323,,141.7113
149323,,142.6103
149323,,139.0877
149323,,139.7263
149323,,139.1462
149323,,136.9782
149323,,137.3375
149323,,134.5937
149323,,136.7083
149323,,137.6694
149323,,139.1589
149323,,137.6464
149323,,138.3275
149323,,137.3209
149323,,137.6589
149323,,135.7474
149323,,133.7429
149323,,132.5883
149323,,133.5238
149323,,133.8724
149323,,132.8138
149323,,133.9383
149323,,134.5152
149323,,135.4229
149323,,136.1479
149323,,135.1332
149323,,135.1017
149323,,132.2211
149323,,131.5038
149323,,134.347
149323,,134.3098
149323,,134.1567
149323,,133.7415
149323,,133.0188
149323,,133.3364
149323,,130.5475
149323,,130.0722
149323,,131.0043
149323,,131.7592
149323,,134.0938
149323,,135.5359
149323,,136.2917
149323,,138.6647
149323,,139.56
149323,,140.0708
149323,,140.0948
149323,,139.3392
149323,,141.1204
149323,,140.4958
149323,,143.2614
149323,,143.6232
149323,,143.8108
149323,,145.2228
149323,,144.1891
149323,,145.2809
149323,,138.613
149323,,138.8132
149323,,139.7402
149323,,140.7847
149323,,141.9808
149323,,143.2588
149323,,143.8286
149323,,144.0208
149323,,145.7296
149323,,147.043
149323,,144.5553
149323,,144.354
149323,,141.3669
149323,,134.316
149323,,133.6085
149323,,134.3944
149323,,133.9243
149323,,134.2884
149323,,134.8258
149323,,132.6319
149323,,133.4825
149323,,132.082
149323,,130.4251
149323,,129.383
149323,,130.7387
149323,,128.3448
149323,,130.6518
149323,,133.6102
149323,,133.2959
149323,,133.1294
149323,,132.8478
149323,,131.708
149323,,131.0526
149323,,129.5205
149323,,126.0979
149323,,125.3097
149323,,125.4295
149323,,126.4653
149323,,125.449
149323,,126.7404
149323,,128.0926
149323,,128.0421
149323,,129.1148
149323,,125.4076
149323,,124.8371
149323,,126.3462
149323,,124.3367
149323,,123.925
149323,,124.484
149323,,123.4041
149323,,123.4983
149323,,124.1535
149323,,124.6871
149323,,127.6228
149323,,127.8584
149323,,127.1404
149323,,129.3542
149323,,127.7132
149323,,127.4896
149323,,126.8007
149323,,124.1416
149323,,124.7525
149323,,124.5334
149323,,124.6649
149323,,124.4824
149323,,134.0783
149323,,133.7786
149323,,133.734
149323,,132.9247
149323,,134.1579
149323,,135.1996
149323,,134.738
149323,,136.9867
149323,,138.8523
149323,,142.0118
149323,,140.7706
149323,,140.6968
149323,,140.461
149323,,152.7379
149323,,151.9134
149323,,153.7217
149323,,151.7283
149323,,152.2907
149323,,154.3395
149323,,155.2411
149323,,154.2952
149323,,152.5601
149323,,154.8476
149323,,154.6266
149323,,153.0706
149323,,155.276
149323,,156.8776
149323,,170.3377
149323,,167.5905
149323,,170.8329
149323,,171.0733
149323,,170.6208
149323,,169.5708
149323,,170.0332
149323,,171.8014
149323,,170.9024
149323,,171.2791
149323,,178.4719
149323,,179.612
149323,,185.5845
149323,,188.0201
149323,,186.6034
149323,,189.104
149323,,188.8249
149323,,188.7721
149323,,188.3157
149323,,192.0434
149323,,191.1307
149323,,189.9442
149323,,188.1322
149323,,187.4305
149323,,187.9952
149323,,189.5654
149323,,187.7426
149323,,187.9392
149323,,192.3091
149323,,192.5419
149323,,195.7832
149323,,199.2594
149323,,196.2709
149323,,195.72
149323,,199.2001
149323,,199.7671
149323,,199.6236
149323,,201.5596
149323,,204.2892
149323,,194.3183
149323,,195.4926
149323,,196.0321
149323,,199.1774
149323,,198.0413
149323,,202.4419
149323,,205.1828
149323,,209.0076
149323,,209.7823
149323,,209.2183
149323,,208.0158
149323,,212.5682
149323,,215.522
149323,,221.8221
149323,,224.8243
149323,,227.109
149323,,227.2178
149323,,222.3564
149323,,216.1166
149323,,216.8465
149323,,213.9465
149323,,212.7401
149323,,212.3062
149323,,217.7956
149323,,218.2621
149323,,220.2996
149323,,221.7835
149323,,215.5923
149323,,208.4555
149323,,209.0036
149323,,210.4063
149323,,211.1459
149323,,212.2528
149323,,215.2423
149323,,211.1765
149323,,213.0968
149323,,210.5884
149323,,209.1165
149323,,209.5611
149323,,210.7374
149323,,202.9577
149323,,204.5686
149323,,202.6002
149323,,199.985
149323,,199.6136
149323,,199.981
149323,,200.7469
149323,,198.5772
149323,,198.3139
149323,,202.2053
149323,,199.4688
149323,,199.5339
149323,,200.8669
149323,,197.045
149323,,194.915
149323,,193.8171
149323,,196.5798
149323,,191.8991
149323,,195.3171
149323,,192.0534
149323,,190.5812
149323,,191.3556
149323,,192.872
149323,,193.6918
149323,,193.9321
149323,,193.0528
149323,,198.3449
149323,,197.6535
149323,,196.3739
149323,,196.6126
149323,,194.0891
149323,,196.001
149323,,200.9729
149323,,199.6751
149323,,196.0368
149323,,195.9297
149323,,196.803
149323,,198.0071
149323,,201.9778
149323,,204.0973
149323,,198.7723
149323,,200.2414
149323,,202.9657
149323,,203.7186
149323,,208.5679
149323,,206.9167
149323,,207.2993
149323,,209.5499
149323,,207.3211
149323,,207.6158
149323,,209.4136
149323,,211.8985
149323,,214.6347
149323,,216.1236
149323,,217.2268
149323,,215.8823
149323,,213.5685
149323,,213.1422
149323,,211.2691
149323,,212.9896
149323,,217.0695
149323,,218.6863
149323,,214.1438
149323,,212.6703
149323,,212.86
149323,,209.377
149323,,214.9864
149323,,214.9254
149323,,216.6563
149323,,220.3515
149323,,220.8498
149323,,219.7064
149323,,217.1726
149323,,222.6972
149323,,225.2795
149323,,226.5126
149323,,226.2156
149323,,230.7778
149323,,230.4928
149323,,225.5358
149323,,228.1038
149323,,226.4981
149323,,219.8331
149323,,221.0288
149323,,217.0632
149323,,219.6546
149323,,219.6916
149323,,219.0623
149323,,221.0295
149323,,216.6153
149323,,216.2427
149323,,227.216
149323,,228.7023
149323,,230.3036
149323,,227.3192
149323,,231.6079
149323,,234.4188
149323,,235.2662
149323,,236.1124
149323,,236.0132
149323,,234.5703
149323,,236.2352
149323,,234.1548
149323,,234.7358
149323,,235.1681
149323,,236.4142
149323,,242.5319
149323,,243.4241
149323,,241.4265
149323,,239.9517
149323,,242.7222
149323,,242.6382
149323,,242.7882
149323,,242.3778
149323,,245.4945
149323,,247.0824
149323,,243.7609
149323,,241.0932
149323,,225.0302
149323,,221.9407
149323,,220.2884
149323,,221.6175
149323,,221.0954
149323,,219.3332
149323,,220.7505
149323,,221.8928
149323,,218.7099
149323,,219.1059
149323,,215.87
149323,,219.0622
149323,,222.4643
149323,,221.8059
149323,,222.294
149323,,225.8116
149323,,220.5904
149323,,225.8732
149323,,225.0786
149323,,225.0206
149323,,228.7837
149323,,230.6065
149323,,232.2446
149323,,235.8921
149323,,235.5862
149323,,238.3526
149323,,234.9421
149323,,243.7654
149323,,246.8631
149323,,247.7833
149323,,250.3809
149323,,252.8183
149323,,250.0
149323,,252.0826
149323,,256.1155
149323,,254.2174
149323,,249.7618
149323,,246.4783
149323,,240.0733
149323,,237.7973
149323,,237.9413
149323,,237.8688
149323,,239.0445
149323,,239.735
149323,,243.4804
149323,,243.5687
149323,,241.9094
149323,,244.7814
149323,,245.9189
149323,,248.7028
149323,,248.5136
149323,,245.6733
149323,,244.7721
149323,,249.6422
149323,,249.4777
149323,,246.973
149323,,250.0464
149323,,248.0606
149323,,247.9042
149323,,245.4
149323,,246.1878
149323,,246.4713
149323,,246.552
149323,,247.1618
149323,,249.7613
149323,,246.5575
149323,,249.1424
149323,,248.8724
149323,,247.8385
149323,,250.4851
149323,,253.9879
149323,,252.1039
149323,,257.6666
149323,,252.3926
149323,,248.048
149323,,246.8691
149323,,246.0486
149323,,245.3651
149324,,82.2508
149324,,81.6983
149324,,80.1462
149324,,78.991
149324,,78.7704
149324,,79.4393
149324,,80.618
149324,,82.8108
149324,,83.8536
149324,,82.7679
149324,,82.5754
149324,,79.8788
149324,,79.5573
149324,,80.4354
149324,,82.0746
149324,,81.9518
149324,,82.6201
149324,,83.7929
149324,,82.457
149324,,84.5508
149324,,83.4603
149324,,82.7036
149324,,82.9061
149324,,84.2155
149324,,83.7703
149324,,83.4427
149324,,83.4166
149324,,84.6285
149324,,82.78
149324,,83.3056
149324,,84.9039
149324,,83.8912
149324,,84.0725
149324,,81.3438
149324,,82.5421
149324,,83.6558
149324,,83.7025
149324,,82.0427
149324,,79.2705
149324,,79.9894
149324,,78.8794
149324,,76.9947
149324,,77.9463
149324,,77.5914
149324,,78.4244
149324,,78.5124
149324,,78.3757
149324,,78.365
149324,,77.9919
149324,,77.4983
149324,,76.2324
149324,,83.808
149324,,85.2753
149324,,84.8414
149324,,84.9218
149324,,83.9751
149324,,83.3984
149324,,83.0128
149324,,81.9106
149324,,81.9009
149324,,82.4006
149324,,83.0303
149324,,82.0514
149324,,81.3427
149324,,83.2674
149324,,82.9357
149324,,83.4613
149324,,82.4376
149324,,82.9833
149324,,86.338
149324,,83.475
149324,,82.8917
149324,,84.0117
149324,,85.7724
149324,,83.9985
149324,,83.2311
149324,,82.546
149324,,81.7728
149324,,77.6764
149324,,77.3466
149324,,77.431
149324,,77.3209
149324,,77.3972
149324,,77.4675
149324,,78.5245
149324,,78.2398
149324,,77.4255
149324,,77.544
149324,,76.8662
149324,,76.8427
149324,,75.646
149324,,77.4441
149324,,75.9436
149324,,76.2243
149324,,76.7107
149324,,80.285
149324,,79.9539
149324,,79.1324
149324,,79.6404
149324,,78.5575
149324,,79.1349
149324,,79.1373
149324,,78.2717
149324,,78.9524
149324,,80.1842
149324,,81.7408
149324,,80.9352
149324,,80.4031
149324,,81.7693
149324,,82.7576
149324,,83.6182
149324,,83.177
149324,,81.388
149324,,80.551
149324,,79.3498
149324,,80.1498
149324,,80.5801
149324,,79.8937
149324,,80.6689
149324,,79.8806
149324,,80.9884
149324,,80.8914
149324,,79.1156
149324,,79.6782
149324,,79.0198
149324,,79.6336
149324,,83.1493
149324,,83.7247
149324,,84.6096
149324,,84.3454
149324,,82.9437
149324,,86.7837
149324,,88.1059
149324,,89.9319
149324,,90.0799
149324,,92.085
149324,,92.3981
149324,,93.8203
149324,,98.3696
149324,,102.369
149324,,102.1643
149324,,102.7272
149324,,101.1245
149324,,102.4938
149324,,106.0461
149324,,105.1162
149324,,106.333
149324,,105.4524
149324,,103.9392
149324,,103.8965
149324,,108.4776
149324,,109.9171
149324,,110.8165
149324,,110.0008
149324,,109.4321
149324,,106.9985
149324,,110.1626
149324,,110.7267
149324,,113.1887
149324,,113.8091
149324,,115.3926
149324,,113.8351
149324,,113.5311
149324,,112.1906
149324,,114.2754
149324,,116.7086
149324,,120.4691
149324,,121.2437
149324,,124.9672
149324,,123.7189
149324,,124.2487
149324,,120.4705
149324,,119.1219
149324,,122.4015
149324,,120.3014
149324,,120.4245
149324,,117.9081
149324,,118.6409
149324,,119.8015
149324,,121.2814
149324,,122.2852
149324,,125.1734
149324,,124.1944
149324,,119.4169
149324,,120.6032
149324,,117.1584
149324,,117.2391
149324,,115.9951
149324,,116.12
149324,,115.5267
149324,,118.8386
149324,,119.1031
149324,,119.8032
149324,,119.8247
149324,,120.8288
149324,,120.522
149324,,122.1057
149324,,121.4603
149324,,130.0963
149324,,129.1879
149324,,131.3104
149324,,134.5014
149324,,135.8521
149324,,139.0417
149324,,141.6548
149324,,141.1808
149324,,143.1763
149324,,140.4351
149324,,140.9702
149324,,138.4904
149324,,136.81
149324,,140.5866
149324,,140.1979
149324,,137.5628
149324,,136.0789
149324,,137.2304
149324,,137.1163
149324,,133.8732
149324,,132.9317
149324,,135.8245
149324,,136.5703
149324,,136.7914
149324,,136.0752
149324,,140.0007
149324,,143.1135
149324,,143.2627
149324,,142.8982
149324,,143.4979
149324,,141.0109
149324,,141.6258
149324,,145.5867
149324,,143.87
149324,,144.6025
149324,,144.6753
149324,,144.6897
149324,,144.6631
149324,,146.4274
149324,,139.3675
149324,,137.9931
149324,,138.1941
149324,,134.6914
149324,,132.3866
149324,,130.428
149324,,130.7048
149324,,131.7314
149324,,130.0056
149324,,128.1891
149324,,128.5804
149324,,128.9182
149324,,127.6157
149324,,128.9752
149324,,130.3691
149324,,128.3023
149324,,128.2539
149324,,131.8475
149324,,132.023
149324,,130.7014
149324,,128.0956
149324,,127.2281
149324,,125.1942
149324,,124.5272
149324,,125.7048
149324,,125.8878
149324,,125.0489
149324,,115.8592
149324,,115.9335
149324,,116.5816
149324,,115.4334
149324,,113.3665
149324,,112.8304
149324,,114.324
149324,,112.744
149324,,112.8653
149324,,111.7951
149324,,113.8991
149324,,113.0927
149324,,114.3777
149324,,109.5052
149324,,108.1814
149324,,108.5853
149324,,109.2218
149324,,112.0737
149324,,111.5151
149324,,109.9095
149324,,111.6062
149324,,112.3689
149324,,111.8258
149324,,111.9794
149324,,111.412
149324,,112.7312
149324,,110.3975
149324,,112.0339
149324,,109.6055
149324,,112.7605
149324,,113.8821
149324,,115.0509
149324,,115.149
149324,,118.4646
149324,,120.3787
149324,,119.7884
149324,,121.3316
149324,,120.0436
149324,,119.6193
149324,,122.5213
149324,,133.1338
149324,,135.6015
149324,,139.8753
149324,,139.1724
149324,,141.6508
149324,,141.8513
149324,,137.5772
149324,,134.686
149324,,135.7074
149324,,138.0045
149324,,139.4563
149324,,141.2789
149324,,147.2883
149324,,148.9398
149324,,149.2164
149324,,147.0716
149324,,151.8286
149324,,152.1963
149324,,149.1333
149324,,148.259
149324,,151.68
149324,,149.495
149324,,148.7763
149324,,151.7163
149324,,152.6696
149324,,149.8964
149324,,154.5245
149324,,149.4683
149324,,149.069
149324,,150.0906
149324,,149.2399
149324,,148.1395
149324,,147.4208
149324,,147.4925
149324,,144.6337
149324,,146.2757
149324,,140.392
149324,,141.7147
149324,,142.54
149324,,136.6056
149324,,138.4836
149324,,141.1431
149324,,141.6705
149324,,141.9731
149324,,141.3559
149324,,141.4318
149324,,144.2917
149324,,143.6315
149324,,145.2562
149324,,144.1782
149324,,146.6254
149324,,148.0971
149324,,160.4865
149324,,160.5635
149324,,160.23
149324,,160.4209
149324,,159.5204
149324,,164.1993
149324,,161.0864
149324,,163.1422
149324,,165.2087
149324,,163.9776
149324,,164.8878
149324,,168.3471
149324,,158.8483
149324,,164.5252
149324,,163.5134
149324,,164.6373
149324,,166.6076
149324,,166.645
149324,,165.9165
149324,,169.3061
149324,,169.5605
149324,,169.4646
149324,,171.7562
149324,,169.1414
149324,,165.9549
149324,,161.9033
149324,,163.5007
149324,,165.7141
149324,,167.7485
149324,,163.2472
149324,,162.8081
149324,,161.96
149324,,158.5719
149324,,161.5141
149324,,160.0339
149324,,158.3096
149324,,161.7286
149324,,162.2819
149324,,164.4306
149324,,161.5168
149324,,158.8499
149324,,158.3062
149324,,159.3843
149324,,155.1184
149324,,152.1566
149324,,151.918
149324,,150.0689
149324,,149.1084
149324,,149.1915
149324,,147.196
149324,,147.263
149324,,148.0849
149324,,138.0908
149324,,138.9333
149324,,138.5914
149324,,137.6803
149324,,138.1399
149324,,140.4306
149324,,141.7482
149324,,140.1933
149324,,137.1284
149324,,138.3756
149324,,135.9514
149324,,134.9433
149324,,135.4892
149324,,138.0783
149324,,141.8261
149324,,138.8914
149324,,141.4918
149324,,141.3469
149324,,144.6915
149324,,143.798
149324,,143.2496
149324,,140.8386
149324,,140.2719
149324,,137.6791
149324,,138.676
149324,,139.033
149324,,132.9004
149324,,136.7451
149324,,132.3538
149324,,132.4646
149324,,131.5016
149324,,127.7042
149324,,125.5715
149324,,124.7522
149324,,125.783
149324,,126.0672
149324,,123.5961
149324,,120.1821
149324,,121.0809
149324,,120.8145
149324,,125.9125
149324,,124.7123
149324,,127.3442
149324,,125.4606
149324,,125.0171
149324,,126.7145
149324,,127.4277
149324,,127.8755
149324,,130.2425
149324,,130.8913
149324,,129.8861
149324,,127.3726
149324,,128.4648
149324,,127.5788
149324,,129.2773
149324,,127.3315
149324,,128.5504
149324,,129.0063
149324,,129.1699
149324,,129.6393
149324,,130.6053
149324,,130.2531
149324,,130.004
149324,,131.3062
149324,,129.0785
149324,,126.5805
149324,,131.1941
149324,,131.1456
149324,,132.5615
149324,,134.3552
149324,,135.8393
149324,,132.6807
149324,,137.1173
149324,,142.5308
149324,,138.4299
149324,,139.6703
149324,,144.3693
149324,,146.7943
149324,,149.285
149324,,146.0685
149324,,148.0289
149324,,143.5548
149324,,142.1808
149324,,142.1969
149324,,139.1659
149324,,140.4197
149324,,141.1202
149324,,138.4644
149324,,141.5106
149324,,139.8018
149324,,142.5686
149324,,143.4353
149324,,145.8406
149324,,149.9556
149324,,148.4073
149324,,146.96
149324,,146.8975
149324,,148.5685
149324,,147.2513
149324,,149.4724
149324,,149.6819
149324,,149.9014
149324,,154.5286
149324,,155.098
149324,,155.1011
149324,,156.5227
149324,,159.2192
149324,,159.6733
149324,,162.395
149324,,165.7487
149324,,162.802
149324,,165.8248
149324,,171.4395
149324,,169.7503
149324,,169.4335
149324,,166.3241
149324,,171.4008
149324,,167.5655
149324,,166.6593
149324,,168.6523
149324,,171.1653
149324,,169.6868
149324,,171.2739
149324,,169.8153
149324,,164.9696
149324,,166.3072
149324,,171.98
149324,,168.9187
149324,,169.5446
149324,,173.2292
149324,,173.1022
149324,,169.4037
149324,,169.6718
149324,,174.5805
149324,,176.7689
149324,,176.109
149324,,174.5474
149324,,180.1852
149324,,180.7339
149324,,180.1597
149324,,176.171
149324,,173.7544
149324,,172.1559
149324,,173.5027
149324,,172.6828
149324,,166.5702
149324,,167.5429
149324,,167.3757
149324,,169.1923
149324,,171.2945
149324,,170.5888
149324,,171.7248
149324,,170.6657
149324,,174.3921
149324,,173.5604
149324,,173.1608
149324,,172.0372
149324,,170.211
149324,,175.9042
149324,,184.5617
149324,,185.5643
149324,,187.2776
149324,,186.602
149324,,185.0311
149324,,185.8545
149324,,184.6856
149324,,178.1825
149324,,176.0375
149324,,175.3148
149324,,172.5146
149324,,173.0763
149324,,171.173
149324,,198.2155
149324,,202.886
149324,,194.4953
149324,,201.9717
149324,,201.8162
149324,,209.6278
149324,,215.6114
149324,,218.4408
149324,,217.4537
149324,,218.1867
149324,,211.9062
149324,,215.2232
149324,,206.5771
149324,,208.734
149324,,205.4618
149324,,207.6548
149324,,210.2239
149324,,212.0325
149324,,220.6638
149324,,223.3973
149324,,227.0265
149324,,234.0376
149324,,237.3991
149324,,235.5534
149324,,240.4185
149324,,239.1122
149324,,235.6461
149324,,249.5291
149324,,244.7233
149324,,243.0729
149324,,245.3789
149324,,243.1003
149324,,251.6113
149324,,253.5872
149324,,254.2868
149324,,252.0901
149324,,255.9754
149324,,251.3554
149324,,252.8291
149324,,257.3927
149324,,261.8859
149324,,259.1422
149324,,263.6198
149324,,265.2696
149324,,262.4984
149324,,262.2973
149324,,258.268
149324,,255.6053
149324,,251.26
149324,,255.2965
149324,,255.2342
149324,,251.697
149324,,254.7195
149324,,248.8177
149324,,248.5472
149324,,253.3217
149324,,247.3933
149324,,245.9189
149324,,246.1328
149324,,250.524
149324,,252.9029
149324,,256.1274
149324,,258.7949
149324,,257.5033
149324,,264.4856
149324,,261.9344
149324,,247.357
149324,,245.556
149324,,248.4963
149324,,249.1367
149324,,251.2348
149324,,253.8964
149324,,254.7841
149324,,261.4393
149324,,259.4864
149324,,256.3844
149324,,249.5739
149324,,259.6706
149324,,260.9874
149324,,257.7427
149324,,260.0942
149324,,263.7058
149324,,265.4377
149324,,268.3284
149324,,271.649
149324,,270.1957
149324,,268.5915
149324,,278.4207
149324,,284.5432
149324,,284.5756
149324,,288.7272
149324,,291.9661
149324,,303.7606
149324,,312.1137
149324,,319.8141
149324,,324.3339
149324,,320.0778
149324,,321.8379
149324,,333.7248
149324,,336.6937
149324,,332.6546
149324,,334.7114
149324,,329.8233
149324,,325.6901
149324,,308.5766
149324,,300.4231
149324,,295.9534
149324,,295.9317
149324,,295.2747
149324,,294.8336
149324,,296.4326
149324,,288.9825
149324,,292.481
149324,,291.2707
149324,,288.8007
149324,,280.6873
149324,,279.7511
